Sales_Rank,Lead_ID,Lead_Score,Lead_Category,Predicted_Probability,Predicted_Converted,Actual_Converted,Lead Origin,Lead Source,Do Not Email,Do Not Call,TotalVisits,Total Time Spent on Website,Page Views Per Visit,Last Activity,Country,Specialization,What is your current occupation,What matters most to you in choosing a course,Search,Magazine,Newspaper Article,X Education Forums,Newspaper,Digital Advertisement,Through Recommendations,Receive More Updates About Our Courses,Tags,Lead Quality,Update me on Supply Chain Content,Get updates on DM Content,City,Asymmetrique Activity Index,Asymmetrique Profile Index,Asymmetrique Activity Score,Asymmetrique Profile Score,I agree to pay the amount through cheque,A free copy of Mastering The Interview,Last Notable Activity
1,1290,100,Hot,0.9981026,1,1,API,Organic Search,No,No,3.0,1557,3.0,SMS Sent,India,Human Resource Management,Working Professional,Better Career Prospects,No,No,No,No,No,No,No,No,Will revert after reading the email,Might be,No,No,,02.Medium,02.Medium,15.0,15.0,No,No,SMS Sent
2,7105,100,Hot,0.9959638,1,1,API,Olark Chat,No,No,10.0,1290,2.0,SMS Sent,India,Travel and Tourism,Unemployed,Better Career Prospects,No,No,No,No,No,No,No,No,Will revert after reading the email,High in Relevance,No,No,Other Cities of Maharashtra,02.Medium,02.Medium,15.0,13.0,No,Yes,SMS Sent
3,5801,100,Hot,0.9955238,1,1,Lead Add Form,Reference,No,No,0.0,0,0.0,SMS Sent,,"Banking, Investment And Insurance",Working Professional,Better Career Prospects,No,No,No,No,No,No,No,No,Will revert after reading the email,Might be,No,No,,,,,,No,No,SMS Sent
4,7636,100,Hot,0.99586797,1,1,Landing Page Submission,Google,No,No,9.0,1638,9.0,Email Opened,India,Business Administration,Working Professional,Better Career Prospects,No,No,No,No,No,No,No,No,Lost to EINS,Might be,No,No,Mumbai,02.Medium,01.High,15.0,18.0,No,No,Modified
5,1299,100,Hot,0.99566156,1,1,Lead Add Form,Reference,No,No,0.0,0,0.0,Email Opened,,Operations Management,Unemployed,Better Career Prospects,No,No,No,No,No,No,No,No,Will revert after reading the email,High in Relevance,No,No,Mumbai,02.Medium,01.High,14.0,20.0,No,No,Email Opened
6,5525,100,Hot,0.99541,1,1,API,Organic Search,No,No,19.0,1377,6.33,Email Opened,India,Hospitality Management,Working Professional,Better Career Prospects,No,No,No,No,No,No,No,No,Will revert after reading the email,Low in Relevance,No,No,Thane & Outskirts,01.High,02.Medium,16.0,14.0,No,No,Email Opened
7,6663,100,Hot,0.9966235,1,1,Lead Add Form,Reference,No,No,0.0,0,0.0,Email Opened,,Human Resource Management,Working Professional,Better Career Prospects,No,No,No,No,No,No,No,No,Will revert after reading the email,Low in Relevance,No,No,Mumbai,,,,,No,No,Email Opened
8,4935,100,Hot,0.996557,1,1,API,Google,No,No,6.0,1094,2.0,SMS Sent,India,Marketing Management,Working Professional,Better Career Prospects,No,No,No,No,No,No,No,No,Will revert after reading the email,Might be,No,No,,,,,,No,No,SMS Sent
9,7136,100,Hot,0.99571264,1,1,Landing Page Submission,Direct Traffic,No,No,4.0,1115,1.33,Page Visited on Website,India,Finance Management,Working Professional,Better Career Prospects,No,No,No,No,No,No,No,No,Closed by Horizzon,Low in Relevance,No,No,Thane & Outskirts,,,,,No,Yes,Page Visited on Website
10,4428,100,Hot,0.9956185,1,1,Landing Page Submission,Direct Traffic,No,No,8.0,1499,8.0,SMS Sent,India,Rural and Agribusiness,Working Professional,Better Career Prospects,No,No,No,No,No,No,No,No,Will revert after reading the email,Might be,No,No,Thane & Outskirts,,,,,No,No,SMS Sent
11,841,100,Hot,0.99751043,1,1,Lead Add Form,Reference,No,No,0.0,0,0.0,Email Opened,,Human Resource Management,Unemployed,Better Career Prospects,No,No,No,No,No,No,No,No,Closed by Horizzon,Low in Relevance,No,No,Other Cities,02.Medium,01.High,15.0,18.0,No,No,Modified
12,76,100,Hot,0.9959961,1,1,Landing Page Submission,Google,No,No,6.0,595,3.0,Email Opened,India,"Banking, Investment And Insurance",Working Professional,Better Career Prospects,No,No,No,No,No,No,No,No,Will revert after reading the email,Low in Relevance,No,No,Mumbai,02.Medium,01.High,14.0,20.0,No,No,Email Opened
13,5695,100,Hot,0.99532264,1,1,Lead Add Form,Reference,No,No,0.0,0,0.0,SMS Sent,,Human Resource Management,Working Professional,Better Career Prospects,No,No,No,No,No,No,No,No,Will revert after reading the email,Might be,No,No,,,,,,No,No,SMS Sent
14,808,100,Hot,0.99543923,1,1,Lead Add Form,Reference,No,No,0.0,0,0.0,Email Opened,,,Unemployed,Better Career Prospects,No,No,No,No,No,No,No,No,Closed by Horizzon,High in Relevance,No,No,,02.Medium,01.High,14.0,17.0,No,No,Email Opened
15,1577,100,Hot,0.9978389,1,1,Lead Add Form,Reference,No,No,0.0,0,0.0,Email Opened,,Operations Management,Unemployed,Better Career Prospects,No,No,No,No,No,No,No,No,Closed by Horizzon,Low in Relevance,No,No,Thane & Outskirts,02.Medium,01.High,14.0,19.0,No,No,Email Opened
16,8074,100,Hot,0.9981153,1,1,Lead Add Form,Reference,No,No,,1650,,Unreachable,,Business Administration,Working Professional,Better Career Prospects,No,No,No,No,No,No,No,No,Closed by Horizzon,High in Relevance,No,No,,02.Medium,01.High,14.0,19.0,No,No,Modified
17,2962,100,Hot,0.99535996,1,1,Lead Add Form,Reference,No,No,0.0,0,0.0,SMS Sent,,"Banking, Investment And Insurance",Unemployed,Better Career Prospects,No,No,No,No,No,No,No,No,Will revert after reading the email,High in Relevance,No,No,,,,,,No,No,SMS Sent
18,5802,100,Hot,0.99532264,1,1,Lead Add Form,Reference,No,No,0.0,0,0.0,SMS Sent,,Human Resource Management,Working Professional,Better Career Prospects,No,No,No,No,No,No,No,No,Will revert after reading the email,Might be,No,No,,,,,,No,No,SMS Sent
19,8434,100,Hot,0.99512,1,1,Lead Add Form,Reference,No,No,,1458,,,,,Unemployed,Better Career Prospects,No,No,No,No,No,No,No,No,Closed by Horizzon,High in Relevance,No,No,,02.Medium,01.High,14.0,17.0,No,No,Modified
20,1070,100,Hot,0.9963989,1,1,Landing Page Submission,Organic Search,No,No,5.0,957,5.0,SMS Sent,India,"Banking, Investment And Insurance",Working Professional,Better Career Prospects,No,No,No,No,No,No,No,No,Will revert after reading the email,Might be,No,No,Other Cities,02.Medium,02.Medium,15.0,16.0,No,Yes,SMS Sent
21,2533,100,Hot,0.9964265,1,1,Landing Page Submission,Google,No,No,4.0,784,4.0,Page Visited on Website,India,Human Resource Management,Working Professional,Better Career Prospects,No,No,No,No,No,No,No,No,Closed by Horizzon,High in Relevance,No,No,Mumbai,02.Medium,01.High,15.0,18.0,No,No,Modified
22,1748,100,Hot,0.99655294,1,1,Landing Page Submission,Direct Traffic,No,No,2.0,1232,2.0,SMS Sent,India,Supply Chain Management,Working Professional,Better Career Prospects,No,No,No,No,No,No,No,No,Will revert after reading the email,Might be,No,No,Mumbai,02.Medium,01.High,15.0,18.0,No,Yes,SMS Sent
23,8505,100,Hot,0.9961593,1,1,Landing Page Submission,Google,No,No,7.0,1721,3.5,SMS Sent,India,Business Administration,Working Professional,Better Career Prospects,No,No,No,No,No,No,No,No,Will revert after reading the email,Might be,No,No,Mumbai,02.Medium,01.High,14.0,18.0,No,No,SMS Sent
24,7036,100,Hot,0.9958385,1,1,API,Google,No,No,2.0,1311,1.0,SMS Sent,India,Marketing Management,Working Professional,Better Career Prospects,No,No,No,No,No,No,No,No,Will revert after reading the email,Might be,No,No,,,,,,No,No,SMS Sent
25,8867,100,Hot,0.9958198,1,1,Landing Page Submission,Google,No,No,4.0,1268,4.0,Email Opened,India,Business Administration,Working Professional,Better Career Prospects,No,No,No,No,No,No,No,No,Lost to EINS,Low in Relevance,No,No,Other Metro Cities,02.Medium,01.High,15.0,18.0,No,No,Email Opened
26,7927,100,Hot,0.997045,1,1,Lead Add Form,Reference,No,No,0.0,0,0.0,Email Opened,,Human Resource Management,Working Professional,Better Career Prospects,No,No,No,No,No,No,No,No,Closed by Horizzon,Low in Relevance,No,No,Tier II Cities,02.Medium,01.High,14.0,17.0,No,No,Email Opened
27,8089,100,Hot,0.99565387,1,1,Lead Add Form,Reference,No,No,0.0,0,0.0,SMS Sent,,Marketing Management,Working Professional,Better Career Prospects,No,No,No,No,No,No,No,No,Will revert after reading the email,Might be,No,No,,02.Medium,01.High,14.0,19.0,No,No,SMS Sent
28,482,100,Hot,0.9977296,1,1,Lead Add Form,Reference,No,No,0.0,0,0.0,Email Opened,,Human Resource Management,Unemployed,Better Career Prospects,No,No,No,No,No,No,No,No,Closed by Horizzon,Low in Relevance,No,No,Thane & Outskirts,02.Medium,01.High,15.0,19.0,No,No,Modified
29,8106,100,Hot,0.99565387,1,1,Lead Add Form,Reference,No,No,0.0,0,0.0,SMS Sent,,Supply Chain Management,Working Professional,Better Career Prospects,No,No,No,No,No,No,No,No,Will revert after reading the email,Might be,No,No,,02.Medium,01.High,14.0,19.0,No,No,SMS Sent
30,4782,100,Hot,0.99532264,1,1,Lead Add Form,Reference,No,No,0.0,0,0.0,SMS Sent,,Human Resource Management,Working Professional,Better Career Prospects,No,No,No,No,No,No,No,No,Will revert after reading the email,Might be,No,No,,,,,,No,No,SMS Sent
31,3424,100,Hot,0.9978393,1,1,Lead Add Form,Reference,No,No,,1540,,,,,Unemployed,Better Career Prospects,No,No,No,No,No,No,No,No,Closed by Horizzon,High in Relevance,No,No,,,,,,No,No,Modified
32,1368,100,Hot,0.99779993,1,1,Landing Page Submission,Direct Traffic,No,No,3.0,1346,3.0,Email Opened,Bahrain,Business Administration,Working Professional,Better Career Prospects,No,No,No,No,No,No,No,No,Will revert after reading the email,High in Relevance,No,No,Mumbai,02.Medium,01.High,15.0,20.0,No,No,Email Opened
33,3019,100,Hot,0.99535996,1,1,Lead Add Form,Reference,No,No,0.0,0,0.0,SMS Sent,,IT Projects Management,Unemployed,Better Career Prospects,No,No,No,No,No,No,No,No,Will revert after reading the email,High in Relevance,No,No,,,,,,No,No,SMS Sent
34,2856,100,Hot,0.9953962,1,1,API,Olark Chat,No,No,6.0,781,2.0,Email Opened,India,Operations Management,Unemployed,Better Career Prospects,No,No,No,No,No,No,No,No,Will revert after reading the email,Low in Relevance,No,No,Mumbai,02.Medium,01.High,15.0,18.0,No,Yes,Email Opened
35,4291,100,Hot,0.9974989,1,1,Landing Page Submission,Google,No,No,5.0,1125,5.0,Email Opened,India,Marketing Management,Unemployed,Better Career Prospects,No,No,No,No,No,No,No,No,Will revert after reading the email,Low in Relevance,No,No,Mumbai,02.Medium,01.High,15.0,20.0,No,No,Email Opened
36,7753,100,Hot,0.9975804,1,1,Landing Page Submission,Direct Traffic,No,No,6.0,745,1.5,Email Opened,India,Business Administration,Working Professional,Better Career Prospects,No,No,No,No,No,No,No,No,Closed by Horizzon,High in Relevance,No,No,Other Cities of Maharashtra,02.Medium,01.High,14.0,19.0,No,Yes,Email Opened
37,88,100,Hot,0.9953961,1,1,Lead Add Form,Reference,No,No,,1007,,,,Human Resource Management,Unemployed,Better Career Prospects,No,No,No,No,No,No,No,No,Closed by Horizzon,High in Relevance,No,No,Mumbai,02.Medium,01.High,14.0,20.0,No,No,Modified
38,1730,100,Hot,0.9953219,1,1,Landing Page Submission,Google,No,No,1.0,1716,1.0,Converted to Lead,India,"Banking, Investment And Insurance",Working Professional,Better Career Prospects,No,No,No,No,No,No,No,No,Will revert after reading the email,Low in Relevance,No,No,Mumbai,02.Medium,01.High,15.0,20.0,No,No,Modified
39,8070,100,Hot,0.99565387,1,1,Lead Add Form,Reference,No,No,0.0,0,0.0,SMS Sent,,Marketing Management,Working Professional,Better Career Prospects,No,No,No,No,No,No,No,No,Will revert after reading the email,Might be,No,No,,02.Medium,01.High,14.0,19.0,No,No,SMS Sent
40,8946,100,Hot,0.99672925,1,1,Landing Page Submission,Organic Search,No,No,10.0,1361,2.5,SMS Sent,India,Human Resource Management,Working Professional,Better Career Prospects,No,No,No,No,No,No,No,No,Will revert after reading the email,Might be,No,No,Other Metro Cities,02.Medium,01.High,15.0,18.0,No,Yes,SMS Sent
41,2378,100,Hot,0.995112,1,1,Lead Add Form,Welingak Website,No,No,13.0,979,3.25,Email Opened,India,Human Resource Management,Unemployed,Better Career Prospects,No,No,No,No,No,No,No,No,Closed by Horizzon,,No,No,Mumbai,02.Medium,01.High,15.0,17.0,No,Yes,Modified
42,2680,100,Hot,0.9968111,1,1,Lead Add Form,Reference,No,No,0.0,0,0.0,SMS Sent,,Business Administration,Working Professional,Better Career Prospects,No,No,No,No,No,No,No,No,Will revert after reading the email,Might be,No,No,,,,,,No,No,SMS Sent
43,120,100,Hot,0.9964349,1,1,Lead Add Form,Reference,No,No,,1111,,,,Marketing Management,Working Professional,Better Career Prospects,No,No,No,No,No,No,No,No,Closed by Horizzon,Low in Relevance,No,No,Other Cities,02.Medium,01.High,14.0,18.0,No,No,Modified
44,5795,100,Hot,0.9955238,1,1,Lead Add Form,Reference,No,No,0.0,0,0.0,SMS Sent,,Marketing Management,Working Professional,Better Career Prospects,No,No,No,No,No,No,No,No,Will revert after reading the email,Might be,No,No,,,,,,No,No,SMS Sent
45,1869,100,Hot,0.99770314,1,1,Landing Page Submission,Google,No,No,7.0,842,3.5,SMS Sent,India,Human Resource Management,Unemployed,Better Career Prospects,No,No,No,No,No,No,No,No,Will revert after reading the email,High in Relevance,No,No,Mumbai,02.Medium,01.High,15.0,20.0,No,No,SMS Sent
46,9062,100,Hot,0.9970669,1,1,Landing Page Submission,Organic Search,No,No,8.0,1332,4.0,Email Opened,India,Travel and Tourism,Working Professional,Better Career Prospects,No,No,No,No,No,No,No,No,Will revert after reading the email,Low in Relevance,No,No,Other Cities of Maharashtra,02.Medium,01.High,15.0,17.0,No,Yes,Email Opened
47,2273,100,Hot,0.99735296,1,1,Lead Add Form,Reference,No,No,0.0,0,0.0,SMS Sent,,,Unemployed,Better Career Prospects,No,No,No,No,No,No,No,No,Closed by Horizzon,High in Relevance,No,No,,02.Medium,01.High,15.0,17.0,No,No,Modified
48,3425,100,Hot,0.9963952,1,1,Lead Add Form,Welingak Website,No,No,0.0,0,0.0,Email Opened,,,Unemployed,Better Career Prospects,No,No,No,No,No,No,No,No,Closed by Horizzon,,No,No,,,,,,No,No,Modified
49,2989,100,Hot,0.9953343,1,1,Landing Page Submission,Direct Traffic,No,No,8.0,1495,4.0,Email Opened,India,Operations Management,Unemployed,Better Career Prospects,No,No,No,No,No,No,No,No,Closed by Horizzon,,No,No,Mumbai,02.Medium,01.High,15.0,18.0,No,Yes,Modified
50,8362,100,Hot,0.99588287,1,1,Landing Page Submission,Direct Traffic,No,No,3.0,541,3.0,Email Opened,Saudi Arabia,Supply Chain Management,Working Professional,Better Career Prospects,No,No,No,No,No,No,No,No,Will revert after reading the email,Low in Relevance,No,No,Other Cities of Maharashtra,02.Medium,01.High,15.0,19.0,No,Yes,Email Opened
51,2376,100,Hot,0.99649113,1,1,Lead Add Form,Reference,No,No,0.0,0,0.0,SMS Sent,,,Unemployed,Better Career Prospects,No,No,No,No,No,No,No,No,Will revert after reading the email,Low in Relevance,No,No,,02.Medium,01.High,15.0,17.0,No,No,SMS Sent
52,6550,100,Hot,0.9985134,1,1,Lead Add Form,Reference,No,No,0.0,0,0.0,Email Opened,,Operations Management,Unemployed,Better Career Prospects,No,No,No,No,No,No,No,No,Closed by Horizzon,High in Relevance,No,No,Other Cities of Maharashtra,,,,,No,No,Modified
53,4123,100,Hot,0.99753654,1,1,Lead Add Form,Reference,No,No,6.0,1812,2.0,Page Visited on Website,India,Marketing Management,Unemployed,Better Career Prospects,No,No,No,No,No,No,No,No,Closed by Horizzon,High in Relevance,No,No,Mumbai,,,,,No,Yes,Page Visited on Website
54,1542,100,Hot,0.99747306,1,1,API,Google,No,No,4.0,1272,4.0,SMS Sent,India,Marketing Management,Working Professional,Better Career Prospects,No,No,No,No,No,No,No,No,Will revert after reading the email,Might be,No,No,,02.Medium,02.Medium,15.0,16.0,No,No,SMS Sent
55,1365,100,Hot,0.9961887,1,1,Lead Add Form,Welingak Website,No,No,0.0,0,0.0,Email Opened,,,Unemployed,Better Career Prospects,No,No,No,No,No,No,No,No,Lost to EINS,,No,No,,02.Medium,02.Medium,14.0,15.0,No,No,Modified
56,662,100,Hot,0.99664426,1,1,Lead Add Form,Reference,No,No,0.0,0,0.0,Email Opened,,Marketing Management,Unemployed,Better Career Prospects,No,No,No,No,No,No,No,No,Will revert after reading the email,High in Relevance,No,No,Mumbai,02.Medium,01.High,15.0,20.0,No,No,Email Opened
57,7682,100,Hot,0.9962858,1,1,Lead Add Form,Reference,No,No,0.0,0,0.0,Email Opened,,IT Projects Management,Unemployed,Better Career Prospects,No,No,No,No,No,No,No,No,Closed by Horizzon,Low in Relevance,No,No,Mumbai,02.Medium,01.High,14.0,17.0,No,No,Email Opened
58,5548,100,Hot,0.99615884,1,1,API,Google,No,No,3.0,887,1.0,SMS Sent,India,Human Resource Management,Working Professional,Better Career Prospects,No,No,No,No,No,No,No,No,Will revert after reading the email,Might be,No,No,,,,,,No,No,SMS Sent
59,6913,100,Hot,0.9956577,1,1,API,Organic Search,No,No,3.0,1584,1.5,Email Link Clicked,India,Finance Management,Working Professional,Better Career Prospects,No,No,No,No,No,No,No,No,Closed by Horizzon,Might be,No,No,Mumbai,,,,,No,No,Modified
60,2132,100,Hot,0.9976478,1,1,Lead Add Form,Reference,No,No,0.0,0,0.0,Email Opened,,Human Resource Management,Working Professional,Better Career Prospects,No,No,No,No,No,No,No,No,Closed by Horizzon,High in Relevance,No,No,,02.Medium,01.High,15.0,19.0,No,No,Modified
61,4050,100,Hot,0.99543023,1,1,Lead Add Form,Reference,No,No,0.0,0,0.0,SMS Sent,,Business Administration,Unemployed,Better Career Prospects,No,No,No,No,No,No,No,No,Will revert after reading the email,High in Relevance,No,No,Thane & Outskirts,,,,,No,No,SMS Sent
62,2402,100,Hot,0.9980725,1,1,Landing Page Submission,Google,No,No,6.0,866,2.0,Email Opened,India,Marketing Management,Unemployed,Better Career Prospects,No,No,No,No,No,No,No,No,Will revert after reading the email,Low in Relevance,No,No,Mumbai,01.High,01.High,16.0,20.0,No,No,Email Opened
63,5426,100,Hot,0.9967133,1,1,Landing Page Submission,Google,No,No,2.0,910,2.0,Olark Chat Conversation,India,Supply Chain Management,Unemployed,Better Career Prospects,No,No,No,No,No,No,No,No,Closed by Horizzon,High in Relevance,No,No,Mumbai,02.Medium,01.High,15.0,20.0,No,No,Modified
64,785,100,Hot,0.9954462,1,1,API,Google,No,No,3.0,717,1.5,Email Opened,India,Operations Management,Working Professional,Better Career Prospects,No,No,No,No,No,No,No,No,Will revert after reading the email,Low in Relevance,No,No,Mumbai,02.Medium,01.High,15.0,18.0,No,No,Modified
65,5206,100,Hot,0.99520326,1,1,API,Organic Search,No,No,11.0,591,3.67,Email Opened,India,Rural and Agribusiness,Working Professional,Better Career Prospects,No,No,No,No,No,No,No,No,Closed by Horizzon,High in Relevance,No,No,Other Cities,01.High,02.Medium,16.0,13.0,No,Yes,Modified
66,846,100,Hot,0.99530953,1,1,Lead Add Form,Reference,No,No,0.0,0,0.0,Email Opened,,Finance Management,Unemployed,Better Career Prospects,No,No,No,No,No,No,No,No,Will revert after reading the email,High in Relevance,No,No,Thane & Outskirts,02.Medium,01.High,15.0,19.0,No,No,Email Opened
67,7652,100,Hot,0.9958221,1,1,Landing Page Submission,Organic Search,No,No,4.0,1462,4.0,SMS Sent,India,Finance Management,Working Professional,Better Career Prospects,No,No,No,No,No,No,No,No,Will revert after reading the email,Might be,No,No,Other Cities of Maharashtra,01.High,01.High,16.0,17.0,No,Yes,SMS Sent
68,2656,100,Hot,0.99688333,1,1,Lead Add Form,Reference,No,No,,1721,,,,Operations Management,Working Professional,Better Career Prospects,No,No,No,No,No,No,No,No,Lost to EINS,Might be,No,No,,,,,,No,No,Modified
69,8060,100,Hot,0.99565387,1,1,Lead Add Form,Reference,No,No,0.0,0,0.0,SMS Sent,,Supply Chain Management,Working Professional,Better Career Prospects,No,No,No,No,No,No,No,No,Will revert after reading the email,Might be,No,No,,02.Medium,01.High,14.0,19.0,No,No,SMS Sent
70,2197,100,Hot,0.9967152,1,1,API,Google,No,No,3.0,739,3.0,Email Opened,India,Business Administration,Student,Better Career Prospects,No,No,No,No,No,No,No,No,Will revert after reading the email,Low in Relevance,No,No,Mumbai,02.Medium,01.High,15.0,18.0,No,No,Email Opened
71,2852,100,Hot,0.9961622,1,1,Landing Page Submission,Organic Search,No,No,7.0,1074,3.5,SMS Sent,India,Operations Management,Working Professional,Better Career Prospects,No,No,No,No,No,No,No,No,Will revert after reading the email,Not Sure,No,No,Mumbai,02.Medium,01.High,15.0,18.0,No,Yes,SMS Sent
72,7098,100,Hot,0.9966815,1,1,Landing Page Submission,Google,No,No,8.0,1775,2.67,Email Opened,India,Business Administration,Working Professional,Better Career Prospects,No,No,No,No,No,No,No,No,Closed by Horizzon,Might be,No,No,Thane & Outskirts,,,,,No,No,Email Opened
73,2356,100,Hot,0.9952864,1,1,API,Google,No,No,6.0,1411,1.5,Email Opened,India,"Banking, Investment And Insurance",Unemployed,Better Career Prospects,No,No,No,No,No,No,No,No,Will revert after reading the email,Low in Relevance,No,No,Mumbai,02.Medium,01.High,15.0,18.0,No,No,Email Opened
74,4940,100,Hot,0.99642307,1,1,API,Google,No,No,4.0,926,4.0,SMS Sent,India,Marketing Management,Working Professional,Better Career Prospects,No,No,No,No,No,No,No,No,Will revert after reading the email,Might be,No,No,Mumbai,,,,,No,Yes,SMS Sent
75,3926,100,Hot,0.9952077,1,1,Landing Page Submission,Direct Traffic,No,No,2.0,1520,2.0,SMS Sent,India,Marketing Management,Working Professional,Better Career Prospects,No,No,No,No,No,No,No,No,Will revert after reading the email,Might be,No,No,Mumbai,,,,,No,Yes,SMS Sent
76,2067,100,Hot,0.99655664,1,1,Landing Page Submission,Google,No,No,8.0,1391,2.67,Email Opened,India,Business Administration,Working Professional,Better Career Prospects,No,No,No,No,No,No,No,No,Will revert after reading the email,High in Relevance,No,No,Mumbai,02.Medium,01.High,14.0,20.0,No,No,Email Opened
77,4194,100,Hot,0.9954739,1,1,Lead Add Form,Reference,No,No,0.0,0,0.0,Email Opened,,,Unemployed,Better Career Prospects,No,No,No,No,No,No,No,No,Closed by Horizzon,Low in Relevance,No,No,Other Metro Cities,,,,,No,No,Email Opened
78,3286,100,Hot,0.9963952,1,1,Lead Add Form,Welingak Website,No,No,0.0,0,0.0,Email Opened,,,Unemployed,Better Career Prospects,No,No,No,No,No,No,No,No,Closed by Horizzon,,No,No,,,,,,No,No,Modified
79,5720,100,Hot,0.99545527,1,1,Landing Page Submission,Direct Traffic,No,No,4.0,1559,4.0,Email Opened,India,Human Resource Management,Unemployed,Better Career Prospects,No,No,No,No,No,No,No,No,Closed by Horizzon,High in Relevance,No,No,Thane & Outskirts,,,,,No,No,Modified
80,2418,100,Hot,0.99520206,1,1,Landing Page Submission,Google,No,No,8.0,1524,2.67,Olark Chat Conversation,India,Human Resource Management,Student,Better Career Prospects,No,No,No,No,No,No,No,No,Will revert after reading the email,Low in Relevance,No,No,Mumbai,02.Medium,01.High,15.0,20.0,No,No,Modified
81,693,100,Hot,0.9969656,1,1,API,Google,No,No,4.0,811,1.33,Email Link Clicked,United States,Operations Management,Working Professional,Better Career Prospects,No,No,No,No,No,No,No,No,Closed by Horizzon,Low in Relevance,No,No,Mumbai,02.Medium,01.High,14.0,18.0,No,Yes,Email Link Clicked
82,8082,100,Hot,0.9951799,1,1,Lead Add Form,Reference,No,No,0.0,0,0.0,Email Opened,,Business Administration,Working Professional,Better Career Prospects,No,No,No,No,No,No,No,No,Will revert after reading the email,Might be,No,No,,02.Medium,01.High,14.0,19.0,No,No,Email Opened
83,2936,100,Hot,0.99551046,1,1,Landing Page Submission,Direct Traffic,No,No,7.0,1290,7.0,Email Opened,India,Human Resource Management,Unemployed,Better Career Prospects,No,No,No,No,No,No,No,No,Closed by Horizzon,High in Relevance,No,No,Mumbai,02.Medium,01.High,15.0,20.0,No,Yes,Modified
84,8261,100,Hot,0.9974457,1,1,Landing Page Submission,Direct Traffic,No,No,3.0,1102,3.0,Email Opened,India,Human Resource Management,Working Professional,Better Career Prospects,No,No,No,No,No,No,No,No,Will revert after reading the email,Low in Relevance,No,No,Mumbai,02.Medium,01.High,15.0,18.0,No,Yes,Email Opened
85,1566,100,Hot,0.9962174,1,1,Landing Page Submission,Google,No,No,14.0,1241,3.5,Email Opened,India,Operations Management,Working Professional,Better Career Prospects,No,No,No,No,No,No,No,No,Will revert after reading the email,Might be,No,No,Mumbai,01.High,01.High,16.0,20.0,No,No,Email Opened
86,5698,100,Hot,0.99701715,1,1,Lead Add Form,Reference,No,No,0.0,0,0.0,Page Visited on Website,,"Banking, Investment And Insurance",Working Professional,Better Career Prospects,No,No,No,No,No,No,No,No,Closed by Horizzon,High in Relevance,No,No,,,,,,No,No,Page Visited on Website
87,3069,100,Hot,0.9955238,1,1,Lead Add Form,Reference,No,No,0.0,0,0.0,SMS Sent,,Marketing Management,Working Professional,Better Career Prospects,No,No,No,No,No,No,No,No,Will revert after reading the email,Might be,No,No,,,,,,No,No,SMS Sent
88,1758,100,Hot,0.9955462,1,1,Lead Add Form,Welingak Website,No,No,0.0,0,0.0,Email Opened,,Human Resource Management,Unemployed,Better Career Prospects,No,No,No,No,No,No,No,No,Will revert after reading the email,High in Relevance,No,No,Other Cities of Maharashtra,02.Medium,01.High,14.0,17.0,No,No,Email Opened
89,2543,100,Hot,0.99630666,1,1,Lead Add Form,Reference,No,No,0.0,0,0.0,Email Opened,,Media and Advertising,Unemployed,Better Career Prospects,No,No,No,No,No,No,No,No,Will revert after reading the email,High in Relevance,No,No,Thane & Outskirts,02.Medium,01.High,15.0,18.0,No,No,Email Opened
90,4676,100,Hot,0.99662966,1,1,Lead Add Form,Reference,No,No,0.0,0,0.0,Form Submitted on Website,India,Human Resource Management,Unemployed,Better Career Prospects,No,No,No,No,No,No,No,No,Closed by Horizzon,High in Relevance,No,No,Mumbai,02.Medium,01.High,14.0,19.0,No,Yes,Modified
91,5319,99,Hot,0.98683804,1,1,Landing Page Submission,Direct Traffic,No,No,2.0,1198,2.0,Email Opened,India,Marketing Management,Unemployed,Better Career Prospects,No,No,No,No,No,No,No,No,Will revert after reading the email,Low in Relevance,No,No,Other Cities,,,,,No,Yes,Email Opened
92,9104,99,Hot,0.9877297,1,1,API,Organic Search,No,No,4.0,860,2.0,SMS Sent,India,,,,No,No,No,No,No,No,No,No,,,No,No,,02.Medium,02.Medium,15.0,15.0,No,No,SMS Sent
93,4772,99,Hot,0.99407566,1,1,Lead Add Form,Reference,No,No,0.0,0,0.0,SMS Sent,,Finance Management,Working Professional,Better Career Prospects,No,No,No,No,No,No,No,No,Will revert after reading the email,Might be,No,No,,,,,,No,No,SMS Sent
94,6418,99,Hot,0.9937593,1,1,Landing Page Submission,Direct Traffic,No,No,11.0,608,2.75,Page Visited on Website,India,Marketing Management,Unemployed,Better Career Prospects,No,No,No,No,No,No,No,No,Closed by Horizzon,High in Relevance,No,No,Thane & Outskirts,,,,,No,Yes,Page Visited on Website
95,1642,99,Hot,0.98536193,1,1,Lead Import,Facebook,No,No,0.0,0,0.0,Email Opened,,Business Administration,Working Professional,Better Career Prospects,No,No,No,No,No,No,No,No,Will revert after reading the email,Might be,No,No,Mumbai,02.Medium,02.Medium,15.0,16.0,No,No,Email Opened
96,4444,99,Hot,0.9939573,1,1,Lead Add Form,Reference,No,No,0.0,0,0.0,Email Opened,,,Unemployed,Better Career Prospects,No,No,No,No,No,No,No,No,Closed by Horizzon,,No,No,Mumbai,,,,,No,No,Email Opened
97,2305,99,Hot,0.98739225,1,1,Landing Page Submission,Google,No,No,4.0,324,4.0,SMS Sent,India,Finance Management,Student,Better Career Prospects,No,No,No,No,No,No,No,No,Will revert after reading the email,Might be,No,No,Mumbai,02.Medium,01.High,15.0,18.0,No,No,SMS Sent
98,1447,99,Hot,0.9889683,1,1,Landing Page Submission,Direct Traffic,No,No,2.0,940,2.0,SMS Sent,India,"Banking, Investment And Insurance",Unemployed,Better Career Prospects,No,No,No,No,No,No,No,No,Will revert after reading the email,Might be,No,No,Mumbai,02.Medium,01.High,15.0,20.0,No,Yes,SMS Sent
99,1437,99,Hot,0.9935272,1,1,Landing Page Submission,Google,No,No,10.0,1467,10.0,Email Opened,Netherlands,Operations Management,Unemployed,Better Career Prospects,No,No,No,No,No,No,No,No,Will revert after reading the email,High in Relevance,No,No,Thane & Outskirts,02.Medium,01.High,15.0,19.0,No,Yes,Email Opened
100,6513,99,Hot,0.9925828,1,1,Landing Page Submission,Google,No,No,5.0,967,2.5,Email Opened,India,IT Projects Management,Unemployed,Better Career Prospects,No,No,No,No,No,No,No,No,Will revert after reading the email,High in Relevance,No,No,Thane & Outskirts,02.Medium,02.Medium,15.0,14.0,No,No,Email Opened
101,1982,99,Hot,0.99416405,1,1,Landing Page Submission,Direct Traffic,No,No,5.0,1591,5.0,SMS Sent,India,Human Resource Management,Unemployed,Better Career Prospects,No,No,No,No,No,No,No,No,Will revert after reading the email,High in Relevance,No,No,Mumbai,02.Medium,01.High,14.0,20.0,No,No,SMS Sent
102,5534,99,Hot,0.98594856,1,1,Landing Page Submission,Organic Search,No,No,3.0,830,3.0,Email Opened,India,Operations Management,Unemployed,Better Career Prospects,No,No,No,No,No,No,No,No,Will revert after reading the email,Low in Relevance,No,No,Thane & Outskirts,,,,,No,No,Email Opened
103,8684,99,Hot,0.99084187,1,1,API,Google,No,No,23.0,1341,2.09,SMS Sent,India,,,,No,No,No,No,No,No,No,No,Lost to EINS,,No,No,,01.High,02.Medium,16.0,15.0,No,No,Modified
104,8343,99,Hot,0.99235713,1,0,Landing Page Submission,Google,No,No,6.0,1353,6.0,Email Opened,India,"Banking, Investment And Insurance",Working Professional,Better Career Prospects,No,No,No,No,No,No,No,No,Will revert after reading the email,Low in Relevance,No,No,Mumbai,02.Medium,01.High,15.0,18.0,No,No,Modified
105,3645,99,Hot,0.9868732,1,1,Landing Page Submission,Google,No,No,4.0,882,4.0,SMS Sent,India,Hospitality Management,Unemployed,Better Career Prospects,No,No,No,No,No,No,No,No,Will revert after reading the email,High in Relevance,No,No,Mumbai,,,,,No,No,SMS Sent
106,4788,99,Hot,0.99407566,1,1,Lead Add Form,Reference,No,No,0.0,0,0.0,SMS Sent,,Finance Management,Working Professional,Better Career Prospects,No,No,No,No,No,No,No,No,Will revert after reading the email,Might be,No,No,,,,,,No,No,SMS Sent
107,319,99,Hot,0.98651123,1,1,API,Google,No,No,4.0,1088,4.0,Page Visited on Website,India,Supply Chain Management,Working Professional,Better Career Prospects,No,No,No,No,No,No,No,No,Will revert after reading the email,High in Relevance,No,No,Mumbai,01.High,01.High,16.0,18.0,No,No,Modified
108,7387,99,Hot,0.98906916,1,1,Landing Page Submission,Direct Traffic,No,No,3.0,1486,3.0,Email Opened,India,Human Resource Management,Unemployed,Better Career Prospects,No,No,No,No,No,No,No,No,Will revert after reading the email,High in Relevance,No,No,Thane & Outskirts,02.Medium,01.High,14.0,17.0,No,Yes,Email Opened
109,2959,99,Hot,0.98919964,1,1,API,Olark Chat,No,No,0.0,0,0.0,SMS Sent,,,Unemployed,Better Career Prospects,No,No,No,No,No,No,No,No,Will revert after reading the email,Not Sure,No,No,,02.Medium,02.Medium,15.0,15.0,No,No,SMS Sent
110,4212,99,Hot,0.9945687,1,1,API,Organic Search,No,No,8.0,1138,2.0,SMS Sent,India,Finance Management,Unemployed,Better Career Prospects,No,No,No,No,No,No,No,No,Will revert after reading the email,Low in Relevance,No,No,Thane & Outskirts,,,,,No,No,SMS Sent
111,7454,99,Hot,0.98665875,1,1,API,Olark Chat,No,No,0.0,0,0.0,Email Opened,,"Banking, Investment And Insurance",Unemployed,Better Career Prospects,No,No,No,No,No,No,No,No,Will revert after reading the email,High in Relevance,No,No,Other Cities,02.Medium,02.Medium,15.0,14.0,No,No,Email Opened
112,4375,99,Hot,0.9900525,1,1,Lead Add Form,Reference,Yes,No,0.0,0,0.0,SMS Sent,,Finance Management,Unemployed,Better Career Prospects,No,No,No,No,No,No,No,No,Will revert after reading the email,High in Relevance,No,No,Thane & Outskirts,,,,,No,No,SMS Sent
113,4693,99,Hot,0.9932166,1,1,Lead Add Form,Welingak Website,No,No,0.0,0,0.0,SMS Sent,,,Unemployed,Better Career Prospects,No,No,No,No,No,No,No,No,Lost to EINS,,No,No,,,,,,No,No,Modified
114,7450,99,Hot,0.9893377,1,1,API,Olark Chat,No,No,2.0,1062,1.0,SMS Sent,India,Marketing Management,Unemployed,Better Career Prospects,No,No,No,No,No,No,No,No,Will revert after reading the email,High in Relevance,No,No,Mumbai,02.Medium,01.High,13.0,18.0,No,No,SMS Sent
115,3687,99,Hot,0.9914942,1,1,API,Olark Chat,No,No,0.0,0,0.0,SMS Sent,,,Unemployed,Better Career Prospects,No,No,No,No,No,No,No,No,Closed by Horizzon,High in Relevance,No,No,,02.Medium,02.Medium,15.0,15.0,No,No,Modified
116,3837,99,Hot,0.99005276,1,1,Lead Add Form,Welingak Website,No,No,0.0,0,0.0,SMS Sent,,,Unemployed,Better Career Prospects,No,No,No,No,No,No,No,No,,,No,No,,,,,,No,No,SMS Sent
117,5746,99,Hot,0.99323434,1,1,Landing Page Submission,Google,No,No,22.0,759,4.4,Page Visited on Website,India,Finance Management,Unemployed,Better Career Prospects,No,No,No,No,No,No,No,No,Closed by Horizzon,High in Relevance,No,No,Mumbai,,,,,No,Yes,Page Visited on Website
118,1991,99,Hot,0.99268746,1,1,API,Google,No,No,10.0,1489,2.0,SMS Sent,India,,Unemployed,Better Career Prospects,No,No,No,No,No,No,No,No,Closed by Horizzon,,No,No,,02.Medium,02.Medium,14.0,15.0,No,No,Modified
119,6737,99,Hot,0.9860486,1,1,Lead Add Form,Reference,No,No,0.0,0,0.0,SMS Sent,,,Unemployed,Better Career Prospects,No,No,No,No,No,No,No,No,Will revert after reading the email,Not Sure,No,No,,,,,,No,No,SMS Sent
120,936,99,Hot,0.992922,1,1,Lead Add Form,Olark Chat,No,No,2.0,1582,2.0,Page Visited on Website,,,Unemployed,Better Career Prospects,No,No,No,No,No,No,No,No,Closed by Horizzon,,No,No,,02.Medium,01.High,15.0,17.0,No,No,Modified
121,7794,99,Hot,0.98886245,1,1,Landing Page Submission,Direct Traffic,No,No,14.0,1135,2.33,Page Visited on Website,India,Marketing Management,Unemployed,Better Career Prospects,No,No,No,No,No,No,No,No,Closed by Horizzon,Might be,No,No,Other Cities of Maharashtra,02.Medium,01.High,15.0,17.0,No,No,Modified
122,6211,99,Hot,0.98570627,1,1,Landing Page Submission,Direct Traffic,No,No,2.0,1050,2.0,Email Opened,India,IT Projects Management,Unemployed,Better Career Prospects,No,No,No,No,No,No,No,No,Will revert after reading the email,High in Relevance,No,No,Other Cities,,,,,No,Yes,Email Opened
123,8099,99,Hot,0.9913174,1,1,Lead Add Form,Reference,No,No,0.0,0,0.0,Email Opened,,"Banking, Investment And Insurance",Working Professional,Better Career Prospects,No,No,No,No,No,No,No,No,Will revert after reading the email,Might be,No,No,,02.Medium,01.High,14.0,18.0,No,No,Email Opened
124,472,99,Hot,0.9921806,1,1,Landing Page Submission,Organic Search,No,No,5.0,1250,5.0,Email Opened,India,E-COMMERCE,Working Professional,Better Career Prospects,No,No,No,No,No,No,No,No,Will revert after reading the email,Might be,No,No,Other Cities,02.Medium,02.Medium,15.0,13.0,No,Yes,Email Opened
125,819,99,Hot,0.9934262,1,1,Landing Page Submission,Google,No,No,11.0,2069,5.5,Email Opened,India,Business Administration,Working Professional,Better Career Prospects,No,No,No,No,No,No,No,No,Will revert after reading the email,Might be,No,No,Mumbai,01.High,01.High,16.0,18.0,No,Yes,Email Opened
126,667,99,Hot,0.9895125,1,1,Lead Add Form,Reference,No,No,0.0,0,0.0,Email Opened,,,Unemployed,Better Career Prospects,No,No,No,No,No,No,No,No,Will revert after reading the email,Low in Relevance,No,No,Mumbai,02.Medium,01.High,14.0,20.0,No,No,Email Opened
127,454,99,Hot,0.9936428,1,1,Lead Add Form,Reference,No,No,1.0,990,1.0,Page Visited on Website,,Marketing Management,Student,Better Career Prospects,No,No,No,No,No,No,No,No,Will revert after reading the email,Low in Relevance,No,No,Mumbai,02.Medium,01.High,14.0,20.0,No,No,Page Visited on Website
128,4218,99,Hot,0.9863549,1,1,Lead Add Form,Click2call,No,No,0.0,0,0.0,Email Opened,,Finance Management,Unemployed,Better Career Prospects,No,No,No,No,No,No,No,No,Will revert after reading the email,Low in Relevance,No,No,Mumbai,,,,,No,No,Email Opened
129,5576,99,Hot,0.99417084,1,1,API,Olark Chat,No,No,0.0,0,0.0,SMS Sent,,Operations Management,Working Professional,Better Career Prospects,No,No,No,No,No,No,No,No,Will revert after reading the email,Might be,No,No,,,,,,No,No,SMS Sent
130,6179,99,Hot,0.994588,1,1,API,Google,No,No,3.0,1438,1.5,SMS Sent,India,Finance Management,Working Professional,Better Career Prospects,No,No,No,No,No,No,No,No,Will revert after reading the email,Might be,No,No,,,,,,No,No,SMS Sent
131,3721,99,Hot,0.99351764,1,1,API,Organic Search,No,No,3.0,954,3.0,SMS Sent,India,Finance Management,Unemployed,Better Career Prospects,No,No,No,No,No,No,No,No,Will revert after reading the email,High in Relevance,No,No,Mumbai,,,,,No,No,SMS Sent
132,8625,99,Hot,0.9892781,1,1,Landing Page Submission,Direct Traffic,No,No,3.0,1353,3.0,Email Opened,India,Healthcare Management,Student,Better Career Prospects,No,No,No,No,No,No,No,No,Will revert after reading the email,Low in Relevance,No,No,Mumbai,02.Medium,01.High,15.0,17.0,No,Yes,Modified
133,2844,99,Hot,0.994372,1,1,Landing Page Submission,Direct Traffic,No,No,4.0,1655,1.33,SMS Sent,India,Business Administration,Working Professional,Better Career Prospects,No,No,No,No,No,No,No,No,Will revert after reading the email,Might be,No,No,Mumbai,,,,,No,Yes,SMS Sent
134,1468,99,Hot,0.99421364,1,1,API,Google,No,No,2.0,1132,1.0,Email Opened,India,Operations Management,Working Professional,Better Career Prospects,No,No,No,No,No,No,No,No,Will revert after reading the email,Might be,No,No,,02.Medium,02.Medium,15.0,16.0,No,No,Email Opened
135,3751,99,Hot,0.99223304,1,1,API,Google,No,No,2.0,806,2.0,SMS Sent,India,Finance Management,Unemployed,Better Career Prospects,No,No,No,No,No,No,No,No,Lost to EINS,High in Relevance,No,No,Mumbai,,,,,No,No,Modified
136,6685,99,Hot,0.98917204,1,1,API,Organic Search,No,No,15.0,914,5.0,SMS Sent,India,"Banking, Investment And Insurance",Unemployed,Better Career Prospects,No,No,No,No,No,No,No,No,Will revert after reading the email,High in Relevance,No,No,Thane & Outskirts,,,,,No,No,SMS Sent
137,8551,99,Hot,0.9856719,1,1,API,Olark Chat,No,No,0.0,0,0.0,Email Opened,,,Unemployed,Better Career Prospects,No,No,No,No,No,No,No,No,Will revert after reading the email,Low in Relevance,No,No,Mumbai,02.Medium,02.Medium,15.0,16.0,No,No,Email Opened
138,3817,99,Hot,0.99332,1,1,Landing Page Submission,Direct Traffic,No,No,4.0,949,2.0,SMS Sent,India,Finance Management,Working Professional,Better Career Prospects,No,No,No,No,No,No,No,No,Will revert after reading the email,Might be,No,No,Mumbai,,,,,No,Yes,SMS Sent
139,8023,99,Hot,0.9866215,1,1,API,Google,No,No,2.0,1122,2.0,SMS Sent,India,,Unemployed,Better Career Prospects,No,No,No,No,No,No,No,No,,,No,No,,02.Medium,02.Medium,15.0,15.0,No,No,SMS Sent
140,5313,99,Hot,0.9924454,1,1,Landing Page Submission,Organic Search,No,No,9.0,1562,3.0,Olark Chat Conversation,India,Marketing Management,Unemployed,Better Career Prospects,No,No,No,No,No,No,No,No,Lost to EINS,Not Sure,No,No,Mumbai,,,,,No,Yes,Modified
141,350,99,Hot,0.99305713,1,1,Lead Add Form,Google,No,No,0.0,0,0.0,Email Opened,,Supply Chain Management,Unemployed,Better Career Prospects,No,No,No,No,No,No,No,No,Will revert after reading the email,High in Relevance,No,No,Thane & Outskirts,02.Medium,01.High,15.0,18.0,No,No,Email Opened
142,3396,99,Hot,0.9930061,1,1,Landing Page Submission,Direct Traffic,No,No,2.0,831,2.0,SMS Sent,India,Business Administration,Working Professional,Better Career Prospects,No,No,No,No,No,No,No,No,Will revert after reading the email,Might be,No,No,Other Cities of Maharashtra,,,,,No,Yes,SMS Sent
143,5207,99,Hot,0.98615706,1,1,Landing Page Submission,Direct Traffic,No,No,4.0,887,4.0,Email Opened,India,Marketing Management,Unemployed,Better Career Prospects,No,No,No,No,No,No,No,No,Will revert after reading the email,Low in Relevance,No,No,Mumbai,,,,,No,Yes,Email Opened
144,8235,99,Hot,0.9862921,1,1,Landing Page Submission,Direct Traffic,No,No,1.0,125,1.0,Converted to Lead,India,Finance Management,Unemployed,Better Career Prospects,No,No,No,No,No,No,No,No,Lost to EINS,Not Sure,No,No,Mumbai,02.Medium,01.High,15.0,18.0,No,Yes,Modified
145,2783,99,Hot,0.9871481,1,1,Landing Page Submission,Google,No,No,5.0,1178,5.0,SMS Sent,India,Human Resource Management,Student,Better Career Prospects,No,No,No,No,No,No,No,No,Will revert after reading the email,Might be,No,No,Thane & Outskirts,,,,,No,No,SMS Sent
146,6712,99,Hot,0.99447614,1,1,Lead Add Form,Reference,No,No,,2081,,,,Hospitality Management,Unemployed,Better Career Prospects,No,No,No,No,No,No,No,No,Closed by Horizzon,,No,No,,,,,,No,No,Modified
147,784,99,Hot,0.9949503,1,1,API,Google,No,No,3.0,981,3.0,Email Opened,India,Human Resource Management,Working Professional,Better Career Prospects,No,No,No,No,No,No,No,No,Will revert after reading the email,Low in Relevance,No,No,Other Cities,02.Medium,02.Medium,14.0,15.0,No,No,Email Opened
148,6711,99,Hot,0.9925143,1,1,Landing Page Submission,Google,No,No,4.0,1568,4.0,Email Opened,India,Finance Management,Housewife,Better Career Prospects,No,No,No,No,No,No,No,No,Will revert after reading the email,Low in Relevance,No,No,Mumbai,,,,,No,No,Email Opened
149,2976,99,Hot,0.9922455,1,1,Lead Add Form,Reference,No,No,,532,,,,Human Resource Management,Unemployed,Better Career Prospects,No,No,No,No,No,No,No,No,Closed by Horizzon,Low in Relevance,No,No,Mumbai,,,,,No,No,Modified
150,1416,99,Hot,0.99291855,1,1,Lead Add Form,Reference,No,No,0.0,0,0.0,SMS Sent,,,Unemployed,Better Career Prospects,No,No,No,No,No,No,No,No,,,No,No,,02.Medium,01.High,15.0,17.0,No,No,SMS Sent
151,3875,99,Hot,0.98765343,1,1,Landing Page Submission,Direct Traffic,No,No,7.0,1576,7.0,Email Opened,India,"Banking, Investment And Insurance",Unemployed,Better Career Prospects,No,No,No,No,No,No,No,No,Will revert after reading the email,High in Relevance,No,No,Mumbai,,,,,No,Yes,Email Opened
152,4559,99,Hot,0.9941189,1,1,Landing Page Submission,Google,No,No,4.0,874,4.0,SMS Sent,India,Rural and Agribusiness,Working Professional,Better Career Prospects,No,No,No,No,No,No,No,No,Will revert after reading the email,Might be,No,No,Thane & Outskirts,,,,,No,No,SMS Sent
153,4442,99,Hot,0.99453026,1,1,Lead Add Form,Reference,No,No,0.0,0,0.0,SMS Sent,,Finance Management,Student,Better Career Prospects,No,No,No,No,No,No,No,No,Will revert after reading the email,Low in Relevance,No,No,Mumbai,,,,,No,No,SMS Sent
154,7045,99,Hot,0.99005276,1,1,Lead Add Form,Welingak Website,No,No,0.0,0,0.0,SMS Sent,,,Unemployed,Better Career Prospects,No,No,No,No,No,No,No,No,,,No,No,,,,,,No,No,SMS Sent
155,8292,99,Hot,0.9944594,1,1,API,Olark Chat,No,No,0.0,0,0.0,Email Opened,,Marketing Management,Unemployed,Better Career Prospects,No,No,No,No,No,No,No,No,Closed by Horizzon,High in Relevance,No,No,Mumbai,02.Medium,02.Medium,15.0,16.0,No,No,Modified
156,2338,99,Hot,0.9933328,1,1,Lead Add Form,Reference,No,No,0.0,0,0.0,SMS Sent,,Human Resource Management,Working Professional,Better Career Prospects,No,No,No,No,No,No,No,No,Will revert after reading the email,Might be,No,No,,02.Medium,01.High,15.0,19.0,No,No,Modified
157,3519,99,Hot,0.9879017,1,1,Landing Page Submission,Organic Search,No,No,5.0,1063,5.0,SMS Sent,India,Finance Management,Working Professional,Better Career Prospects,No,No,No,No,No,No,No,No,Lost to EINS,Might be,No,No,Other Cities,,,,,No,Yes,Modified
158,7845,99,Hot,0.9942415,1,1,API,Google,No,No,12.0,734,1.71,Email Opened,India,Operations Management,Unemployed,Better Career Prospects,No,No,No,No,No,No,No,No,Closed by Horizzon,High in Relevance,No,No,Mumbai,02.Medium,01.High,15.0,18.0,No,Yes,Email Opened
159,7472,99,Hot,0.9898769,1,1,Landing Page Submission,Direct Traffic,No,No,2.0,1386,2.0,SMS Sent,India,Finance Management,Unemployed,Better Career Prospects,No,No,No,No,No,No,No,No,Will revert after reading the email,High in Relevance,No,No,Thane & Outskirts,02.Medium,01.High,14.0,17.0,No,Yes,SMS Sent
160,5027,99,Hot,0.9943982,1,1,Landing Page Submission,Direct Traffic,No,No,2.0,1496,2.0,SMS Sent,India,Finance Management,Working Professional,Better Career Prospects,No,No,No,No,No,No,No,No,Will revert after reading the email,Might be,No,No,Other Metro Cities,,,,,No,Yes,SMS Sent
161,8539,99,Hot,0.9919109,1,1,Landing Page Submission,Organic Search,No,No,4.0,1390,4.0,Email Opened,India,Marketing Management,Unemployed,Better Career Prospects,No,No,No,No,No,No,No,No,Will revert after reading the email,High in Relevance,No,No,Mumbai,02.Medium,01.High,14.0,20.0,No,Yes,Email Opened
162,6725,99,Hot,0.98936033,1,1,API,Direct Traffic,No,No,11.0,1411,1.38,Email Opened,India,Human Resource Management,Working Professional,Better Career Prospects,No,No,No,No,No,No,No,No,Lost to EINS,Not Sure,No,No,,02.Medium,02.Medium,14.0,16.0,No,No,Email Opened
163,6005,99,Hot,0.99213165,1,1,API,Olark Chat,No,No,2.0,1130,2.0,Email Opened,,,Unemployed,Better Career Prospects,No,No,No,No,No,No,No,No,Lost to EINS,High in Relevance,No,No,,,,,,No,No,Modified
164,2952,99,Hot,0.987912,1,1,Landing Page Submission,Google,No,No,5.0,653,2.5,SMS Sent,India,Human Resource Management,Unemployed,Better Career Prospects,No,No,No,No,No,No,No,No,Will revert after reading the email,High in Relevance,No,No,Other Cities,,,,,No,No,SMS Sent
165,5686,99,Hot,0.99325764,1,1,API,Google,No,No,2.0,1488,2.0,SMS Sent,India,Operations Management,Unemployed,Better Career Prospects,No,No,No,No,No,No,No,No,Will revert after reading the email,High in Relevance,No,No,Mumbai,,,,,No,No,SMS Sent
166,6697,99,Hot,0.98570627,1,1,Landing Page Submission,Direct Traffic,No,No,2.0,1201,2.0,Email Opened,India,IT Projects Management,Unemployed,Better Career Prospects,No,No,No,No,No,No,No,No,Will revert after reading the email,High in Relevance,No,No,Mumbai,,,,,No,Yes,Email Opened
167,5036,99,Hot,0.9885966,1,1,API,Olark Chat,No,No,0.0,0,0.0,SMS Sent,,,Working Professional,Better Career Prospects,No,No,No,No,No,No,No,No,Will revert after reading the email,Might be,No,No,,,,,,No,No,SMS Sent
168,7326,99,Hot,0.99112856,1,1,Lead Add Form,Reference,No,No,0.0,0,0.0,Email Opened,,Healthcare Management,Student,Better Career Prospects,No,No,No,No,No,No,No,No,Will revert after reading the email,Low in Relevance,No,No,Other Cities,02.Medium,02.Medium,14.0,13.0,No,No,Email Opened
169,3836,99,Hot,0.9919446,1,1,API,Google,No,No,4.0,1014,2.0,Page Visited on Website,India,Human Resource Management,Working Professional,Better Career Prospects,No,No,No,No,No,No,No,No,Will revert after reading the email,Low in Relevance,No,No,,,,,,No,No,Page Visited on Website
170,1326,99,Hot,0.9862651,1,1,Landing Page Submission,Direct Traffic,No,No,5.0,788,5.0,Email Opened,India,Marketing Management,Unemployed,Better Career Prospects,No,No,No,No,No,No,No,No,Will revert after reading the email,High in Relevance,No,No,Other Metro Cities,02.Medium,01.High,14.0,18.0,No,No,Email Opened
171,7306,99,Hot,0.9904903,1,1,Lead Add Form,,Yes,No,0.0,0,0.0,SMS Sent,,,Unemployed,Better Career Prospects,No,No,No,No,No,No,No,No,Will revert after reading the email,High in Relevance,No,No,,02.Medium,02.Medium,14.0,16.0,No,No,SMS Sent
172,9075,99,Hot,0.99202204,1,1,Landing Page Submission,Direct Traffic,No,No,2.0,1202,2.0,SMS Sent,India,"Banking, Investment And Insurance",Unemployed,Better Career Prospects,No,No,No,No,No,No,No,No,Will revert after reading the email,High in Relevance,No,No,Mumbai,02.Medium,01.High,14.0,20.0,No,Yes,SMS Sent
173,4843,99,Hot,0.99161243,1,1,Lead Add Form,,No,No,0.0,0,0.0,SMS Sent,,,Unemployed,Better Career Prospects,No,No,No,No,No,No,No,No,Will revert after reading the email,High in Relevance,No,No,,,,,,No,No,SMS Sent
174,3820,99,Hot,0.9924746,1,1,Landing Page Submission,Direct Traffic,No,No,3.0,1049,3.0,Unreachable,Oman,Supply Chain Management,Unemployed,Better Career Prospects,No,No,No,No,No,No,No,No,Closed by Horizzon,,No,No,Other Cities,02.Medium,01.High,15.0,18.0,No,Yes,Modified
175,6332,99,Hot,0.9888755,1,1,Landing Page Submission,Google,No,No,5.0,583,5.0,SMS Sent,India,Finance Management,Working Professional,Better Career Prospects,No,No,No,No,No,No,No,No,Will revert after reading the email,Might be,No,No,Mumbai,,,,,No,No,SMS Sent
176,2912,99,Hot,0.98555285,1,1,API,Olark Chat,No,No,0.0,0,0.0,SMS Sent,,Supply Chain Management,Unemployed,Better Career Prospects,No,No,No,No,No,No,No,No,Will revert after reading the email,High in Relevance,No,No,Mumbai,,,,,No,No,SMS Sent
177,5213,99,Hot,0.98763674,1,1,Landing Page Submission,Direct Traffic,No,No,2.0,640,2.0,SMS Sent,United Arab Emirates,Human Resource Management,Unemployed,Better Career Prospects,No,No,No,No,No,No,No,No,Will revert after reading the email,High in Relevance,No,No,Other Cities,,,,,No,Yes,SMS Sent
178,2650,99,Hot,0.99054456,1,1,Lead Add Form,Reference,Yes,No,0.0,0,0.0,SMS Sent,,"Banking, Investment And Insurance",Working Professional,Better Career Prospects,No,No,No,No,No,No,No,No,Will revert after reading the email,Might be,No,No,,,,,,No,No,SMS Sent
179,3542,99,Hot,0.99005276,1,1,Lead Add Form,Welingak Website,No,No,0.0,0,0.0,SMS Sent,,,Unemployed,Better Career Prospects,No,No,No,No,No,No,No,No,,,No,No,,,,,,No,No,SMS Sent
180,3268,99,Hot,0.99161243,1,1,Lead Add Form,,No,No,0.0,0,0.0,SMS Sent,,,Unemployed,Better Career Prospects,No,No,No,No,No,No,No,No,Will revert after reading the email,High in Relevance,No,No,,,,,,No,No,SMS Sent
181,5078,99,Hot,0.9912349,1,1,Landing Page Submission,Organic Search,No,No,21.0,558,3.5,Page Visited on Website,India,Human Resource Management,Unemployed,Better Career Prospects,No,No,No,No,No,No,No,No,Closed by Horizzon,High in Relevance,No,No,Mumbai,,,,,No,Yes,Page Visited on Website
182,2461,99,Hot,0.9944478,1,1,Lead Add Form,Welingak Website,No,No,0.0,0,0.0,SMS Sent,,,Unemployed,Better Career Prospects,No,No,No,No,No,No,No,No,,,No,No,,02.Medium,02.Medium,15.0,15.0,No,No,SMS Sent
183,8403,99,Hot,0.9944478,1,1,Lead Add Form,Welingak Website,No,No,0.0,0,0.0,SMS Sent,,,Unemployed,Better Career Prospects,No,No,No,No,No,No,No,No,,,No,No,,02.Medium,02.Medium,15.0,15.0,No,No,SMS Sent
184,2804,99,Hot,0.99407566,1,1,Lead Add Form,Reference,No,No,0.0,0,0.0,SMS Sent,,Finance Management,Working Professional,Better Career Prospects,No,No,No,No,No,No,No,No,Will revert after reading the email,Might be,No,No,,,,,,No,No,SMS Sent
185,2629,99,Hot,0.99235743,1,1,Lead Add Form,Reference,No,No,0.0,0,0.0,Email Opened,,Human Resource Management,Unemployed,Better Career Prospects,No,No,No,No,No,No,No,No,Will revert after reading the email,High in Relevance,No,No,Other Cities,,,,,No,No,Email Opened
186,5353,99,Hot,0.9934022,1,1,Landing Page Submission,Direct Traffic,No,No,8.0,1568,8.0,SMS Sent,India,IT Projects Management,Unemployed,Better Career Prospects,No,No,No,No,No,No,No,No,Will revert after reading the email,High in Relevance,No,No,Mumbai,,,,,No,Yes,SMS Sent
187,1099,99,Hot,0.98743266,1,1,Lead Add Form,Reference,No,No,,158,,,,"Banking, Investment And Insurance",Working Professional,Better Career Prospects,No,No,No,No,No,No,No,No,Will revert after reading the email,Low in Relevance,No,No,Mumbai,02.Medium,01.High,14.0,20.0,No,No,Modified
188,5588,99,Hot,0.9923177,1,1,API,Google,No,No,2.0,900,2.0,SMS Sent,India,Human Resource Management,Unemployed,Better Career Prospects,No,No,No,No,No,No,No,No,Will revert after reading the email,Low in Relevance,No,No,Thane & Outskirts,,,,,No,No,SMS Sent
189,4957,99,Hot,0.99179745,1,1,API,Olark Chat,No,No,0.0,0,0.0,SMS Sent,,Supply Chain Management,Working Professional,Better Career Prospects,No,No,No,No,No,No,No,No,Will revert after reading the email,Might be,No,No,,,,,,No,No,SMS Sent
190,4974,99,Hot,0.98911965,1,1,Landing Page Submission,Organic Search,No,No,13.0,1311,1.86,Email Opened,India,Human Resource Management,Unemployed,Better Career Prospects,No,No,No,No,No,No,No,No,Will revert after reading the email,High in Relevance,No,No,Mumbai,,,,,No,Yes,Email Opened
191,2734,99,Hot,0.9927509,1,1,Lead Add Form,Reference,No,No,0.0,0,0.0,Email Opened,,Marketing Management,Unemployed,Better Career Prospects,No,No,No,No,No,No,No,No,Will revert after reading the email,Low in Relevance,No,No,Thane & Outskirts,,,,,No,No,Email Opened
192,1829,99,Hot,0.9944885,1,1,Landing Page Submission,Google,No,No,4.0,1033,4.0,Email Opened,India,Human Resource Management,Unemployed,Better Career Prospects,No,No,No,No,No,No,No,No,Will revert after reading the email,Low in Relevance,No,No,Mumbai,02.Medium,01.High,15.0,20.0,No,No,Modified
193,560,99,Hot,0.9879631,1,1,API,Olark Chat,No,No,5.0,1387,1.67,Email Opened,India,"Banking, Investment And Insurance",Unemployed,Better Career Prospects,No,No,No,No,No,No,No,No,Will revert after reading the email,High in Relevance,No,No,Thane & Outskirts,02.Medium,01.High,14.0,17.0,No,Yes,Email Opened
194,700,99,Hot,0.99122494,1,1,Landing Page Submission,Direct Traffic,No,No,2.0,813,2.0,Email Opened,India,Finance Management,Unemployed,Better Career Prospects,No,No,No,No,No,No,No,No,Will revert after reading the email,Low in Relevance,No,No,Other Cities of Maharashtra,02.Medium,01.High,14.0,19.0,No,Yes,Email Opened
195,7989,99,Hot,0.99492645,1,1,Lead Add Form,Reference,No,No,0.0,0,0.0,Email Opened,,Supply Chain Management,Unemployed,Better Career Prospects,No,No,No,No,No,No,No,No,Will revert after reading the email,Low in Relevance,No,No,Mumbai,02.Medium,01.High,15.0,18.0,No,No,Email Opened
196,4238,99,Hot,0.9891936,1,1,Landing Page Submission,Google,No,No,3.0,304,3.0,SMS Sent,India,Operations Management,Working Professional,Better Career Prospects,No,No,No,No,No,No,No,No,Will revert after reading the email,Might be,No,No,Mumbai,,,,,No,No,SMS Sent
197,2009,99,Hot,0.9936187,1,0,API,Google,No,No,3.0,1628,1.0,Email Opened,India,Operations Management,Unemployed,Better Career Prospects,No,No,No,No,No,No,No,No,Will revert after reading the email,Low in Relevance,No,No,Other Cities of Maharashtra,02.Medium,01.High,14.0,17.0,No,No,Email Opened
198,3710,99,Hot,0.99270636,1,1,API,Organic Search,No,No,6.0,1401,2.0,Email Opened,India,Media and Advertising,Housewife,Better Career Prospects,No,No,No,No,No,No,No,No,Will revert after reading the email,Low in Relevance,No,No,Mumbai,,,,,No,No,Email Opened
199,8790,99,Hot,0.9942894,1,1,Landing Page Submission,Google,No,No,4.0,1146,2.0,Email Opened,United States,IT Projects Management,Working Professional,Better Career Prospects,No,No,No,No,No,No,No,No,Will revert after reading the email,Low in Relevance,No,No,Mumbai,02.Medium,01.High,14.0,17.0,No,Yes,Email Opened
200,3810,99,Hot,0.9869379,1,1,API,Google,No,No,2.0,1450,2.0,Email Opened,India,Marketing Management,Unemployed,Better Career Prospects,No,No,No,No,No,No,No,No,Will revert after reading the email,High in Relevance,No,No,Thane & Outskirts,,,,,No,No,Email Opened
201,4168,99,Hot,0.99189407,1,1,Landing Page Submission,Google,No,No,3.0,449,3.0,SMS Sent,India,Operations Management,Working Professional,Better Career Prospects,No,No,No,No,No,No,No,No,Will revert after reading the email,Might be,No,No,Mumbai,,,,,No,No,SMS Sent
202,2101,99,Hot,0.99202055,1,1,Landing Page Submission,Direct Traffic,No,No,5.0,1656,5.0,SMS Sent,India,Media and Advertising,Unemployed,Better Career Prospects,No,No,No,No,No,No,No,No,Will revert after reading the email,High in Relevance,No,No,Mumbai,02.Medium,01.High,14.0,19.0,No,Yes,SMS Sent
203,8118,99,Hot,0.9918996,1,1,Lead Add Form,,No,No,0.0,0,0.0,SMS Sent,,Finance Management,Working Professional,Better Career Prospects,No,No,No,No,No,No,No,No,Will revert after reading the email,Might be,No,No,,02.Medium,01.High,14.0,17.0,No,No,SMS Sent
204,7887,99,Hot,0.99468625,1,1,Landing Page Submission,Organic Search,No,No,5.0,1223,5.0,Approached upfront,India,Marketing Management,Unemployed,Better Career Prospects,No,No,No,No,No,No,No,No,Closed by Horizzon,High in Relevance,No,No,Thane & Outskirts,01.High,01.High,16.0,17.0,No,Yes,Modified
205,4830,99,Hot,0.9932166,1,1,Lead Add Form,Welingak Website,No,No,0.0,0,0.0,SMS Sent,,,Unemployed,Better Career Prospects,No,No,No,No,No,No,No,No,Lost to EINS,,No,No,,,,,,No,No,Modified
206,1387,99,Hot,0.9944478,1,1,Lead Add Form,Welingak Website,No,No,0.0,0,0.0,SMS Sent,,,Unemployed,Better Career Prospects,No,No,No,No,No,No,No,No,,,No,No,,02.Medium,02.Medium,15.0,15.0,No,No,SMS Sent
207,6968,99,Hot,0.99471825,1,1,Landing Page Submission,Organic Search,No,No,6.0,1171,2.0,Email Opened,India,Supply Chain Management,Unemployed,Better Career Prospects,No,No,No,No,No,No,No,No,Will revert after reading the email,High in Relevance,No,No,Mumbai,02.Medium,01.High,15.0,20.0,No,Yes,Email Opened
208,2946,99,Hot,0.9870896,1,1,API,Google,No,No,2.0,1576,1.0,SMS Sent,India,,Unemployed,Better Career Prospects,No,No,No,No,No,No,No,No,Will revert after reading the email,Not Sure,No,No,,,,,,No,No,SMS Sent
209,3685,99,Hot,0.9895243,1,1,Landing Page Submission,Direct Traffic,No,No,2.0,1166,2.0,SMS Sent,India,IT Projects Management,Unemployed,Better Career Prospects,No,No,No,No,No,No,No,No,Will revert after reading the email,High in Relevance,No,No,Thane & Outskirts,,,,,No,No,SMS Sent
210,9158,99,Hot,0.9873949,1,1,Landing Page Submission,Google,No,No,6.0,1594,3.0,SMS Sent,India,Operations Management,,,No,No,No,No,No,No,No,No,,,No,No,Mumbai,02.Medium,01.High,15.0,18.0,No,No,SMS Sent
211,1605,99,Hot,0.99128985,1,1,Landing Page Submission,Direct Traffic,No,No,13.0,1018,6.5,SMS Sent,India,Supply Chain Management,Working Professional,Better Career Prospects,No,No,No,No,No,No,No,No,Will revert after reading the email,Not Sure,No,No,Mumbai,01.High,01.High,16.0,18.0,No,Yes,SMS Sent
212,6461,99,Hot,0.99128866,1,1,API,Google,No,No,2.0,1461,2.0,SMS Sent,India,Finance Management,Unemployed,Better Career Prospects,No,No,No,No,No,No,No,No,Will revert after reading the email,High in Relevance,No,No,Thane & Outskirts,,,,,No,No,SMS Sent
213,6475,99,Hot,0.9916971,1,1,API,Olark Chat,No,No,0.0,0,0.0,SMS Sent,,"Banking, Investment And Insurance",Unemployed,Better Career Prospects,No,No,No,No,No,No,No,No,Will revert after reading the email,High in Relevance,No,No,Mumbai,,,,,No,No,SMS Sent
214,7987,99,Hot,0.99058646,1,1,Landing Page Submission,Direct Traffic,No,No,5.0,1584,2.5,SMS Sent,India,Finance Management,Unemployed,Better Career Prospects,No,No,No,No,No,No,No,No,Lost to EINS,Not Sure,No,No,Other Cities of Maharashtra,02.Medium,01.High,14.0,17.0,No,No,Modified
215,8865,99,Hot,0.9931601,1,1,Landing Page Submission,Google,No,No,4.0,1341,4.0,SMS Sent,India,Business Administration,Unemployed,Better Career Prospects,No,No,No,No,No,No,No,No,Will revert after reading the email,High in Relevance,No,No,Mumbai,02.Medium,01.High,14.0,20.0,No,No,SMS Sent
216,2368,99,Hot,0.98863506,1,1,Lead Add Form,Reference,No,No,0.0,0,0.0,SMS Sent,,,Unemployed,Better Career Prospects,No,No,No,No,No,No,No,No,Closed by Horizzon,Worst,No,No,,02.Medium,01.High,15.0,17.0,No,No,Modified
217,3932,99,Hot,0.992463,1,1,Lead Add Form,Reference,No,No,0.0,0,0.0,SMS Sent,,,Unemployed,Better Career Prospects,No,No,No,No,No,No,No,No,Will revert after reading the email,High in Relevance,No,No,,,,,,No,No,SMS Sent
218,8173,99,Hot,0.9917269,1,1,Landing Page Submission,Google,Yes,No,4.0,1269,2.0,Email Bounced,India,Business Administration,Working Professional,Better Career Prospects,No,No,No,No,No,No,No,No,Closed by Horizzon,High in Relevance,No,No,Mumbai,02.Medium,01.High,14.0,20.0,No,No,Modified
219,1116,99,Hot,0.98868793,1,1,Landing Page Submission,Google,No,No,6.0,1712,6.0,Unreachable,India,IT Projects Management,Unemployed,Better Career Prospects,No,No,No,No,No,No,No,No,Will revert after reading the email,High in Relevance,No,No,Other Cities,02.Medium,02.Medium,15.0,15.0,No,No,Unreachable
220,1285,99,Hot,0.987788,1,1,API,Google,No,No,3.0,881,1.5,Email Opened,India,,Unemployed,Better Career Prospects,No,No,No,No,No,No,No,No,Will revert after reading the email,Low in Relevance,No,No,Mumbai,02.Medium,01.High,14.0,17.0,No,No,Email Opened
221,5688,99,Hot,0.9938198,1,1,Lead Add Form,Reference,No,No,0.0,0,0.0,Email Opened,,,Unemployed,Better Career Prospects,No,No,No,No,No,No,No,No,Closed by Horizzon,High in Relevance,No,No,,,,,,No,No,Modified
222,7837,99,Hot,0.99499065,1,1,Landing Page Submission,Direct Traffic,No,No,17.0,1056,4.25,Page Visited on Website,India,Human Resource Management,Unemployed,Better Career Prospects,No,No,No,No,No,No,No,No,Closed by Horizzon,High in Relevance,No,No,Mumbai,01.High,01.High,16.0,18.0,No,Yes,Page Visited on Website
223,2458,99,Hot,0.9944478,1,1,Lead Add Form,Welingak Website,No,No,0.0,0,0.0,SMS Sent,,,Unemployed,Better Career Prospects,No,No,No,No,No,No,No,No,,,No,No,,02.Medium,02.Medium,15.0,15.0,No,No,SMS Sent
224,2307,99,Hot,0.9935928,1,1,API,Olark Chat,No,No,12.0,333,4.0,Email Opened,India,Marketing Management,Working Professional,Better Career Prospects,Yes,No,No,No,No,No,No,No,Will revert after reading the email,Low in Relevance,No,No,Mumbai,02.Medium,01.High,15.0,18.0,No,No,Email Opened
225,1200,99,Hot,0.99390996,1,1,API,Direct Traffic,No,No,4.0,1839,2.0,SMS Sent,India,Finance Management,Unemployed,Better Career Prospects,No,No,No,No,No,No,No,No,Will revert after reading the email,High in Relevance,No,No,Other Cities,02.Medium,02.Medium,14.0,16.0,No,No,SMS Sent
226,6529,99,Hot,0.9924757,1,1,Landing Page Submission,Organic Search,No,No,5.0,660,5.0,SMS Sent,India,Healthcare Management,Working Professional,Better Career Prospects,No,No,No,No,No,No,No,No,Will revert after reading the email,Might be,No,No,Other Metro Cities,,,,,No,Yes,SMS Sent
227,4862,99,Hot,0.99260217,1,1,Landing Page Submission,Direct Traffic,No,No,2.0,1007,2.0,SMS Sent,India,Human Resource Management,Working Professional,Better Career Prospects,No,No,No,No,No,No,No,No,Will revert after reading the email,Might be,No,No,Mumbai,,,,,No,Yes,SMS Sent
228,3182,99,Hot,0.9927361,1,1,Lead Add Form,Reference,No,No,0.0,0,0.0,Email Opened,,IT Projects Management,Unemployed,Better Career Prospects,No,No,No,No,No,No,No,No,Will revert after reading the email,Low in Relevance,No,No,Mumbai,,,,,No,No,Email Opened
229,8083,99,Hot,0.9925541,1,1,Landing Page Submission,Direct Traffic,No,No,1.0,1463,1.0,Converted to Lead,India,Supply Chain Management,Unemployed,Better Career Prospects,No,No,No,No,No,No,No,No,Lost to EINS,Might be,No,No,Other Cities of Maharashtra,02.Medium,01.High,15.0,19.0,No,Yes,Modified
230,4793,99,Hot,0.9944916,1,1,Landing Page Submission,Organic Search,No,No,4.0,1189,4.0,SMS Sent,India,Business Administration,Working Professional,Better Career Prospects,No,No,No,No,No,No,No,No,Will revert after reading the email,Might be,No,No,,,,,,No,No,SMS Sent
231,1390,99,Hot,0.98924834,1,1,API,Google,No,No,2.0,880,2.0,Email Opened,India,Marketing Management,Unemployed,Better Career Prospects,No,No,No,No,No,No,No,No,Will revert after reading the email,High in Relevance,No,No,Mumbai,02.Medium,01.High,14.0,18.0,No,No,Email Opened
232,4675,99,Hot,0.99005276,1,1,Lead Add Form,Welingak Website,No,No,0.0,0,0.0,SMS Sent,,,Unemployed,Better Career Prospects,No,No,No,No,No,No,No,No,,,No,No,,,,,,No,No,SMS Sent
233,4680,99,Hot,0.99005276,1,1,Lead Add Form,Welingak Website,No,No,0.0,0,0.0,SMS Sent,,,Unemployed,Better Career Prospects,No,No,No,No,No,No,No,No,,,No,No,,,,,,No,No,SMS Sent
234,4868,99,Hot,0.9938532,1,1,Landing Page Submission,Direct Traffic,No,No,5.0,803,2.5,SMS Sent,India,Finance Management,Working Professional,Better Career Prospects,No,No,No,No,No,No,No,No,Will revert after reading the email,Might be,No,No,Thane & Outskirts,,,,,No,Yes,SMS Sent
235,5822,99,Hot,0.99407566,1,1,Lead Add Form,Reference,No,No,0.0,0,0.0,SMS Sent,,Finance Management,Working Professional,Better Career Prospects,No,No,No,No,No,No,No,No,Will revert after reading the email,Might be,No,No,,,,,,No,No,SMS Sent
236,4969,99,Hot,0.9882604,1,1,Landing Page Submission,Google,No,No,6.0,942,3.0,Email Opened,India,IT Projects Management,Unemployed,Better Career Prospects,No,No,No,No,No,No,No,No,Lost to EINS,Low in Relevance,No,No,Other Cities of Maharashtra,,,,,No,No,Email Opened
237,2238,99,Hot,0.99202126,1,1,Landing Page Submission,Organic Search,No,No,5.0,169,5.0,Email Opened,India,Healthcare Management,Unemployed,Better Career Prospects,No,No,No,No,No,No,No,No,Closed by Horizzon,High in Relevance,No,No,Mumbai,02.Medium,01.High,15.0,17.0,No,Yes,Modified
238,4379,99,Hot,0.9862368,1,1,Landing Page Submission,Direct Traffic,No,No,7.0,1029,7.0,Email Opened,India,Marketing Management,Unemployed,Better Career Prospects,No,No,No,No,No,No,No,No,Will revert after reading the email,Low in Relevance,No,No,Other Cities,,,,,No,No,Email Opened
239,4016,99,Hot,0.9851151,1,1,Landing Page Submission,Direct Traffic,No,No,8.0,1282,1.14,Email Link Clicked,India,Marketing Management,Unemployed,Better Career Prospects,No,No,No,No,No,No,No,No,Lost to EINS,Might be,No,No,Thane & Outskirts,,,,,No,Yes,Email Link Clicked
240,4532,99,Hot,0.98852634,1,1,Landing Page Submission,Google,No,No,3.0,1637,3.0,Email Opened,India,"Banking, Investment And Insurance",Unemployed,Better Career Prospects,No,No,No,No,No,No,No,No,Will revert after reading the email,Low in Relevance,No,No,Mumbai,,,,,No,No,Email Opened
241,2921,99,Hot,0.9911873,1,1,Lead Add Form,Reference,No,No,,1055,,,,,Unemployed,Better Career Prospects,No,No,No,No,No,No,No,No,Closed by Horizzon,,No,No,,,,,,No,No,Modified
242,2681,99,Hot,0.99407566,1,1,Lead Add Form,Reference,No,No,0.0,0,0.0,SMS Sent,,Finance Management,Working Professional,Better Career Prospects,No,No,No,No,No,No,No,No,Will revert after reading the email,Might be,No,No,,,,,,No,No,SMS Sent
243,446,99,Hot,0.993619,1,1,Lead Add Form,Reference,No,No,0.0,0,0.0,SMS Sent,,"Banking, Investment And Insurance",Working Professional,Better Career Prospects,No,No,No,No,No,No,No,No,Will revert after reading the email,Might be,No,No,,02.Medium,01.High,15.0,19.0,No,No,Modified
244,4737,99,Hot,0.98594034,1,1,Landing Page Submission,Google,No,No,8.0,1620,4.0,Email Opened,India,"Banking, Investment And Insurance",Unemployed,Better Career Prospects,No,No,No,No,No,No,No,No,Will revert after reading the email,High in Relevance,No,No,Thane & Outskirts,,,,,No,No,Email Opened
245,5603,99,Hot,0.9889276,1,1,Landing Page Submission,Direct Traffic,No,No,2.0,1628,2.0,Email Opened,India,Human Resource Management,Unemployed,Better Career Prospects,No,No,No,No,No,No,No,No,Will revert after reading the email,Low in Relevance,No,No,Mumbai,,,,,No,No,Email Opened
246,2243,99,Hot,0.9895734,1,1,Lead Add Form,Reference,No,No,0.0,0,0.0,Email Opened,,Finance Management,Unemployed,Better Career Prospects,No,No,No,No,No,No,No,No,Will revert after reading the email,Low in Relevance,No,No,Mumbai,02.Medium,01.High,15.0,20.0,No,No,Modified
247,1676,99,Hot,0.99196833,1,1,Landing Page Submission,Google,No,No,10.0,1131,5.0,Email Opened,India,Human Resource Management,Unemployed,Better Career Prospects,No,No,No,No,No,No,No,No,Closed by Horizzon,Low in Relevance,No,No,Mumbai,02.Medium,01.High,14.0,20.0,No,No,Modified
248,8801,99,Hot,0.9932755,1,1,Landing Page Submission,Organic Search,No,No,6.0,1713,6.0,SMS Sent,Hong Kong,International Business,Unemployed,Better Career Prospects,No,No,No,No,No,No,No,No,Will revert after reading the email,High in Relevance,No,No,Mumbai,02.Medium,01.High,14.0,20.0,No,Yes,SMS Sent
249,5051,99,Hot,0.989254,1,1,Lead Add Form,Reference,No,No,0.0,0,0.0,Email Link Clicked,,Finance Management,Housewife,Better Career Prospects,No,No,No,No,No,No,No,No,Will revert after reading the email,Low in Relevance,No,No,Other Cities,,,,,No,No,Email Link Clicked
250,5826,99,Hot,0.99402267,1,1,Landing Page Submission,Direct Traffic,No,No,5.0,876,5.0,Email Opened,India,Operations Management,Working Professional,Better Career Prospects,No,No,No,No,No,No,No,No,Will revert after reading the email,Low in Relevance,No,No,Other Cities of Maharashtra,,,,,No,Yes,Email Opened
251,8904,99,Hot,0.9931566,1,1,Landing Page Submission,Organic Search,No,No,4.0,653,2.0,SMS Sent,India,Marketing Management,Working Professional,Better Career Prospects,No,No,No,No,No,No,No,No,Will revert after reading the email,Might be,No,No,,02.Medium,01.High,14.0,17.0,No,No,SMS Sent
252,6472,99,Hot,0.9941596,1,1,Landing Page Submission,Direct Traffic,No,No,5.0,1006,2.5,Email Opened,India,Marketing Management,Other,Better Career Prospects,No,No,No,No,No,No,No,No,Will revert after reading the email,Low in Relevance,No,No,Mumbai,,,,,No,Yes,Email Opened
253,4838,99,Hot,0.992463,1,1,Lead Add Form,Reference,No,No,0.0,0,0.0,SMS Sent,,Finance Management,Unemployed,Better Career Prospects,No,No,No,No,No,No,No,No,Will revert after reading the email,High in Relevance,No,No,Mumbai,,,,,No,No,SMS Sent
254,5194,99,Hot,0.9887656,1,1,API,Direct Traffic,No,No,8.0,58,4.0,SMS Sent,India,Travel and Tourism,Unemployed,Better Career Prospects,No,No,No,No,No,No,No,No,Closed by Horizzon,High in Relevance,No,No,Mumbai,02.Medium,02.Medium,15.0,16.0,No,No,Modified
255,3095,99,Hot,0.99316,1,1,Landing Page Submission,Google,No,No,5.0,1925,5.0,SMS Sent,India,International Business,Working Professional,Better Career Prospects,No,No,No,No,No,No,No,No,Will revert after reading the email,Might be,No,No,Thane & Outskirts,,,,,No,No,SMS Sent
256,6624,99,Hot,0.99092454,1,1,Landing Page Submission,Organic Search,No,No,3.0,1080,1.5,SMS Sent,India,"Banking, Investment And Insurance",Unemployed,Better Career Prospects,No,No,No,No,No,No,No,No,Will revert after reading the email,High in Relevance,No,No,Mumbai,,,,,No,Yes,SMS Sent
257,8339,99,Hot,0.9878506,1,1,API,Organic Search,No,No,5.0,772,2.5,SMS Sent,,,Unemployed,Better Career Prospects,No,No,No,No,No,No,No,No,,,No,No,,02.Medium,02.Medium,15.0,15.0,No,No,SMS Sent
258,1158,99,Hot,0.98621374,1,1,API,Google,No,No,2.0,682,2.0,SMS Sent,India,,Unemployed,Better Career Prospects,No,No,No,No,No,No,No,No,,,No,No,,02.Medium,02.Medium,15.0,15.0,No,No,SMS Sent
259,6754,99,Hot,0.99360955,1,1,Lead Add Form,Reference,No,No,7.0,1052,2.33,Email Opened,India,Marketing Management,Unemployed,Better Career Prospects,No,No,No,No,No,No,No,No,Will revert after reading the email,High in Relevance,No,No,Mumbai,02.Medium,01.High,15.0,19.0,No,No,Email Opened
260,2523,99,Hot,0.98838264,1,1,Landing Page Submission,Google,No,No,3.0,1231,3.0,SMS Sent,India,Business Administration,Unemployed,Better Career Prospects,No,No,No,No,No,No,No,No,Will revert after reading the email,Might be,No,No,Tier II Cities,02.Medium,01.High,15.0,19.0,No,No,Modified
261,178,99,Hot,0.99272573,1,1,Lead Add Form,Reference,No,No,0.0,0,0.0,Email Opened,,"Banking, Investment And Insurance",Working Professional,Better Career Prospects,No,No,No,No,No,No,No,No,Will revert after reading the email,Might be,No,No,,02.Medium,01.High,14.0,19.0,No,No,Email Opened
262,6010,99,Hot,0.98578656,1,1,Landing Page Submission,Organic Search,No,No,14.0,297,7.0,SMS Sent,United Kingdom,Supply Chain Management,Working Professional,Better Career Prospects,No,No,No,No,No,No,No,No,Will revert after reading the email,Might be,No,No,Other Metro Cities,,,,,No,Yes,SMS Sent
263,7876,98,Hot,0.9839316,1,1,API,Google,No,No,2.0,1020,1.0,SMS Sent,India,,Unemployed,Better Career Prospects,No,No,No,No,No,No,No,No,,,No,No,,01.High,02.Medium,16.0,15.0,No,No,SMS Sent
264,7239,98,Hot,0.9823362,1,1,Lead Add Form,Reference,Yes,No,0.0,0,0.0,SMS Sent,,,Unemployed,Better Career Prospects,No,No,No,No,No,No,No,No,,,No,No,,,,,,No,No,SMS Sent
265,4799,98,Hot,0.97998327,1,1,API,Organic Search,No,No,8.0,1651,8.0,SMS Sent,India,,Unemployed,Better Career Prospects,No,No,No,No,No,No,No,No,Will revert after reading the email,Might be,No,No,,,,,,No,No,SMS Sent
266,6851,98,Hot,0.9838251,1,1,Landing Page Submission,Organic Search,No,No,10.0,47,3.33,Email Opened,India,Finance Management,Working Professional,Better Career Prospects,No,No,No,No,No,No,No,No,Will revert after reading the email,Low in Relevance,No,No,Mumbai,,,,,No,No,Email Opened
267,8915,98,Hot,0.9753184,1,1,Landing Page Submission,Direct Traffic,No,No,5.0,662,2.5,SMS Sent,India,"Banking, Investment And Insurance",,,No,No,No,No,No,No,No,No,,,No,No,Other Metro Cities,02.Medium,02.Medium,15.0,16.0,No,Yes,SMS Sent
268,9203,98,Hot,0.9822843,1,1,Landing Page Submission,Organic Search,No,No,8.0,1372,4.0,Email Opened,India,Healthcare Management,Unemployed,Better Career Prospects,No,No,No,No,No,No,No,No,Will revert after reading the email,High in Relevance,No,No,Other Metro Cities,02.Medium,02.Medium,14.0,15.0,No,Yes,Email Opened
269,2315,98,Hot,0.9783741,1,1,API,Olark Chat,No,No,0.0,0,0.0,SMS Sent,,,Unemployed,Better Career Prospects,No,No,No,No,No,No,No,No,Will revert after reading the email,Might be,No,No,,02.Medium,02.Medium,15.0,15.0,No,No,SMS Sent
270,7548,98,Hot,0.97862387,1,1,API,Google,No,No,2.0,1105,2.0,SMS Sent,India,,Unemployed,Better Career Prospects,No,No,No,No,No,No,No,No,Busy,Not Sure,No,No,,02.Medium,02.Medium,15.0,15.0,No,No,SMS Sent
271,2904,98,Hot,0.9841574,1,1,Landing Page Submission,Direct Traffic,No,No,6.0,1295,2.0,Email Opened,India,Marketing Management,,,No,No,No,No,No,No,No,No,Lost to EINS,,No,No,Mumbai,,,,,No,Yes,Email Opened
272,8642,98,Hot,0.9821646,1,1,Landing Page Submission,Google,No,No,4.0,417,4.0,Form Submitted on Website,India,Finance Management,Working Professional,Better Career Prospects,No,No,No,No,No,No,No,No,Will revert after reading the email,Low in Relevance,No,No,Mumbai,02.Medium,01.High,14.0,20.0,No,No,Modified
273,7953,98,Hot,0.9774226,1,1,Landing Page Submission,Direct Traffic,No,No,4.0,812,4.0,SMS Sent,India,Business Administration,Unemployed,Better Career Prospects,No,No,No,No,No,No,No,No,Will revert after reading the email,Might be,No,No,Other Cities of Maharashtra,01.High,01.High,16.0,17.0,No,Yes,SMS Sent
274,3469,98,Hot,0.97922677,1,1,Landing Page Submission,Google,No,No,3.0,473,1.5,Email Opened,India,Rural and Agribusiness,Student,Better Career Prospects,No,No,No,No,No,No,No,No,Will revert after reading the email,High in Relevance,No,No,Mumbai,,,,,No,Yes,Email Opened
275,8933,98,Hot,0.9844583,1,1,Landing Page Submission,Direct Traffic,No,No,2.0,1505,2.0,SMS Sent,India,Supply Chain Management,,,No,No,No,No,No,No,No,No,,,No,No,Tier II Cities,02.Medium,01.High,15.0,17.0,No,No,SMS Sent
276,1557,98,Hot,0.97858274,1,1,API,Google,No,No,4.0,1245,2.0,SMS Sent,India,,Unemployed,Better Career Prospects,No,No,No,No,No,No,No,No,Busy,Not Sure,No,No,,02.Medium,02.Medium,15.0,16.0,No,No,SMS Sent
277,7470,98,Hot,0.98406476,1,1,Landing Page Submission,Organic Search,No,No,5.0,1722,5.0,SMS Sent,India,Business Administration,Working Professional,Better Career Prospects,No,No,No,No,No,No,No,No,Will revert after reading the email,Might be,No,No,,02.Medium,01.High,13.0,17.0,No,No,SMS Sent
278,8327,98,Hot,0.98075956,1,1,Landing Page Submission,Google,No,No,8.0,1558,2.67,Olark Chat Conversation,India,Finance Management,Unemployed,Better Career Prospects,No,No,No,No,No,No,No,No,Will revert after reading the email,Low in Relevance,No,No,Mumbai,,,,,No,Yes,Olark Chat Conversation
279,967,98,Hot,0.98133504,1,1,API,Organic Search,No,No,11.0,1700,11.0,Email Opened,India,Healthcare Management,Businessman,Better Career Prospects,No,No,No,No,No,No,No,No,Will revert after reading the email,Might be,No,No,,01.High,03.Low,16.0,12.0,No,No,Email Opened
280,6499,98,Hot,0.9755746,1,1,API,Google,No,No,2.0,1639,1.0,SMS Sent,India,,Unemployed,Better Career Prospects,No,No,No,No,No,No,No,No,,,No,No,,,,,,No,No,SMS Sent
281,2837,98,Hot,0.98297197,1,1,Landing Page Submission,Google,No,No,5.0,251,5.0,SMS Sent,India,Finance Management,Working Professional,Better Career Prospects,No,No,No,No,No,No,No,No,Will revert after reading the email,Might be,No,No,Mumbai,,,,,No,No,SMS Sent
282,5175,98,Hot,0.9751599,1,1,API,Organic Search,No,No,2.0,1484,1.0,SMS Sent,India,Human Resource Management,Unemployed,Better Career Prospects,No,No,No,No,No,No,No,No,Will revert after reading the email,Might be,No,No,,,,,,No,No,SMS Sent
283,1359,98,Hot,0.97833097,1,1,Landing Page Submission,Organic Search,No,No,4.0,1121,4.0,SMS Sent,India,Supply Chain Management,Unemployed,Better Career Prospects,No,No,No,No,No,No,No,No,,,No,No,,02.Medium,01.High,15.0,17.0,No,No,SMS Sent
284,7536,98,Hot,0.9832653,1,1,Landing Page Submission,Direct Traffic,No,No,5.0,1978,5.0,Email Opened,India,Media and Advertising,Unemployed,Better Career Prospects,No,No,No,No,No,No,No,No,Will revert after reading the email,High in Relevance,No,No,Mumbai,02.Medium,01.High,14.0,17.0,No,Yes,Email Opened
285,3031,98,Hot,0.9806262,1,1,Lead Add Form,Reference,No,No,0.0,0,0.0,SMS Sent,,,Unemployed,Better Career Prospects,No,No,No,No,No,No,No,No,Will revert after reading the email,Might be,No,No,,,,,,No,No,SMS Sent
286,1139,98,Hot,0.98310834,1,1,Lead Import,Facebook,No,No,,1542,,Email Bounced,,,Unemployed,Better Career Prospects,No,No,No,No,No,No,No,No,Will revert after reading the email,Low in Relevance,No,No,Other Cities of Maharashtra,02.Medium,02.Medium,14.0,15.0,No,No,Modified
287,4849,98,Hot,0.9769359,1,1,API,Olark Chat,No,No,0.0,0,0.0,Approached upfront,,,Unemployed,Better Career Prospects,No,No,No,No,No,No,No,No,Closed by Horizzon,High in Relevance,No,No,,,,,,No,No,Modified
288,1612,98,Hot,0.98132056,1,1,Landing Page Submission,Google,No,No,3.0,1459,3.0,SMS Sent,India,Finance Management,Unemployed,Better Career Prospects,No,No,No,No,No,No,No,No,,,No,No,Mumbai,02.Medium,01.High,15.0,18.0,No,No,SMS Sent
289,2593,98,Hot,0.9791741,1,1,Landing Page Submission,Organic Search,No,No,9.0,869,4.5,SMS Sent,India,Human Resource Management,,,No,No,No,No,No,No,No,No,,,No,No,Other Cities,02.Medium,02.Medium,15.0,16.0,No,Yes,SMS Sent
290,1617,98,Hot,0.98437977,1,1,API,Google,No,No,13.0,1667,4.33,SMS Sent,India,,Unemployed,Better Career Prospects,No,No,No,No,No,No,No,No,Will revert after reading the email,Might be,No,No,,01.High,02.Medium,16.0,15.0,No,No,SMS Sent
291,985,98,Hot,0.98205996,1,1,API,Organic Search,No,No,4.0,1338,2.0,Email Opened,India,,Unemployed,Better Career Prospects,No,No,No,No,No,No,No,No,Will revert after reading the email,Not Sure,No,No,,02.Medium,02.Medium,15.0,15.0,No,No,Email Opened
292,5314,98,Hot,0.981658,1,1,Landing Page Submission,Direct Traffic,No,No,3.0,1152,3.0,Email Opened,India,Supply Chain Management,Unemployed,Better Career Prospects,No,No,No,No,No,No,No,No,Will revert after reading the email,High in Relevance,No,No,Thane & Outskirts,,,,,No,Yes,Email Opened
293,3180,98,Hot,0.9794311,1,1,Landing Page Submission,Organic Search,Yes,No,6.0,1525,6.0,SMS Sent,India,Travel and Tourism,Working Professional,Better Career Prospects,No,No,No,No,No,No,No,No,Will revert after reading the email,Might be,No,No,Other Cities of Maharashtra,,,,,No,Yes,SMS Sent
294,4795,98,Hot,0.97902393,1,1,API,Organic Search,No,No,4.0,918,2.0,Page Visited on Website,India,Rural and Agribusiness,Working Professional,Better Career Prospects,No,No,No,No,No,No,No,No,Will revert after reading the email,Might be,No,No,,02.Medium,03.Low,15.0,12.0,No,No,Page Visited on Website
295,4614,98,Hot,0.9831645,1,1,Landing Page Submission,Google,No,No,3.0,872,3.0,Unreachable,India,Healthcare Management,Unemployed,Better Career Prospects,No,No,No,No,No,No,No,No,Will revert after reading the email,High in Relevance,No,No,Mumbai,,,,,No,No,Unreachable
296,8197,98,Hot,0.9821041,1,1,Landing Page Submission,Organic Search,No,No,10.0,1250,10.0,SMS Sent,India,Operations Management,Unemployed,Better Career Prospects,No,No,No,No,No,No,No,No,Busy,Not Sure,No,No,Other Cities of Maharashtra,01.High,01.High,16.0,17.0,No,Yes,SMS Sent
297,8441,98,Hot,0.9848221,1,1,API,Olark Chat,No,No,0.0,0,0.0,SMS Sent,,Marketing Management,Unemployed,Better Career Prospects,No,No,No,No,No,No,No,No,Will revert after reading the email,Might be,No,No,Mumbai,02.Medium,02.Medium,15.0,16.0,No,No,SMS Sent
298,8635,98,Hot,0.9814695,1,1,Landing Page Submission,Google,No,No,9.0,665,2.25,SMS Sent,India,Marketing Management,,,No,No,No,No,No,No,No,No,,,No,No,Thane & Outskirts,02.Medium,01.High,15.0,17.0,No,No,SMS Sent
299,1068,98,Hot,0.9831397,1,1,Landing Page Submission,Direct Traffic,No,No,3.0,1826,3.0,SMS Sent,India,Operations Management,Unemployed,Better Career Prospects,No,No,No,No,No,No,No,No,Will revert after reading the email,Might be,No,No,,02.Medium,01.High,15.0,17.0,No,No,SMS Sent
300,1934,98,Hot,0.98081344,1,1,Landing Page Submission,Direct Traffic,No,No,2.0,1020,2.0,Email Opened,India,Supply Chain Management,Unemployed,Better Career Prospects,No,No,No,No,No,No,No,No,Will revert after reading the email,Low in Relevance,No,No,Mumbai,02.Medium,01.High,14.0,20.0,No,No,Modified
301,4426,98,Hot,0.9842116,1,1,Landing Page Submission,Direct Traffic,No,No,2.0,1178,2.0,Email Opened,India,Human Resource Management,Unemployed,Better Career Prospects,No,No,No,No,No,No,No,No,Will revert after reading the email,Low in Relevance,No,No,Other Metro Cities,,,,,No,Yes,Email Opened
302,2696,98,Hot,0.9806262,1,1,Lead Add Form,Reference,No,No,0.0,0,0.0,SMS Sent,,,Unemployed,Better Career Prospects,No,No,No,No,No,No,No,No,Will revert after reading the email,Might be,No,No,,,,,,No,No,SMS Sent
303,449,98,Hot,0.9822733,1,1,Lead Add Form,Welingak Website,No,No,0.0,0,0.0,Olark Chat Conversation,,,Unemployed,Better Career Prospects,No,No,No,No,No,No,No,No,Closed by Horizzon,,No,No,,01.High,02.Medium,16.0,15.0,No,No,Olark Chat Conversation
304,2339,98,Hot,0.98222244,1,1,Lead Add Form,Reference,No,No,0.0,0,0.0,Email Opened,,"Banking, Investment And Insurance",Unemployed,Better Career Prospects,No,No,No,No,No,No,No,No,Will revert after reading the email,Might be,No,No,,02.Medium,01.High,15.0,19.0,No,No,Email Opened
305,4144,98,Hot,0.9806262,1,1,Lead Add Form,Reference,No,No,0.0,0,0.0,SMS Sent,,,Unemployed,Better Career Prospects,No,No,No,No,No,No,No,No,Will revert after reading the email,Might be,No,No,,,,,,No,No,SMS Sent
306,2757,98,Hot,0.9788497,1,1,API,Olark Chat,No,No,4.0,936,4.0,Email Opened,,,Unemployed,Better Career Prospects,No,No,No,No,No,No,No,No,Will revert after reading the email,Not Sure,No,No,,02.Medium,02.Medium,15.0,15.0,No,No,Email Opened
307,5000,98,Hot,0.9848445,1,1,API,Google,No,No,2.0,1651,2.0,SMS Sent,India,,Unemployed,Better Career Prospects,No,No,No,No,No,No,No,No,Will revert after reading the email,Not Sure,No,No,,,,,,No,No,SMS Sent
308,2705,98,Hot,0.97560424,1,1,API,Google,No,No,2.0,1494,2.0,SMS Sent,India,,Unemployed,Better Career Prospects,No,No,No,No,No,No,No,No,,,No,No,,,,,,No,No,SMS Sent
309,1249,98,Hot,0.98161745,1,1,Lead Add Form,Reference,No,No,,1252,,,,Marketing Management,Student,Better Career Prospects,No,No,No,No,No,No,No,No,Will revert after reading the email,High in Relevance,No,No,Mumbai,02.Medium,01.High,14.0,20.0,No,No,Modified
310,2907,98,Hot,0.98299026,1,1,Landing Page Submission,Organic Search,No,No,9.0,1623,2.25,SMS Sent,India,Media and Advertising,Unemployed,Better Career Prospects,No,No,No,No,No,No,No,No,Will revert after reading the email,Not Sure,No,No,Mumbai,,,,,No,Yes,SMS Sent
311,2122,98,Hot,0.97989047,1,1,Lead Add Form,Reference,No,No,0.0,0,0.0,SMS Sent,,,Unemployed,Better Career Prospects,No,No,No,No,No,No,No,No,Will revert after reading the email,Might be,No,No,,02.Medium,01.High,14.0,17.0,No,No,SMS Sent
312,7970,98,Hot,0.9810972,1,1,Lead Add Form,Welingak Website,No,No,0.0,0,0.0,Email Opened,,,Unemployed,Better Career Prospects,No,No,No,No,No,No,No,No,,Might be,No,No,Other Cities,02.Medium,02.Medium,15.0,15.0,No,No,Email Opened
313,4424,98,Hot,0.9826408,1,1,API,Olark Chat,No,No,0.0,0,0.0,SMS Sent,,Retail Management,Unemployed,Better Career Prospects,No,No,No,No,No,No,No,No,Will revert after reading the email,Low in Relevance,No,No,Other Cities,,,,,No,No,SMS Sent
314,447,98,Hot,0.9812595,1,1,Lead Add Form,Welingak Website,No,No,0.0,0,0.0,SMS Sent,,,Unemployed,Better Career Prospects,No,No,No,No,No,No,No,No,,,No,No,,02.Medium,02.Medium,15.0,15.0,No,No,Modified
315,6156,98,Hot,0.9834215,1,1,Lead Add Form,Welingak Website,No,No,0.0,0,0.0,Email Opened,,Operations Management,Unemployed,Better Career Prospects,No,No,No,No,No,No,No,No,,,No,No,Thane & Outskirts,,,,,No,No,Email Opened
316,7159,98,Hot,0.9808014,1,1,API,Google,No,No,3.0,1190,3.0,SMS Sent,India,,Unemployed,Better Career Prospects,No,No,No,No,No,No,No,No,Will revert after reading the email,Not Sure,No,No,,,,,,No,No,SMS Sent
317,3120,98,Hot,0.9807443,1,1,Landing Page Submission,Direct Traffic,No,No,6.0,94,2.0,SMS Sent,India,Healthcare Management,Working Professional,Better Career Prospects,No,No,No,No,No,No,No,No,Will revert after reading the email,Might be,No,No,Other Cities,,,,,No,Yes,SMS Sent
318,4415,98,Hot,0.9816269,1,1,Landing Page Submission,Google,No,No,4.0,1175,4.0,Email Opened,India,Business Administration,Unemployed,Better Career Prospects,No,No,No,No,No,No,No,No,Will revert after reading the email,Low in Relevance,No,No,Thane & Outskirts,,,,,No,No,Email Opened
319,1254,98,Hot,0.98231333,1,1,Landing Page Submission,Google,No,No,6.0,1040,6.0,Email Opened,India,Operations Management,Working Professional,Better Career Prospects,No,No,No,No,No,No,No,No,Will revert after reading the email,Might be,No,No,Other Cities,02.Medium,01.High,14.0,18.0,No,No,Email Opened
320,3465,98,Hot,0.9806262,1,1,Lead Add Form,Reference,No,No,0.0,0,0.0,SMS Sent,,,Unemployed,Better Career Prospects,No,No,No,No,No,No,No,No,Will revert after reading the email,Might be,No,No,,,,,,No,No,SMS Sent
321,1619,98,Hot,0.9842188,1,1,API,Google,No,No,2.0,1576,2.0,SMS Sent,India,,Unemployed,Better Career Prospects,No,No,No,No,No,No,No,No,,,No,No,,01.High,02.Medium,16.0,15.0,No,No,SMS Sent
322,2226,98,Hot,0.9783741,1,1,API,Olark Chat,No,No,0.0,0,0.0,SMS Sent,,,Unemployed,Better Career Prospects,No,No,No,No,No,No,No,No,,,No,No,,02.Medium,02.Medium,15.0,15.0,No,No,SMS Sent
323,4091,98,Hot,0.98442197,1,1,API,Google,No,No,3.0,1390,3.0,Email Link Clicked,India,,Unemployed,Better Career Prospects,No,No,No,No,No,No,No,No,Closed by Horizzon,Might be,No,No,,02.Medium,02.Medium,14.0,15.0,No,No,Modified
324,2689,98,Hot,0.9750606,1,1,Landing Page Submission,Google,No,No,5.0,23,5.0,Email Opened,India,"Banking, Investment And Insurance",Unemployed,Better Career Prospects,No,No,No,No,No,No,No,No,Will revert after reading the email,Low in Relevance,No,No,Other Cities of Maharashtra,01.High,01.High,16.0,19.0,No,No,Email Opened
325,4653,98,Hot,0.97990817,1,1,Lead Add Form,,Yes,No,0.0,0,0.0,SMS Sent,,,Unemployed,Better Career Prospects,No,No,No,No,No,No,No,No,Will revert after reading the email,,No,No,,,,,,No,No,SMS Sent
326,8759,98,Hot,0.9797417,1,1,Lead Add Form,Reference,No,No,0.0,0,0.0,SMS Sent,,,Unemployed,Better Career Prospects,No,No,No,No,No,No,No,No,,,No,No,,02.Medium,01.High,14.0,19.0,No,No,SMS Sent
327,9229,98,Hot,0.98424155,1,1,Landing Page Submission,Organic Search,No,No,13.0,1226,6.5,SMS Sent,India,Marketing Management,Unemployed,Better Career Prospects,No,No,No,No,No,No,No,No,Will revert after reading the email,Not Sure,No,No,Mumbai,02.Medium,01.High,15.0,20.0,No,Yes,Modified
328,1281,98,Hot,0.9824635,1,1,Landing Page Submission,Google,No,No,4.0,984,2.0,SMS Sent,India,Finance Management,Unemployed,Better Career Prospects,No,No,No,No,No,No,No,No,Will revert after reading the email,Might be,No,No,Mumbai,02.Medium,01.High,15.0,18.0,No,No,SMS Sent
329,1848,98,Hot,0.97745866,1,1,Landing Page Submission,Google,No,No,10.0,825,5.0,SMS Sent,India,"Banking, Investment And Insurance",Unemployed,Better Career Prospects,No,No,No,No,No,No,No,No,Will revert after reading the email,Might be,No,No,Mumbai,01.High,01.High,16.0,18.0,No,No,SMS Sent
330,1009,98,Hot,0.97848845,1,1,API,Referral Sites,No,No,11.0,1863,5.5,SMS Sent,India,,Unemployed,Better Career Prospects,No,No,No,No,No,No,No,No,Will revert after reading the email,Might be,No,No,,01.High,02.Medium,16.0,13.0,No,No,SMS Sent
331,2626,98,Hot,0.9783741,1,1,API,Olark Chat,No,No,0.0,0,0.0,SMS Sent,,,Unemployed,Better Career Prospects,No,No,No,No,No,No,No,No,,,No,No,,02.Medium,02.Medium,15.0,15.0,No,No,SMS Sent
332,4546,98,Hot,0.9757671,1,1,Landing Page Submission,Direct Traffic,No,No,5.0,1298,2.5,Page Visited on Website,India,Human Resource Management,,,No,No,No,No,No,No,No,No,Lost to EINS,,No,No,Other Metro Cities,,,,,No,Yes,Page Visited on Website
333,3390,98,Hot,0.9821149,1,1,Landing Page Submission,Direct Traffic,No,No,4.0,921,4.0,Email Opened,United Arab Emirates,Human Resource Management,Unemployed,Better Career Prospects,No,No,No,No,No,No,No,No,Will revert after reading the email,Low in Relevance,No,No,Other Cities,,,,,No,Yes,Email Opened
334,4263,98,Hot,0.9755746,1,1,API,Google,No,No,2.0,1594,1.0,SMS Sent,Asia/Pacific Region,,,,No,No,No,No,No,No,No,No,,,No,No,,,,,,No,No,SMS Sent
335,6526,97,Hot,0.9669718,1,1,API,Google,Yes,No,9.0,1046,1.8,SMS Sent,India,Finance Management,Unemployed,Better Career Prospects,No,No,No,No,No,No,No,No,,,No,No,Other Metro Cities,,,,,No,Yes,SMS Sent
336,7498,97,Hot,0.9671674,1,1,Landing Page Submission,Organic Search,No,No,6.0,36,3.0,SMS Sent,India,"Banking, Investment And Insurance",Unemployed,Better Career Prospects,No,No,No,No,No,No,No,No,Will revert after reading the email,High in Relevance,No,No,Other Metro Cities,02.Medium,01.High,14.0,18.0,No,Yes,SMS Sent
337,2798,97,Hot,0.9659445,1,1,API,Olark Chat,No,No,0.0,0,0.0,SMS Sent,,,Unemployed,Better Career Prospects,No,No,No,No,No,No,No,No,Will revert after reading the email,Not Sure,No,No,,,,,,No,No,SMS Sent
338,6482,97,Hot,0.9744455,1,1,API,Olark Chat,No,No,0.0,0,0.0,Email Opened,,Travel and Tourism,Unemployed,Better Career Prospects,No,No,No,No,No,No,No,No,Will revert after reading the email,High in Relevance,No,No,Other Cities of Maharashtra,,,,,No,No,Email Opened
339,1898,97,Hot,0.9727999,1,1,API,Olark Chat,No,No,0.0,0,0.0,Olark Chat Conversation,,,,,No,No,No,No,No,No,No,No,Lost to EINS,,No,No,,01.High,02.Medium,16.0,15.0,No,No,Modified
340,8393,97,Hot,0.97306937,1,0,Landing Page Submission,Google,No,No,4.0,2226,2.0,SMS Sent,India,Finance Management,Unemployed,Better Career Prospects,No,No,No,No,No,No,No,No,Busy,Not Sure,No,No,Mumbai,02.Medium,01.High,15.0,18.0,No,No,SMS Sent
341,4125,97,Hot,0.97186905,1,1,Landing Page Submission,Direct Traffic,No,No,11.0,1505,3.67,SMS Sent,India,"Banking, Investment And Insurance",Unemployed,Better Career Prospects,No,No,No,No,No,No,No,No,Will revert after reading the email,Might be,No,No,Thane & Outskirts,01.High,01.High,17.0,17.0,No,Yes,SMS Sent
342,7327,97,Hot,0.96657425,1,1,Lead Add Form,Welingak Website,No,No,1.0,967,1.0,Email Opened,India,IT Projects Management,Unemployed,Better Career Prospects,No,No,No,No,No,No,No,No,Will revert after reading the email,,No,No,Other Cities of Maharashtra,02.Medium,02.Medium,15.0,13.0,No,Yes,Email Opened
343,2083,97,Hot,0.9665777,1,1,API,Olark Chat,No,No,0.0,0,0.0,SMS Sent,,,Unemployed,Better Career Prospects,No,No,No,No,No,No,No,No,,,No,No,,01.High,02.Medium,16.0,15.0,No,No,SMS Sent
344,39,97,Hot,0.9652974,1,1,Landing Page Submission,Google,No,No,4.0,25,4.0,Email Opened,India,Operations Management,Unemployed,Better Career Prospects,No,No,No,No,No,No,No,No,Will revert after reading the email,High in Relevance,No,No,Other Cities of Maharashtra,02.Medium,01.High,14.0,19.0,No,No,Email Opened
345,5832,97,Hot,0.97288877,1,1,Lead Add Form,Reference,No,No,,373,,,,Finance Management,Working Professional,Better Career Prospects,No,No,No,No,No,No,No,No,Will revert after reading the email,Low in Relevance,No,No,Mumbai,,,,,No,No,Modified
346,3186,97,Hot,0.97353494,1,1,API,Google,No,No,2.0,777,1.0,SMS Sent,India,,Unemployed,Better Career Prospects,No,No,No,No,No,No,No,No,,,No,No,,,,,,No,No,SMS Sent
347,5379,97,Hot,0.97130495,1,1,Landing Page Submission,Direct Traffic,No,No,11.0,702,2.75,Page Visited on Website,India,Operations Management,Unemployed,Better Career Prospects,No,No,No,No,No,No,No,No,Lost to EINS,,No,No,Other Cities of Maharashtra,,,,,No,Yes,Page Visited on Website
348,3789,97,Hot,0.9732496,1,1,API,Olark Chat,No,No,3.0,62,3.0,Email Opened,India,"Banking, Investment And Insurance",Unemployed,Better Career Prospects,No,No,No,No,No,No,No,No,Lost to EINS,Not Sure,No,No,Mumbai,02.Medium,02.Medium,14.0,16.0,No,No,Modified
349,7556,97,Hot,0.97462475,1,1,Landing Page Submission,Direct Traffic,No,No,3.0,1019,3.0,SMS Sent,India,E-Business,,,No,No,No,No,No,No,No,No,,,No,No,Mumbai,02.Medium,01.High,15.0,18.0,No,Yes,SMS Sent
350,2390,97,Hot,0.9662593,1,1,Lead Add Form,Live Chat,No,No,0.0,0,0.0,SMS Sent,,,Unemployed,Better Career Prospects,No,No,No,No,No,No,No,No,Will revert after reading the email,Might be,No,No,,01.High,01.High,16.0,17.0,No,No,SMS Sent
351,1188,97,Hot,0.9708245,1,1,API,Referral Sites,No,No,10.0,325,3.33,Unreachable,India,Finance Management,Unemployed,Better Career Prospects,No,No,No,No,No,No,No,No,Will revert after reading the email,High in Relevance,No,No,Mumbai,02.Medium,02.Medium,15.0,16.0,No,Yes,Unreachable
352,5320,97,Hot,0.9653766,1,1,API,Olark Chat,No,No,0.0,0,0.0,SMS Sent,,,,,No,No,No,No,No,No,No,No,Lost to EINS,,No,No,,,,,,No,No,Modified
353,4399,97,Hot,0.97196275,1,1,Landing Page Submission,Google,No,No,7.0,1201,7.0,SMS Sent,India,Marketing Management,Unemployed,Better Career Prospects,No,No,No,No,No,No,No,No,Will revert after reading the email,Not Sure,No,No,Thane & Outskirts,,,,,No,No,SMS Sent
354,1269,97,Hot,0.9665777,1,1,API,Olark Chat,No,No,0.0,0,0.0,SMS Sent,,,Unemployed,Better Career Prospects,No,No,No,No,No,No,No,No,,,No,No,,01.High,02.Medium,16.0,15.0,No,No,SMS Sent
355,1395,97,Hot,0.973097,1,1,Lead Add Form,Reference,No,No,,186,,,,Human Resource Management,Student,Better Career Prospects,No,No,No,No,No,No,No,No,Will revert after reading the email,Low in Relevance,No,No,Mumbai,02.Medium,01.High,14.0,20.0,No,No,Modified
356,3619,97,Hot,0.9659445,1,1,API,Olark Chat,No,No,0.0,0,0.0,SMS Sent,,,Unemployed,Better Career Prospects,No,No,No,No,No,No,No,No,Will revert after reading the email,Not Sure,No,No,,,,,,No,No,SMS Sent
357,4269,97,Hot,0.9709308,1,1,API,Direct Traffic,No,No,8.0,1011,8.0,SMS Sent,India,,,,No,No,No,No,No,No,No,No,,,No,No,,,,,,No,No,SMS Sent
358,2668,97,Hot,0.9747242,1,1,Landing Page Submission,Organic Search,No,No,8.0,898,4.0,SMS Sent,India,Travel and Tourism,Unemployed,Better Career Prospects,No,No,No,No,No,No,No,No,Busy,Not Sure,No,No,Mumbai,02.Medium,02.Medium,15.0,16.0,No,Yes,Modified
359,5524,97,Hot,0.9737095,1,1,Landing Page Submission,Google,No,No,5.0,1593,5.0,SMS Sent,India,Marketing Management,Unemployed,Better Career Prospects,No,No,No,No,No,No,No,No,Will revert after reading the email,Not Sure,No,No,Mumbai,,,,,No,Yes,SMS Sent
360,4386,97,Hot,0.9728635,1,1,API,Olark Chat,No,No,0.0,0,0.0,Email Opened,,,Unemployed,Better Career Prospects,No,No,No,No,No,No,No,No,Closed by Horizzon,High in Relevance,No,No,,,,,,No,No,Modified
361,1836,97,Hot,0.97330636,1,1,Landing Page Submission,Direct Traffic,No,No,3.0,1293,1.5,Email Opened,India,Marketing Management,,,No,No,No,No,No,No,No,No,Lost to EINS,,No,No,Mumbai,02.Medium,01.High,13.0,18.0,No,Yes,Email Opened
362,5623,97,Hot,0.97113466,1,1,Landing Page Submission,Organic Search,No,No,5.0,1132,5.0,SMS Sent,India,Finance Management,Unemployed,Better Career Prospects,No,No,No,No,No,No,No,No,Will revert after reading the email,Not Sure,No,No,Mumbai,,,,,No,Yes,SMS Sent
363,7438,97,Hot,0.96823746,1,1,Landing Page Submission,Google,No,No,6.0,1104,6.0,SMS Sent,India,IT Projects Management,Unemployed,Better Career Prospects,No,No,No,No,No,No,No,No,,,No,No,Mumbai,02.Medium,02.Medium,15.0,15.0,No,Yes,SMS Sent
364,6046,97,Hot,0.97096944,1,1,API,Google,No,No,3.0,1434,1.5,SMS Sent,India,Finance Management,Unemployed,Better Career Prospects,No,No,No,No,No,No,No,No,Will revert after reading the email,Might be,No,No,Thane & Outskirts,,,,,No,No,SMS Sent
365,8348,97,Hot,0.9735867,1,1,Landing Page Submission,Google,No,No,3.0,596,3.0,Email Opened,India,Operations Management,Working Professional,Better Career Prospects,No,No,No,No,No,No,No,No,Will revert after reading the email,Might be,No,No,Mumbai,02.Medium,01.High,14.0,18.0,No,No,Email Opened
366,6973,97,Hot,0.9700716,1,0,Landing Page Submission,Organic Search,No,No,4.0,726,4.0,SMS Sent,Qatar,Marketing Management,Unemployed,Better Career Prospects,No,No,No,No,No,No,No,No,,Not Sure,No,No,Mumbai,,,,,No,Yes,SMS Sent
367,114,97,Hot,0.9745894,1,1,API,Google,No,No,5.0,727,5.0,Email Opened,India,,Unemployed,Better Career Prospects,No,No,No,No,No,No,No,No,Will revert after reading the email,High in Relevance,No,No,Thane & Outskirts,02.Medium,02.Medium,14.0,15.0,No,No,Email Opened
368,5962,97,Hot,0.9727711,1,1,API,Organic Search,No,No,2.0,907,1.0,SMS Sent,India,,Unemployed,Better Career Prospects,No,No,No,No,No,No,No,No,,,No,No,,,,,,No,No,SMS Sent
369,8622,97,Hot,0.9711962,1,1,Landing Page Submission,Direct Traffic,No,No,2.0,129,2.0,Email Opened,India,Marketing Management,,,No,No,No,No,No,No,No,No,Lost to EINS,,No,No,Mumbai,02.Medium,01.High,15.0,18.0,No,Yes,Email Opened
370,4573,97,Hot,0.9657895,1,1,Landing Page Submission,Organic Search,No,No,7.0,1549,7.0,SMS Sent,India,Human Resource Management,Unemployed,Better Career Prospects,No,No,No,No,No,No,No,No,Will revert after reading the email,Might be,No,No,Mumbai,,,,,No,Yes,SMS Sent
371,3944,97,Hot,0.97376686,1,1,API,Google,No,No,2.0,957,2.0,SMS Sent,India,Marketing Management,Unemployed,Better Career Prospects,No,No,No,No,No,No,No,No,,,No,No,,,,,,No,No,SMS Sent
372,7177,97,Hot,0.97353494,1,1,API,Google,No,No,2.0,837,1.0,SMS Sent,India,,,,No,No,No,No,No,No,No,No,,,No,No,,,,,,No,No,SMS Sent
373,6088,97,Hot,0.9730838,1,1,API,Google,No,No,8.0,890,8.0,SMS Sent,India,,Unemployed,Better Career Prospects,No,No,No,No,No,No,No,No,,,No,No,,,,,,No,No,SMS Sent
374,4157,97,Hot,0.97468185,1,1,Landing Page Submission,Google,Yes,No,4.0,1674,4.0,Unsubscribed,India,Finance Management,Working Professional,Better Career Prospects,No,No,No,No,No,No,No,No,Will revert after reading the email,Low in Relevance,No,No,Mumbai,,,,,No,No,Unsubscribed
375,5506,97,Hot,0.9659445,1,1,API,Olark Chat,No,No,0.0,0,0.0,SMS Sent,,,Unemployed,Better Career Prospects,No,No,No,No,No,No,No,No,Will revert after reading the email,Not Sure,No,No,,,,,,No,No,SMS Sent
376,3416,97,Hot,0.9741314,1,1,API,Google,No,No,3.0,929,1.5,SMS Sent,India,,Unemployed,Better Career Prospects,No,No,No,No,No,No,No,No,,,No,No,,,,,,No,No,SMS Sent
377,5742,97,Hot,0.96732295,1,1,API,Organic Search,No,No,4.0,1038,2.0,SMS Sent,India,,,,No,No,No,No,No,No,No,No,,,No,No,,,,,,No,No,SMS Sent
378,3670,97,Hot,0.97400236,1,1,Landing Page Submission,Organic Search,No,No,6.0,766,2.0,Page Visited on Website,India,IT Projects Management,Unemployed,Better Career Prospects,No,No,No,No,No,No,No,No,Will revert after reading the email,High in Relevance,No,No,Mumbai,,,,,No,No,Page Visited on Website
379,9235,97,Hot,0.97267556,1,1,Landing Page Submission,Direct Traffic,Yes,No,8.0,1845,2.67,Email Marked Spam,Saudi Arabia,IT Projects Management,Unemployed,Better Career Prospects,No,No,No,No,No,No,No,No,Will revert after reading the email,High in Relevance,No,No,Mumbai,02.Medium,01.High,15.0,17.0,No,No,Email Marked Spam
380,7722,97,Hot,0.9679215,1,1,Landing Page Submission,Google,No,No,7.0,1118,3.5,SMS Sent,India,IT Projects Management,,,No,No,No,No,No,No,No,No,,,No,No,Other Metro Cities,02.Medium,02.Medium,15.0,13.0,No,No,SMS Sent
381,3556,97,Hot,0.9689746,1,1,API,Google,No,No,2.0,949,2.0,SMS Sent,Sweden,,Unemployed,Better Career Prospects,No,No,No,No,No,No,No,No,,,No,No,,,,,,No,No,SMS Sent
382,6708,97,Hot,0.96555394,1,1,API,Olark Chat,No,No,0.0,0,0.0,Email Opened,,Travel and Tourism,Unemployed,Better Career Prospects,No,No,No,No,No,No,No,No,Will revert after reading the email,Low in Relevance,No,No,Mumbai,,,,,No,No,Email Opened
383,4824,97,Hot,0.9733844,1,0,API,Organic Search,No,No,4.0,956,1.33,SMS Sent,India,,,,No,No,No,No,No,No,No,No,,,No,No,,,,,,No,No,SMS Sent
384,4979,97,Hot,0.97322965,1,1,API,Organic Search,No,No,4.0,861,4.0,SMS Sent,India,Marketing Management,Unemployed,Better Career Prospects,No,No,No,No,No,No,No,No,Busy,Not Sure,No,No,,,,,,No,No,SMS Sent
385,2199,97,Hot,0.9730785,1,1,Landing Page Submission,Direct Traffic,No,No,2.0,835,2.0,SMS Sent,India,Media and Advertising,Unemployed,Better Career Prospects,No,No,No,No,No,No,No,No,Will revert after reading the email,Not Sure,No,No,Mumbai,02.Medium,01.High,14.0,17.0,No,Yes,SMS Sent
386,7644,97,Hot,0.96885586,1,1,Landing Page Submission,Direct Traffic,No,No,2.0,1221,2.0,SMS Sent,India,E-Business,,,No,No,No,No,No,No,No,No,,,No,No,Other Cities,02.Medium,02.Medium,15.0,16.0,No,Yes,SMS Sent
387,7812,97,Hot,0.9674246,1,1,Landing Page Submission,Direct Traffic,No,No,2.0,725,2.0,Email Opened,India,IT Projects Management,Unemployed,Better Career Prospects,No,No,No,No,No,No,No,No,Lost to EINS,,No,No,Mumbai,02.Medium,02.Medium,14.0,15.0,No,Yes,Email Opened
388,3829,96,Hot,0.95638865,1,1,Landing Page Submission,Direct Traffic,No,No,5.0,185,2.5,Email Opened,India,Finance Management,Working Professional,Better Career Prospects,No,No,No,No,No,No,Yes,No,Lost to EINS,Might be,No,No,Mumbai,,,,,No,Yes,Email Opened
389,848,96,Hot,0.96265286,1,1,Landing Page Submission,Direct Traffic,No,No,3.0,1662,3.0,Page Visited on Website,India,Supply Chain Management,Unemployed,Better Career Prospects,No,No,No,No,No,No,No,No,Will revert after reading the email,Might be,No,No,Mumbai,02.Medium,01.High,15.0,20.0,No,Yes,Modified
390,6829,96,Hot,0.9556056,1,1,Landing Page Submission,Google,No,No,8.0,1061,2.67,SMS Sent,India,"Banking, Investment And Insurance",Unemployed,Better Career Prospects,No,No,No,No,No,No,No,No,Will revert after reading the email,Might be,No,No,Mumbai,,,,,No,Yes,SMS Sent
391,8938,96,Hot,0.9617795,1,1,Landing Page Submission,Direct Traffic,No,No,2.0,87,2.0,Email Link Clicked,United States,Operations Management,Unemployed,Better Career Prospects,No,No,No,No,No,No,No,No,Lost to EINS,Not Sure,No,No,Other Cities,02.Medium,01.High,14.0,18.0,No,Yes,Email Link Clicked
392,8050,96,Hot,0.9641792,1,1,Landing Page Submission,Organic Search,No,No,9.0,986,9.0,SMS Sent,India,Media and Advertising,Unemployed,Better Career Prospects,No,No,No,No,No,No,No,No,Will revert after reading the email,Might be,No,No,Mumbai,02.Medium,01.High,15.0,17.0,No,Yes,SMS Sent
393,2079,96,Hot,0.95669633,1,1,Landing Page Submission,Organic Search,No,No,4.0,344,4.0,Email Opened,India,Marketing Management,Unemployed,Better Career Prospects,No,No,No,No,No,No,No,No,Will revert after reading the email,Low in Relevance,No,No,Mumbai,02.Medium,01.High,14.0,20.0,No,Yes,Email Opened
394,3774,96,Hot,0.959508,1,1,Landing Page Submission,Google,No,No,5.0,418,2.5,Email Opened,India,Marketing Management,Unemployed,Better Career Prospects,No,No,No,No,No,No,No,No,Lost to EINS,Not Sure,No,No,,,,,,No,No,Email Opened
395,6687,96,Hot,0.96040624,1,1,Landing Page Submission,Direct Traffic,No,No,3.0,1886,3.0,SMS Sent,India,"Banking, Investment And Insurance",Unemployed,Better Career Prospects,No,No,No,No,No,No,No,No,Will revert after reading the email,Might be,No,No,Thane & Outskirts,,,,,No,Yes,SMS Sent
396,934,96,Hot,0.96325254,1,1,Landing Page Submission,Google,No,No,3.0,1224,3.0,Email Opened,India,Marketing Management,Working Professional,Better Career Prospects,No,No,No,No,No,No,No,No,Will revert after reading the email,Might be,No,No,Thane & Outskirts,02.Medium,01.High,15.0,17.0,No,No,Modified
397,3045,96,Hot,0.9590693,1,0,Landing Page Submission,Direct Traffic,No,No,4.0,1095,4.0,SMS Sent,India,Marketing Management,,,No,No,No,No,No,No,No,No,,,No,No,Other Cities of Maharashtra,,,,,No,No,SMS Sent
398,3471,96,Hot,0.9647665,1,1,API,Organic Search,No,No,4.0,1132,4.0,SMS Sent,India,,Unemployed,Better Career Prospects,No,No,No,No,No,No,No,No,,,No,No,,,,,,No,No,SMS Sent
399,7095,96,Hot,0.9624733,1,1,Landing Page Submission,Direct Traffic,No,No,7.0,1058,1.75,SMS Sent,India,Business Administration,,,No,No,No,No,No,No,No,No,,,No,No,Mumbai,,,,,No,Yes,SMS Sent
400,1739,96,Hot,0.9550736,1,1,Landing Page Submission,Direct Traffic,No,No,2.0,1948,2.0,SMS Sent,India,Human Resource Management,Unemployed,Better Career Prospects,No,No,No,No,No,No,No,No,Will revert after reading the email,Might be,No,No,Other Cities,02.Medium,02.Medium,14.0,16.0,No,Yes,SMS Sent
401,3151,96,Hot,0.9648098,1,1,Lead Add Form,Welingak Website,No,No,0.0,0,0.0,Email Opened,,,Unemployed,Better Career Prospects,No,No,No,No,No,No,No,No,,,No,No,,,,,,No,No,Email Opened
402,1502,96,Hot,0.9558272,1,1,Landing Page Submission,Google,No,No,5.0,1489,5.0,SMS Sent,India,Human Resource Management,Unemployed,Better Career Prospects,No,No,No,No,No,No,No,No,Will revert after reading the email,Might be,No,No,Mumbai,02.Medium,01.High,14.0,18.0,No,No,SMS Sent
403,5602,96,Hot,0.95761776,1,1,Landing Page Submission,Organic Search,No,No,3.0,776,3.0,SMS Sent,United Arab Emirates,Retail Management,Unemployed,Better Career Prospects,No,No,No,No,No,No,No,No,Busy,Not Sure,No,No,Other Cities,,,,,No,Yes,SMS Sent
404,6705,96,Hot,0.9559434,1,1,Landing Page Submission,Organic Search,No,No,8.0,1400,4.0,SMS Sent,India,Hospitality Management,Unemployed,Better Career Prospects,No,No,No,No,No,No,No,No,Will revert after reading the email,Might be,No,No,Mumbai,,,,,No,Yes,SMS Sent
405,4195,96,Hot,0.9613088,1,1,API,Google,No,No,6.0,151,1.0,SMS Sent,India,,Unemployed,Better Career Prospects,No,No,No,No,No,No,No,No,,,No,No,,01.High,02.Medium,16.0,15.0,No,No,SMS Sent
406,2060,96,Hot,0.9555905,1,1,Landing Page Submission,Direct Traffic,No,No,3.0,1087,1.5,SMS Sent,India,Finance Management,Unemployed,Better Career Prospects,No,No,No,No,No,No,No,No,Will revert after reading the email,Might be,No,No,Mumbai,02.Medium,01.High,14.0,18.0,No,Yes,SMS Sent
407,4320,96,Hot,0.9610473,1,1,Landing Page Submission,Google,No,No,4.0,1107,2.0,SMS Sent,India,Marketing Management,Unemployed,Better Career Prospects,No,No,No,No,No,No,No,No,Will revert after reading the email,Might be,No,No,Mumbai,,,,,No,Yes,SMS Sent
408,829,96,Hot,0.9575667,1,1,Landing Page Submission,Google,No,No,6.0,605,2.0,Email Opened,India,IT Projects Management,Working Professional,Better Career Prospects,No,No,No,No,No,No,No,No,Will revert after reading the email,Might be,No,No,Mumbai,02.Medium,02.Medium,14.0,15.0,No,No,Email Opened
409,8158,96,Hot,0.9558039,1,1,API,Olark Chat,No,No,0.0,0,0.0,Email Opened,,,Unemployed,Better Career Prospects,No,No,No,No,No,No,No,No,Will revert after reading the email,Low in Relevance,No,No,,02.Medium,02.Medium,15.0,15.0,No,No,Modified
410,4923,96,Hot,0.9599113,1,1,API,Google,Yes,No,3.0,1040,3.0,SMS Sent,India,,,,No,No,No,No,No,No,No,No,,,No,No,,,,,,No,No,SMS Sent
411,3242,96,Hot,0.96084034,1,0,Landing Page Submission,Organic Search,No,No,10.0,1318,2.5,SMS Sent,India,International Business,,,No,No,No,No,No,No,No,No,,,No,No,Other Cities,,,,,No,Yes,SMS Sent
412,5159,96,Hot,0.95861083,1,1,Landing Page Submission,Google,No,No,4.0,1494,4.0,SMS Sent,India,Finance Management,Unemployed,Better Career Prospects,No,No,No,No,No,No,No,No,Will revert after reading the email,Might be,No,No,Mumbai,,,,,No,No,SMS Sent
413,2726,96,Hot,0.9584298,1,1,Landing Page Submission,Direct Traffic,No,No,5.0,586,5.0,Converted to Lead,India,Healthcare Management,Working Professional,Better Career Prospects,No,No,No,No,No,No,No,No,Will revert after reading the email,High in Relevance,No,No,Other Cities of Maharashtra,,,,,No,Yes,Modified
414,4004,96,Hot,0.9648098,1,1,Lead Add Form,Welingak Website,No,No,0.0,0,0.0,Email Opened,,,Unemployed,Better Career Prospects,No,No,No,No,No,No,No,No,,,No,No,,,,,,No,No,Email Opened
415,4674,96,Hot,0.9588044,1,1,Landing Page Submission,Google,No,No,7.0,894,3.5,SMS Sent,India,International Business,Unemployed,Better Career Prospects,No,No,No,No,No,No,No,No,,,No,No,Mumbai,,,,,No,Yes,SMS Sent
416,4648,96,Hot,0.9564764,1,1,API,Google,No,No,5.0,567,2.5,Email Opened,India,International Business,Unemployed,Better Career Prospects,No,No,No,No,No,No,No,No,Will revert after reading the email,Low in Relevance,No,No,Mumbai,,,,,No,No,Email Opened
417,4802,96,Hot,0.96292293,1,1,API,Organic Search,No,No,2.0,1198,1.0,SMS Sent,India,,Unemployed,Better Career Prospects,No,No,No,No,No,No,No,No,,,No,No,,,,,,No,No,SMS Sent
418,3976,96,Hot,0.96112347,1,1,Landing Page Submission,Direct Traffic,No,No,10.0,1450,5.0,SMS Sent,India,Human Resource Management,Unemployed,Better Career Prospects,No,No,No,No,No,No,No,No,Will revert after reading the email,Might be,No,No,Other Cities of Maharashtra,,,,,No,Yes,SMS Sent
419,3232,96,Hot,0.95540994,1,1,Landing Page Submission,Direct Traffic,No,No,9.0,868,3.0,SMS Sent,India,IT Projects Management,,,No,No,No,No,No,No,No,No,,,No,No,Mumbai,,,,,No,Yes,SMS Sent
420,8271,96,Hot,0.9578805,1,1,API,Organic Search,No,No,2.0,126,1.0,Email Opened,Singapore,Hospitality Management,Working Professional,Better Career Prospects,No,No,No,No,No,No,No,No,Will revert after reading the email,Might be,No,No,,02.Medium,03.Low,15.0,12.0,No,No,Email Opened
421,4132,96,Hot,0.9638255,1,1,Landing Page Submission,Direct Traffic,No,No,6.0,1703,6.0,Email Opened,India,Marketing Management,Unemployed,Better Career Prospects,No,No,No,No,No,No,No,No,Will revert after reading the email,High in Relevance,No,No,Mumbai,,,,,No,Yes,Modified
422,5286,96,Hot,0.96395284,1,1,API,Google,No,No,2.0,1241,1.0,SMS Sent,India,,,,No,No,No,No,No,No,No,No,,,No,No,,,,,,No,No,SMS Sent
423,5647,96,Hot,0.9557376,1,1,Landing Page Submission,Direct Traffic,No,No,4.0,1288,4.0,SMS Sent,India,Marketing Management,Unemployed,Better Career Prospects,No,No,No,No,No,No,No,No,Will revert after reading the email,Might be,No,No,Mumbai,,,,,No,No,SMS Sent
424,4681,96,Hot,0.9579745,1,1,Landing Page Submission,Google,No,No,4.0,905,4.0,SMS Sent,India,IT Projects Management,Unemployed,Better Career Prospects,No,No,No,No,No,No,No,No,Busy,Not Sure,No,No,Mumbai,,,,,No,Yes,SMS Sent
425,1961,96,Hot,0.9557233,1,1,API,Olark Chat,No,No,3.0,1228,1.5,SMS Sent,India,Supply Chain Management,Unemployed,Better Career Prospects,No,No,No,No,No,No,No,No,Busy,Not Sure,No,No,Mumbai,02.Medium,01.High,15.0,18.0,No,Yes,Modified
426,4743,96,Hot,0.9612171,1,1,Landing Page Submission,Google,No,No,2.0,1507,2.0,SMS Sent,India,Supply Chain Management,Unemployed,Better Career Prospects,No,No,No,No,No,No,No,No,Busy,Not Sure,No,No,Thane & Outskirts,,,,,No,No,SMS Sent
427,4994,96,Hot,0.9565986,1,0,API,Organic Search,No,No,3.0,1219,3.0,SMS Sent,India,,Unemployed,Better Career Prospects,No,No,No,No,No,No,No,No,Busy,Not Sure,No,No,,,,,,No,No,SMS Sent
428,3655,96,Hot,0.96030927,1,1,Landing Page Submission,Google,No,No,7.0,1274,2.33,Email Opened,India,Marketing Management,Other,Better Career Prospects,No,No,No,No,No,No,No,No,Will revert after reading the email,,No,No,Mumbai,,,,,No,No,Email Opened
429,4253,96,Hot,0.959945,1,1,Landing Page Submission,Google,No,No,5.0,1473,5.0,SMS Sent,India,Marketing Management,Unemployed,Better Career Prospects,No,No,No,No,No,No,No,No,Will revert after reading the email,Might be,No,No,Other Cities,,,,,No,No,SMS Sent
430,8419,95,Hot,0.95143807,1,1,Landing Page Submission,Direct Traffic,No,No,2.0,849,2.0,Email Opened,India,Marketing Management,Unemployed,Better Career Prospects,No,No,No,No,No,No,No,No,Lost to EINS,Worst,No,No,Mumbai,02.Medium,01.High,14.0,18.0,No,Yes,Email Opened
431,6730,95,Hot,0.9478423,1,1,Landing Page Submission,Organic Search,Yes,No,4.0,56,4.0,Email Bounced,India,Finance Management,Working Professional,Better Career Prospects,No,No,No,No,No,No,No,No,Closed by Horizzon,High in Relevance,No,No,Mumbai,,,,,No,Yes,Email Bounced
432,7347,95,Hot,0.94933134,1,1,Landing Page Submission,Google,No,No,3.0,1199,3.0,SMS Sent,India,Human Resource Management,Unemployed,Better Career Prospects,No,No,No,No,No,No,No,No,Will revert after reading the email,Might be,No,No,Mumbai,02.Medium,01.High,14.0,18.0,No,No,SMS Sent
433,2031,95,Hot,0.94933134,1,1,Landing Page Submission,Google,No,No,3.0,1298,3.0,SMS Sent,India,Human Resource Management,,,No,No,No,No,No,No,No,No,,,No,No,Mumbai,02.Medium,01.High,14.0,18.0,No,No,SMS Sent
434,1528,95,Hot,0.94622666,1,1,Landing Page Submission,Google,No,No,4.0,1017,4.0,SMS Sent,India,Human Resource Management,Unemployed,Better Career Prospects,No,No,No,No,No,No,No,No,Will revert after reading the email,Might be,No,No,Mumbai,02.Medium,01.High,14.0,18.0,No,No,SMS Sent
435,2556,95,Hot,0.95113087,1,1,Landing Page Submission,Google,No,No,5.0,538,5.0,SMS Sent,India,Finance Management,Unemployed,Better Career Prospects,No,No,No,No,No,No,No,No,,,No,No,Mumbai,02.Medium,01.High,15.0,18.0,No,No,SMS Sent
436,3951,95,Hot,0.9524276,1,1,Landing Page Submission,Direct Traffic,No,No,7.0,543,3.5,Email Opened,India,Human Resource Management,,,No,No,No,No,No,No,No,No,Lost to EINS,,No,No,Mumbai,,,,,No,Yes,Email Opened
437,3929,95,Hot,0.9463609,1,1,Landing Page Submission,Google,No,No,3.0,1137,1.5,SMS Sent,India,Operations Management,Unemployed,Better Career Prospects,No,No,No,No,No,No,No,No,Busy,Not Sure,No,No,Other Metro Cities,,,,,No,No,SMS Sent
438,8433,95,Hot,0.9546588,1,0,Landing Page Submission,Direct Traffic,No,No,3.0,1318,3.0,SMS Sent,India,Human Resource Management,Unemployed,Better Career Prospects,No,No,No,No,No,No,No,No,Busy,Not Sure,No,No,Other Cities,02.Medium,02.Medium,14.0,16.0,No,Yes,SMS Sent
439,3441,95,Hot,0.9499829,1,1,API,Olark Chat,No,No,0.0,0,0.0,Email Opened,,,Unemployed,Better Career Prospects,No,No,No,No,No,No,No,No,Will revert after reading the email,High in Relevance,No,No,Mumbai,,,,,No,No,Email Opened
440,6819,95,Hot,0.94844925,1,1,Landing Page Submission,Organic Search,No,No,15.0,1205,3.75,SMS Sent,India,Rural and Agribusiness,Unemployed,Better Career Prospects,No,No,No,No,No,No,No,No,,,No,No,Other Cities,,,,,No,Yes,SMS Sent
441,3360,95,Hot,0.95141435,1,1,Landing Page Submission,Google,No,No,3.0,1178,3.0,SMS Sent,India,Supply Chain Management,,,No,No,No,No,No,No,No,No,,,No,No,Mumbai,,,,,No,No,SMS Sent
442,4750,95,Hot,0.95405185,1,1,Landing Page Submission,Direct Traffic,No,No,2.0,1380,2.0,SMS Sent,India,Marketing Management,,,No,No,No,No,No,No,No,No,,,No,No,Other Cities,,,,,No,No,SMS Sent
443,4960,95,Hot,0.9549695,1,1,Landing Page Submission,Direct Traffic,No,No,6.0,548,2.0,SMS Sent,India,E-COMMERCE,Unemployed,Better Career Prospects,No,No,No,No,No,No,No,No,Will revert after reading the email,Not Sure,No,No,Mumbai,,,,,No,No,SMS Sent
444,8711,95,Hot,0.95324475,1,1,Landing Page Submission,Direct Traffic,No,No,4.0,1070,4.0,SMS Sent,India,E-COMMERCE,Unemployed,Better Career Prospects,No,No,No,No,No,No,No,No,Will revert after reading the email,Might be,No,No,Other Metro Cities,02.Medium,02.Medium,14.0,15.0,No,Yes,SMS Sent
445,230,95,Hot,0.9542056,1,1,Landing Page Submission,Direct Traffic,No,No,3.0,1183,3.0,Email Opened,India,Finance Management,,,No,No,No,No,No,No,No,No,Lost to EINS,,No,No,Thane & Outskirts,02.Medium,01.High,13.0,17.0,No,Yes,Email Opened
446,8664,95,Hot,0.94848156,1,0,API,Google,No,No,8.0,33,1.6,Email Opened,India,Supply Chain Management,Unemployed,Better Career Prospects,No,No,No,No,No,No,No,No,Lost to EINS,Low in Relevance,No,No,Mumbai,02.Medium,01.High,14.0,18.0,No,Yes,Email Opened
447,3757,95,Hot,0.95472574,1,1,Landing Page Submission,Google,No,No,3.0,234,3.0,Email Opened,India,E-Business,Unemployed,Better Career Prospects,No,No,No,No,No,No,No,No,Closed by Horizzon,,No,No,Mumbai,02.Medium,01.High,15.0,18.0,No,No,Modified
448,3021,95,Hot,0.95378417,1,1,Landing Page Submission,Google,No,No,2.0,678,2.0,SMS Sent,India,Hospitality Management,Unemployed,Better Career Prospects,No,No,No,No,No,No,No,No,Will revert after reading the email,Not Sure,No,No,Mumbai,,,,,No,No,SMS Sent
449,7486,95,Hot,0.94720054,1,1,Landing Page Submission,Direct Traffic,No,No,11.0,1049,2.2,SMS Sent,India,"Banking, Investment And Insurance",Unemployed,Better Career Prospects,No,No,No,No,No,No,No,No,Will revert after reading the email,Might be,No,No,,02.Medium,01.High,14.0,17.0,No,No,SMS Sent
450,3643,95,Hot,0.9497824,1,1,Landing Page Submission,Direct Traffic,No,No,2.0,1146,2.0,SMS Sent,India,Marketing Management,Unemployed,Better Career Prospects,No,No,No,No,No,No,No,No,Will revert after reading the email,Might be,No,No,Other Metro Cities,,,,,No,Yes,SMS Sent
451,4288,95,Hot,0.9457688,1,1,Landing Page Submission,Direct Traffic,No,No,10.0,744,2.0,SMS Sent,India,,,,No,No,No,No,No,No,No,No,,,No,No,Mumbai,,,,,No,No,SMS Sent
452,914,95,Hot,0.94613606,1,1,API,Olark Chat,No,No,0.0,0,0.0,Unreachable,,,Unemployed,Better Career Prospects,No,No,No,No,No,No,No,No,Lost to EINS,Not Sure,No,No,,02.Medium,02.Medium,13.0,15.0,No,No,Modified
453,5050,95,Hot,0.94584066,1,1,Landing Page Submission,Google,No,No,3.0,1303,3.0,SMS Sent,India,"Banking, Investment And Insurance",Unemployed,Better Career Prospects,No,No,No,No,No,No,No,No,Will revert after reading the email,Might be,No,No,Thane & Outskirts,,,,,No,No,SMS Sent
454,3035,95,Hot,0.9547185,1,0,Landing Page Submission,Google,No,No,5.0,1049,5.0,SMS Sent,India,Marketing Management,,,No,No,No,No,No,No,No,No,,,No,No,Mumbai,,,,,No,No,SMS Sent
455,3098,95,Hot,0.95004475,1,0,Landing Page Submission,Organic Search,No,No,3.0,1046,3.0,SMS Sent,India,Healthcare Management,,,No,No,No,No,No,No,No,No,,,No,No,Mumbai,,,,,No,Yes,SMS Sent
456,3952,95,Hot,0.9522128,1,1,Landing Page Submission,Direct Traffic,No,No,6.0,1081,3.0,SMS Sent,Singapore,Business Administration,Unemployed,Better Career Prospects,No,No,No,No,No,No,No,No,Will revert after reading the email,Might be,No,No,Thane & Outskirts,,,,,No,Yes,SMS Sent
457,5306,95,Hot,0.9468096,1,0,Landing Page Submission,Direct Traffic,No,No,3.0,1127,3.0,SMS Sent,India,Travel and Tourism,,,No,No,No,No,No,No,No,No,,,No,No,Other Cities,,,,,No,Yes,SMS Sent
458,4497,95,Hot,0.9548918,1,1,Landing Page Submission,Direct Traffic,No,No,10.0,900,5.0,SMS Sent,India,IT Projects Management,,,No,No,No,No,No,No,No,No,,,No,No,Other Cities of Maharashtra,,,,,No,Yes,SMS Sent
459,2589,95,Hot,0.9501421,1,1,Landing Page Submission,Direct Traffic,No,No,2.0,882,2.0,SMS Sent,India,Business Administration,Unemployed,Better Career Prospects,No,No,No,No,No,No,No,No,Will revert after reading the email,Might be,No,No,Mumbai,02.Medium,01.High,14.0,18.0,No,Yes,SMS Sent
460,973,95,Hot,0.9533011,1,1,API,Olark Chat,No,No,2.0,1134,1.0,SMS Sent,India,Marketing Management,Student,Better Career Prospects,No,No,No,No,No,No,No,No,Will revert after reading the email,Might be,No,No,Mumbai,02.Medium,02.Medium,15.0,16.0,No,No,Modified
461,551,94,Hot,0.9433284,1,1,Landing Page Submission,Referral Sites,No,No,5.0,1342,5.0,Email Opened,India,Marketing Management,Working Professional,Better Career Prospects,No,No,No,No,No,No,No,No,Will revert after reading the email,,No,No,Other Metro Cities,02.Medium,02.Medium,13.0,15.0,No,Yes,Email Opened
462,4537,94,Hot,0.94326365,1,1,Landing Page Submission,Google,No,No,4.0,1081,4.0,SMS Sent,India,Finance Management,Unemployed,Better Career Prospects,No,No,No,No,No,No,No,No,Will revert after reading the email,Might be,No,No,Other Cities of Maharashtra,,,,,No,No,SMS Sent
463,1265,94,Hot,0.9401381,1,1,Landing Page Submission,Organic Search,No,No,5.0,1208,5.0,SMS Sent,India,Travel and Tourism,Unemployed,Better Career Prospects,No,No,No,No,No,No,No,No,Will revert after reading the email,Might be,No,No,Other Metro Cities,02.Medium,02.Medium,14.0,14.0,No,Yes,SMS Sent
464,4170,94,Hot,0.9382056,1,1,Landing Page Submission,Direct Traffic,No,No,4.0,929,4.0,SMS Sent,India,IT Projects Management,Unemployed,Better Career Prospects,No,No,No,No,No,No,No,No,Will revert after reading the email,Might be,No,No,Other Metro Cities,,,,,No,Yes,SMS Sent
465,3446,94,Hot,0.9352249,1,1,Landing Page Submission,Google,No,No,2.0,950,2.0,Page Visited on Website,India,"Banking, Investment And Insurance",Unemployed,Better Career Prospects,No,No,No,No,No,No,No,No,Will revert after reading the email,Low in Relevance,No,No,Mumbai,,,,,No,No,Modified
466,5931,94,Hot,0.94446725,1,1,Landing Page Submission,Direct Traffic,No,No,3.0,1277,3.0,SMS Sent,India,Operations Management,,,No,No,No,No,No,No,No,No,,,No,No,Thane & Outskirts,,,,,No,No,SMS Sent
467,75,94,Hot,0.9395859,1,1,Landing Page Submission,Direct Traffic,No,No,2.0,1071,2.0,Email Opened,India,Marketing Management,Unemployed,Better Career Prospects,No,No,No,No,No,No,No,No,Lost to EINS,Not Sure,No,No,Other Cities of Maharashtra,03.Low,01.High,12.0,17.0,No,Yes,Email Opened
468,5589,94,Hot,0.93561625,1,1,API,Google,No,No,4.0,357,4.0,Email Opened,India,Finance Management,Unemployed,Better Career Prospects,No,No,No,No,No,No,No,No,Will revert after reading the email,High in Relevance,No,No,Other Cities of Maharashtra,,,,,No,No,Email Opened
469,7091,94,Hot,0.94124985,1,1,API,Olark Chat,No,No,2.0,662,1.0,SMS Sent,India,Finance Management,Unemployed,Better Career Prospects,No,No,No,No,No,No,No,No,Will revert after reading the email,Might be,No,No,Mumbai,02.Medium,02.Medium,14.0,15.0,No,No,SMS Sent
470,5896,94,Hot,0.9446885,1,1,Landing Page Submission,Organic Search,No,No,3.0,1382,3.0,SMS Sent,India,Operations Management,,,No,No,No,No,No,No,No,No,,,No,No,Mumbai,,,,,No,Yes,SMS Sent
471,8859,94,Hot,0.9436122,1,1,Landing Page Submission,Google,No,No,5.0,1202,5.0,SMS Sent,India,International Business,,,No,No,No,No,No,No,No,No,,,No,No,Mumbai,02.Medium,01.High,14.0,18.0,No,No,SMS Sent
472,6740,94,Hot,0.9423779,1,1,Landing Page Submission,Direct Traffic,No,No,5.0,1449,5.0,SMS Sent,India,Finance Management,Unemployed,Better Career Prospects,No,No,No,No,No,No,No,No,,,No,No,Mumbai,,,,,No,Yes,SMS Sent
473,5068,94,Hot,0.9444243,1,1,Landing Page Submission,Direct Traffic,No,No,4.0,1298,2.0,SMS Sent,India,IT Projects Management,Unemployed,Better Career Prospects,No,No,No,No,No,No,No,No,,,No,No,Other Cities,,,,,No,Yes,SMS Sent
474,8783,94,Hot,0.9431537,1,0,Landing Page Submission,Direct Traffic,No,No,5.0,869,5.0,SMS Sent,India,Supply Chain Management,,,No,No,No,No,No,No,No,No,,,No,No,Mumbai,02.Medium,01.High,14.0,18.0,No,No,SMS Sent
475,5492,94,Hot,0.9442151,1,1,Landing Page Submission,Direct Traffic,No,No,3.0,1287,3.0,SMS Sent,India,"Banking, Investment And Insurance",Unemployed,Better Career Prospects,No,No,No,No,No,No,No,No,Will revert after reading the email,Might be,No,No,Mumbai,,,,,No,Yes,SMS Sent
476,5349,94,Hot,0.93531495,1,1,API,Google,No,No,24.0,282,3.43,SMS Sent,India,Human Resource Management,Unemployed,Better Career Prospects,No,No,No,No,No,No,No,No,Will revert after reading the email,Might be,No,No,Mumbai,01.High,02.Medium,16.0,16.0,No,No,SMS Sent
477,5649,94,Hot,0.9444179,1,1,Landing Page Submission,Direct Traffic,No,No,4.0,901,4.0,SMS Sent,India,Travel and Tourism,Unemployed,Better Career Prospects,No,No,No,No,No,No,No,No,Will revert after reading the email,Might be,No,No,Other Cities,,,,,No,Yes,SMS Sent
478,9134,94,Hot,0.93821675,1,1,API,Olark Chat,No,No,0.0,0,0.0,Olark Chat Conversation,,,Unemployed,Better Career Prospects,No,No,No,No,No,No,No,No,Lost to EINS,Might be,No,No,,02.Medium,02.Medium,15.0,16.0,No,No,Olark Chat Conversation
479,7432,94,Hot,0.9384722,1,1,Landing Page Submission,Google,No,No,2.0,1277,2.0,SMS Sent,India,IT Projects Management,Unemployed,Better Career Prospects,No,No,No,No,No,No,No,No,Will revert after reading the email,Might be,No,No,Mumbai,02.Medium,02.Medium,14.0,15.0,No,No,SMS Sent
480,3520,94,Hot,0.93595916,1,1,Landing Page Submission,Direct Traffic,No,No,5.0,1106,5.0,SMS Sent,India,E-Business,,,No,No,No,No,No,No,No,No,,,No,No,Mumbai,,,,,No,Yes,SMS Sent
481,7229,94,Hot,0.9369243,1,1,Landing Page Submission,Organic Search,No,No,4.0,1216,4.0,SMS Sent,India,Operations Management,Unemployed,Better Career Prospects,No,No,No,No,No,No,No,No,Will revert after reading the email,Might be,No,No,,,,,,No,No,SMS Sent
482,4003,94,Hot,0.9407317,1,1,Landing Page Submission,Google,No,No,6.0,1424,6.0,SMS Sent,India,E-Business,,,No,No,No,No,No,No,No,No,,,No,No,Other Cities,,,,,No,No,SMS Sent
483,5744,94,Hot,0.93939775,1,1,Landing Page Submission,Google,No,No,4.0,618,4.0,SMS Sent,India,Media and Advertising,,,No,No,No,No,No,No,No,No,,,No,No,Tier II Cities,,,,,No,No,SMS Sent
484,4872,94,Hot,0.94279385,1,1,Landing Page Submission,Direct Traffic,No,No,2.0,41,2.0,Email Opened,India,Business Administration,Unemployed,Better Career Prospects,No,No,No,No,No,No,No,No,Will revert after reading the email,High in Relevance,No,No,Mumbai,,,,,No,No,Email Opened
485,5952,93,Hot,0.9343696,1,1,Landing Page Submission,Google,No,No,14.0,1442,2.8,Olark Chat Conversation,India,Finance Management,Unemployed,Better Career Prospects,No,No,No,No,No,No,No,No,Will revert after reading the email,Might be,No,No,Mumbai,01.High,01.High,16.0,20.0,No,Yes,Olark Chat Conversation
486,8791,93,Hot,0.92737156,1,1,Landing Page Submission,Google,No,No,5.0,5,2.5,Email Opened,India,Business Administration,Unemployed,Better Career Prospects,No,No,No,No,No,No,No,No,Will revert after reading the email,High in Relevance,No,No,Other Cities,,,,,No,Yes,Email Opened
487,2162,93,Hot,0.92591053,1,1,Landing Page Submission,Google,No,No,3.0,1713,3.0,Email Opened,India,IT Projects Management,Unemployed,Better Career Prospects,No,No,No,No,No,No,No,No,,,No,No,Mumbai,02.Medium,02.Medium,15.0,15.0,No,No,Email Opened
488,3958,93,Hot,0.9276077,1,1,Lead Add Form,Reference,No,No,0.0,0,0.0,Email Opened,,,Unemployed,Better Career Prospects,No,No,No,No,No,No,No,No,,,No,No,,,,,,No,No,Email Opened
489,4181,93,Hot,0.9299201,1,1,Landing Page Submission,Direct Traffic,No,No,3.0,700,3.0,SMS Sent,India,E-COMMERCE,Unemployed,Better Career Prospects,No,No,No,No,No,No,No,No,Will revert after reading the email,Might be,No,No,Mumbai,,,,,No,Yes,SMS Sent
490,7480,93,Hot,0.92501247,1,1,Lead Add Form,Reference,No,No,0.0,0,0.0,Email Opened,,,Unemployed,Better Career Prospects,No,No,No,No,No,No,No,No,,,No,No,,02.Medium,01.High,14.0,17.0,No,No,Email Opened
491,3249,93,Hot,0.93458503,1,1,Landing Page Submission,Direct Traffic,No,No,2.0,695,2.0,SMS Sent,India,Business Administration,Unemployed,Better Career Prospects,No,No,No,No,No,No,No,No,Will revert after reading the email,Might be,No,No,,,,,,No,No,SMS Sent
492,3777,93,Hot,0.9308818,1,1,Landing Page Submission,Direct Traffic,Yes,No,4.0,1040,4.0,SMS Sent,India,International Business,Unemployed,Better Career Prospects,No,No,No,No,No,No,No,No,Will revert after reading the email,Low in Relevance,No,No,Other Cities of Maharashtra,,,,,No,Yes,SMS Sent
493,892,93,Hot,0.9297509,1,1,Landing Page Submission,Google,No,No,6.0,1966,6.0,Email Opened,India,Business Administration,Unemployed,Better Career Prospects,No,No,No,No,No,No,No,No,Will revert after reading the email,Low in Relevance,No,No,Other Cities of Maharashtra,02.Medium,01.High,13.0,17.0,No,No,Email Opened
494,1294,93,Hot,0.93013906,1,1,API,Olark Chat,Yes,No,0.0,0,0.0,SMS Sent,,,Unemployed,Better Career Prospects,No,No,No,No,No,No,No,No,,,No,No,,01.High,02.Medium,16.0,15.0,No,No,SMS Sent
495,1956,93,Hot,0.9324503,1,1,API,Olark Chat,No,No,0.0,0,0.0,Email Opened,,,Unemployed,Better Career Prospects,No,No,No,No,No,No,No,No,Lost to EINS,,No,No,,02.Medium,02.Medium,14.0,15.0,No,No,Email Opened
496,9152,93,Hot,0.926146,1,1,Landing Page Submission,Google,No,No,4.0,1115,4.0,Email Opened,India,Business Administration,,,No,No,No,No,No,No,No,No,,,No,No,Other Cities of Maharashtra,02.Medium,01.High,15.0,17.0,No,No,Email Opened
497,3981,93,Hot,0.9330664,1,1,Landing Page Submission,Direct Traffic,No,No,9.0,40,3.0,Form Submitted on Website,India,Finance Management,Unemployed,Better Career Prospects,No,No,No,No,No,No,No,No,Lost to EINS,Worst,No,No,Mumbai,02.Medium,01.High,14.0,18.0,No,Yes,Modified
498,6012,93,Hot,0.92883366,1,0,Lead Add Form,Reference,No,No,,31,,,,Marketing Management,Unemployed,Better Career Prospects,No,No,No,No,No,No,No,No,Will revert after reading the email,Low in Relevance,No,No,Mumbai,,,,,No,No,Modified
499,4608,93,Hot,0.92645323,1,1,Landing Page Submission,Google,No,No,8.0,252,2.67,Email Opened,India,Finance Management,Unemployed,Better Career Prospects,No,No,No,No,No,No,No,No,Closed by Horizzon,,No,No,Mumbai,,,,,No,Yes,Email Opened
500,4341,93,Hot,0.92770386,1,1,Landing Page Submission,Direct Traffic,No,No,3.0,399,3.0,Email Opened,India,Rural and Agribusiness,Unemployed,Better Career Prospects,No,No,No,No,No,No,No,No,Will revert after reading the email,Low in Relevance,No,No,Other Cities of Maharashtra,,,,,No,Yes,Email Opened
501,8150,93,Hot,0.9342389,1,1,API,Google,No,No,2.0,1096,2.0,SMS Sent,India,,,,No,No,No,No,No,No,No,No,,,No,No,,02.Medium,02.Medium,15.0,15.0,No,No,Modified
502,8819,93,Hot,0.9256757,1,1,Landing Page Submission,Google,No,No,5.0,1464,5.0,Email Opened,India,IT Projects Management,Working Professional,Better Career Prospects,No,No,No,No,No,No,No,No,Will revert after reading the email,Might be,No,No,Mumbai,02.Medium,02.Medium,13.0,15.0,No,No,Email Opened
503,8110,93,Hot,0.9325645,1,1,Lead Add Form,Reference,Yes,No,0.0,0,0.0,Email Marked Spam,,Human Resource Management,Unemployed,Better Career Prospects,No,No,No,No,No,No,No,No,Will revert after reading the email,Might be,No,No,,02.Medium,01.High,14.0,19.0,No,No,Email Marked Spam
504,1655,93,Hot,0.92591053,1,1,Landing Page Submission,Google,No,No,3.0,1622,3.0,Email Opened,India,IT Projects Management,Unemployed,Better Career Prospects,No,No,No,No,No,No,No,No,,,No,No,Mumbai,02.Medium,02.Medium,15.0,15.0,No,No,Email Opened
505,4580,92,Hot,0.9243033,1,1,API,Olark Chat,No,No,0.0,0,0.0,SMS Sent,,,,,No,No,No,No,No,No,No,No,,,No,No,,,,,,No,No,SMS Sent
506,3328,92,Hot,0.9243033,1,1,API,Olark Chat,No,No,0.0,0,0.0,SMS Sent,,,Unemployed,Better Career Prospects,No,No,No,No,No,No,No,No,,,No,No,,,,,,No,No,SMS Sent
507,1022,92,Hot,0.91662526,1,1,API,Google,No,No,3.0,970,3.0,SMS Sent,India,Marketing Management,Unemployed,Better Career Prospects,No,No,No,No,No,No,No,No,Will revert after reading the email,Might be,No,No,,02.Medium,02.Medium,15.0,16.0,No,No,Modified
508,5016,92,Hot,0.9243033,1,1,API,Olark Chat,No,No,0.0,0,0.0,SMS Sent,,,,,No,No,No,No,No,No,No,No,,,No,No,,,,,,No,No,SMS Sent
509,5953,92,Hot,0.9243033,1,1,API,Olark Chat,No,No,0.0,0,0.0,SMS Sent,,,Unemployed,Better Career Prospects,No,No,No,No,No,No,No,No,,,No,No,,,,,,No,No,SMS Sent
510,3183,92,Hot,0.9243033,1,1,API,Olark Chat,No,No,0.0,0,0.0,SMS Sent,,,Unemployed,Better Career Prospects,No,No,No,No,No,No,No,No,Will revert after reading the email,Might be,No,No,,,,,,No,No,SMS Sent
511,5526,92,Hot,0.9243033,1,1,API,Olark Chat,No,No,0.0,0,0.0,SMS Sent,,,,,No,No,No,No,No,No,No,No,,,No,No,,,,,,No,No,SMS Sent
512,1931,92,Hot,0.92388153,1,1,API,Olark Chat,No,No,0.0,0,0.0,SMS Sent,,,Unemployed,Better Career Prospects,No,No,No,No,No,No,No,No,Will revert after reading the email,Not Sure,No,No,,02.Medium,02.Medium,15.0,16.0,No,No,Modified
513,9039,92,Hot,0.9206056,1,1,API,Google,No,No,2.0,1171,1.0,Email Opened,India,,,,No,No,No,No,No,No,No,No,,,No,No,,02.Medium,02.Medium,15.0,15.0,No,No,Email Opened
514,5373,92,Hot,0.9207958,1,1,Landing Page Submission,Google,No,No,5.0,451,5.0,Email Opened,India,Marketing Management,Working Professional,Better Career Prospects,No,No,No,No,No,No,No,No,Will revert after reading the email,Might be,No,No,Mumbai,,,,,No,No,Email Opened
515,6757,92,Hot,0.9243033,1,1,API,Olark Chat,No,No,0.0,0,0.0,SMS Sent,,,Unemployed,Better Career Prospects,No,No,No,No,No,No,No,No,,,No,No,,,,,,No,No,SMS Sent
516,7650,92,Hot,0.9167115,1,1,Landing Page Submission,Direct Traffic,No,No,4.0,69,4.0,SMS Sent,India,Human Resource Management,,,No,No,No,No,No,No,No,No,,,No,No,Mumbai,02.Medium,01.High,15.0,18.0,No,Yes,SMS Sent
517,1589,92,Hot,0.92182577,1,1,Landing Page Submission,Direct Traffic,No,No,2.0,850,2.0,Email Opened,India,Business Administration,Unemployed,Better Career Prospects,No,No,No,No,No,No,No,No,Busy,Not Sure,No,No,Other Cities,02.Medium,02.Medium,15.0,16.0,No,No,Email Opened
518,9091,92,Hot,0.9210431,1,1,Landing Page Submission,Google,No,No,9.0,924,3.0,Page Visited on Website,India,Human Resource Management,Unemployed,Better Career Prospects,No,No,No,No,No,No,No,No,Busy,Not Sure,No,No,Thane & Outskirts,02.Medium,01.High,15.0,19.0,No,No,Page Visited on Website
519,8734,92,Hot,0.9216205,1,1,Landing Page Submission,Google,No,No,2.0,100,2.0,Email Opened,India,Media and Advertising,Unemployed,Better Career Prospects,No,No,No,No,No,No,No,No,Will revert after reading the email,Low in Relevance,No,No,Mumbai,02.Medium,01.High,14.0,19.0,No,No,Email Opened
520,1257,92,Hot,0.9179729,1,1,Landing Page Submission,Organic Search,No,No,6.0,298,6.0,SMS Sent,India,Supply Chain Management,Unemployed,Better Career Prospects,No,No,No,No,No,No,No,No,Will revert after reading the email,Might be,No,No,Mumbai,02.Medium,01.High,15.0,18.0,No,Yes,SMS Sent
521,5220,92,Hot,0.9243033,1,1,API,Olark Chat,No,No,0.0,0,0.0,SMS Sent,,,,,No,No,No,No,No,No,No,No,,,No,No,,,,,,No,No,SMS Sent
522,4029,92,Hot,0.9243033,1,1,API,Olark Chat,No,No,0.0,0,0.0,SMS Sent,,,Unemployed,Better Career Prospects,No,No,No,No,No,No,No,No,,,No,No,,,,,,No,No,SMS Sent
523,4141,92,Hot,0.9243033,1,1,API,Olark Chat,No,No,0.0,0,0.0,SMS Sent,,,Unemployed,Better Career Prospects,No,No,No,No,No,No,No,No,,,No,No,,,,,,No,No,SMS Sent
524,5961,92,Hot,0.9243033,1,1,API,Olark Chat,No,No,0.0,0,0.0,SMS Sent,,,Unemployed,Better Career Prospects,No,No,No,No,No,No,No,No,,,No,No,,,,,,No,No,SMS Sent
525,7851,92,Hot,0.9205566,1,1,Landing Page Submission,Google,No,No,5.0,1255,2.5,Email Received,India,Marketing Management,Working Professional,Better Career Prospects,No,No,No,No,No,No,No,No,Will revert after reading the email,Might be,No,No,Mumbai,02.Medium,01.High,14.0,18.0,No,No,Modified
526,6063,92,Hot,0.9243033,1,1,API,Olark Chat,No,No,0.0,0,0.0,SMS Sent,,,Unemployed,Better Career Prospects,No,No,No,No,No,No,No,No,,,No,No,,,,,,No,No,SMS Sent
527,5322,92,Hot,0.9243033,1,1,API,Olark Chat,No,No,0.0,0,0.0,SMS Sent,,,,,No,No,No,No,No,No,No,No,,,No,No,,,,,,No,No,SMS Sent
528,2756,92,Hot,0.9243033,1,1,API,Olark Chat,No,No,0.0,0,0.0,SMS Sent,,,Unemployed,Better Career Prospects,No,No,No,No,No,No,No,No,Will revert after reading the email,Might be,No,No,,,,,,No,No,SMS Sent
529,1546,92,Hot,0.92437124,1,1,Landing Page Submission,Google,No,No,4.0,1381,4.0,Email Opened,India,Human Resource Management,Unemployed,Better Career Prospects,No,No,No,No,No,No,No,No,Busy,Not Sure,No,No,Mumbai,02.Medium,01.High,15.0,18.0,No,Yes,Email Opened
530,3262,92,Hot,0.9239441,1,0,Lead Add Form,Olark Chat,No,No,0.0,0,0.0,Email Opened,,Marketing Management,Unemployed,Better Career Prospects,No,No,No,No,No,No,No,No,,,No,No,,,,,,No,No,Email Opened
531,4619,92,Hot,0.9243033,1,1,API,Olark Chat,No,No,0.0,0,0.0,SMS Sent,,,,,No,No,No,No,No,No,No,No,,,No,No,,,,,,No,No,SMS Sent
532,4919,92,Hot,0.9243033,1,1,API,Olark Chat,No,No,0.0,0,0.0,SMS Sent,,,,,No,No,No,No,No,No,No,No,,,No,No,,,,,,No,No,SMS Sent
533,3324,92,Hot,0.9243033,1,0,API,Olark Chat,No,No,0.0,0,0.0,SMS Sent,,,,,No,No,No,No,No,No,No,No,,,No,No,,,,,,No,No,SMS Sent
534,4898,92,Hot,0.9243033,1,1,API,Olark Chat,No,No,0.0,0,0.0,SMS Sent,,,,,No,No,No,No,No,No,No,No,,,No,No,,,,,,No,No,SMS Sent
535,2944,92,Hot,0.9243033,1,1,API,Olark Chat,No,No,0.0,0,0.0,SMS Sent,,,Unemployed,Better Career Prospects,No,No,No,No,No,No,No,No,,,No,No,,,,,,No,No,SMS Sent
536,6840,92,Hot,0.9243033,1,1,API,Olark Chat,No,No,0.0,0,0.0,SMS Sent,,,Unemployed,Better Career Prospects,No,No,No,No,No,No,No,No,,,No,No,,,,,,No,No,SMS Sent
537,9162,91,Hot,0.9107463,1,1,API,Olark Chat,No,No,7.0,1516,3.5,Email Opened,India,Finance Management,Unemployed,Better Career Prospects,No,No,No,No,No,No,No,No,Will revert after reading the email,Might be,No,No,Other Cities,02.Medium,02.Medium,15.0,16.0,No,No,Email Opened
538,6204,91,Hot,0.9054554,1,1,API,Olark Chat,No,No,4.0,56,1.33,Email Opened,,Retail Management,Working Professional,Better Career Prospects,No,No,No,No,No,No,No,No,Will revert after reading the email,,No,No,Mumbai,,,,,No,No,Email Opened
539,8008,91,Hot,0.91325,1,1,Landing Page Submission,Direct Traffic,No,No,2.0,900,2.0,Converted to Lead,India,Healthcare Management,Working Professional,Better Career Prospects,No,No,No,No,No,No,No,No,Will revert after reading the email,Might be,No,No,,02.Medium,02.Medium,15.0,14.0,No,No,Modified
540,2916,91,Hot,0.91463333,1,0,Landing Page Submission,Organic Search,No,No,4.0,639,4.0,SMS Sent,India,International Business,Unemployed,Better Career Prospects,No,No,No,No,No,No,No,No,Busy,Not Sure,No,No,Mumbai,,,,,No,No,SMS Sent
541,5655,91,Hot,0.90876335,1,1,Landing Page Submission,Direct Traffic,No,No,1.0,496,1.0,Converted to Lead,India,IT Projects Management,Student,Better Career Prospects,No,No,No,No,No,No,No,No,Lost to EINS,Worst,No,No,Mumbai,,,,,No,Yes,Modified
542,5330,91,Hot,0.9103055,1,1,Landing Page Submission,Organic Search,No,No,6.0,1578,3.0,Email Opened,India,Healthcare Management,Unemployed,Better Career Prospects,No,No,No,No,No,No,No,No,Will revert after reading the email,Might be,No,No,Other Cities,02.Medium,02.Medium,15.0,13.0,No,Yes,Email Opened
543,4163,91,Hot,0.9076323,1,1,API,Olark Chat,Yes,No,0.0,0,0.0,SMS Sent,,,Unemployed,Better Career Prospects,No,No,No,No,No,No,No,No,Will revert after reading the email,Might be,No,No,,,,,,No,No,SMS Sent
544,1652,91,Hot,0.9086334,1,1,API,Google,No,No,3.0,1213,1.5,Email Opened,India,,Unemployed,Better Career Prospects,No,No,No,No,No,No,No,No,,,No,No,,02.Medium,02.Medium,15.0,15.0,No,No,Email Opened
545,8763,91,Hot,0.9061211,1,1,Landing Page Submission,NC_EDM,No,No,7.0,931,1.75,Email Opened,India,Human Resource Management,,,No,No,No,No,No,No,No,No,,,No,No,Mumbai,01.High,02.Medium,16.0,16.0,No,No,Email Opened
546,4886,91,Hot,0.9076323,1,0,API,Olark Chat,Yes,No,0.0,0,0.0,SMS Sent,,,,,No,No,No,No,No,No,No,No,,,No,No,,,,,,No,No,SMS Sent
547,1867,91,Hot,0.9124159,1,1,Lead Add Form,Click2call,No,No,15.0,1108,3.0,Email Opened,India,Human Resource Management,Unemployed,Better Career Prospects,No,No,No,No,No,No,No,No,,,No,No,Thane & Outskirts,02.Medium,01.High,15.0,17.0,No,No,Email Opened
548,8451,91,Hot,0.9113669,1,1,Landing Page Submission,Google,No,No,8.0,1607,2.67,SMS Sent,India,Human Resource Management,,,No,No,No,No,No,No,No,No,,,No,No,Thane & Outskirts,02.Medium,01.High,15.0,17.0,No,Yes,Modified
549,3598,91,Hot,0.90668136,1,1,API,Olark Chat,No,No,0.0,0,0.0,Email Opened,,,Unemployed,Better Career Prospects,No,No,No,No,No,No,No,No,Closed by Horizzon,,No,No,,,,,,No,No,Modified
550,8034,91,Hot,0.91257,1,1,Landing Page Submission,Organic Search,No,No,13.0,954,4.33,Olark Chat Conversation,India,Media and Advertising,Unemployed,Better Career Prospects,No,No,No,No,No,No,No,No,Busy,Not Sure,No,No,Mumbai,01.High,01.High,16.0,17.0,No,Yes,Modified
551,8100,91,Hot,0.9054899,1,1,API,Google,No,No,13.0,1725,3.25,Email Opened,India,,Unemployed,Better Career Prospects,No,No,No,No,No,No,No,No,,,No,No,,02.Medium,02.Medium,15.0,15.0,No,No,Email Opened
552,5944,90,Hot,0.9017036,1,1,API,Google,No,No,11.0,523,2.2,SMS Sent,India,Marketing Management,Unemployed,Better Career Prospects,No,No,No,No,No,No,No,No,,,No,No,Mumbai,,,,,No,Yes,SMS Sent
553,1591,90,Hot,0.89993703,1,1,API,Google,No,No,2.0,1069,2.0,Email Opened,India,"Banking, Investment And Insurance",Unemployed,Better Career Prospects,No,No,No,No,No,No,No,No,Will revert after reading the email,Might be,No,No,,02.Medium,02.Medium,15.0,15.0,No,No,Email Opened
554,4731,90,Hot,0.9025185,1,1,Landing Page Submission,Direct Traffic,No,No,3.0,89,3.0,Email Opened,India,Operations Management,Unemployed,Better Career Prospects,No,No,No,No,No,No,No,No,Will revert after reading the email,Low in Relevance,No,No,Other Metro Cities,,,,,No,Yes,Email Opened
555,6810,90,Hot,0.8955634,1,1,Lead Add Form,Reference,Yes,No,,1216,,Email Bounced,,,Unemployed,Better Career Prospects,No,No,No,No,No,No,No,No,Will revert after reading the email,High in Relevance,No,No,,,,,,No,No,Modified
556,8406,90,Hot,0.90239227,1,1,Landing Page Submission,Organic Search,No,No,16.0,1297,1.78,Email Opened,India,Operations Management,Unemployed,Better Career Prospects,No,No,No,No,No,No,No,No,,,No,No,Thane & Outskirts,01.High,01.High,16.0,17.0,No,No,Email Opened
557,2160,90,Hot,0.89625746,1,1,API,Olark Chat,Yes,No,0.0,0,0.0,Email Bounced,,,,,No,No,No,No,No,No,No,No,Lost to EINS,,No,No,,02.Medium,02.Medium,14.0,15.0,No,No,Modified
558,6449,90,Hot,0.9015528,1,1,Landing Page Submission,Google,No,No,8.0,422,1.6,SMS Sent,India,Finance Management,Unemployed,Better Career Prospects,No,No,No,No,No,No,No,No,Will revert after reading the email,Might be,No,No,Other Cities,,,,,No,No,SMS Sent
559,2087,90,Hot,0.90463054,1,1,API,Google,No,No,2.0,915,2.0,Email Opened,India,,Unemployed,Better Career Prospects,No,No,No,No,No,No,No,No,,,No,No,,02.Medium,02.Medium,15.0,15.0,No,No,Email Opened
560,2113,90,Hot,0.89718527,1,0,Landing Page Submission,Organic Search,No,No,6.0,1243,6.0,Email Opened,India,Human Resource Management,Unemployed,Better Career Prospects,No,No,No,No,No,No,No,No,Will revert after reading the email,Might be,No,No,Mumbai,01.High,01.High,16.0,18.0,No,Yes,Email Opened
561,4977,90,Hot,0.8979331,1,1,Landing Page Submission,Google,Yes,No,6.0,1047,6.0,SMS Sent,India,"Banking, Investment And Insurance",Unemployed,Better Career Prospects,No,No,No,No,No,No,No,No,Will revert after reading the email,Might be,No,No,Thane & Outskirts,,,,,No,No,SMS Sent
562,8889,89,Hot,0.8947254,1,1,Landing Page Submission,Direct Traffic,No,No,2.0,834,2.0,SMS Sent,India,Supply Chain Management,Unemployed,Better Career Prospects,No,No,No,No,No,No,No,No,Will revert after reading the email,Might be,No,No,Other Cities of Maharashtra,02.Medium,01.High,14.0,19.0,No,Yes,Modified
563,2405,89,Hot,0.8927282,1,1,Landing Page Submission,Google,No,No,7.0,520,3.5,SMS Sent,India,Media and Advertising,Unemployed,Better Career Prospects,No,No,No,No,No,No,No,No,Will revert after reading the email,Might be,No,No,Other Cities of Maharashtra,02.Medium,02.Medium,14.0,16.0,No,No,SMS Sent
564,715,89,Hot,0.89033383,1,1,Landing Page Submission,Organic Search,No,No,5.0,1016,2.5,Email Opened,India,E-Business,Unemployed,Better Career Prospects,No,No,No,No,No,No,No,No,Will revert after reading the email,Might be,No,No,Other Metro Cities,02.Medium,02.Medium,15.0,16.0,No,Yes,Email Opened
565,363,89,Hot,0.89290226,1,0,Landing Page Submission,Organic Search,No,No,5.0,811,5.0,Email Opened,India,Operations Management,,,No,No,No,No,No,No,No,No,,,No,No,Mumbai,02.Medium,01.High,15.0,18.0,No,Yes,Email Opened
566,160,89,Hot,0.8904839,1,1,Landing Page Submission,Direct Traffic,No,No,3.0,1010,3.0,Email Opened,India,Supply Chain Management,Unemployed,Better Career Prospects,No,No,No,No,No,No,No,No,Will revert after reading the email,Might be,No,No,Other Metro Cities,02.Medium,02.Medium,15.0,16.0,No,Yes,Email Opened
567,982,88,Hot,0.8816841,1,1,Landing Page Submission,Google,No,No,3.0,1995,3.0,Form Submitted on Website,India,IT Projects Management,Unemployed,Better Career Prospects,No,No,No,No,No,No,No,No,Busy,Not Sure,No,No,Other Cities of Maharashtra,02.Medium,02.Medium,14.0,14.0,No,No,Modified
568,2857,88,Hot,0.8836556,1,1,API,Google,No,No,4.0,343,4.0,Email Opened,India,Human Resource Management,Unemployed,Better Career Prospects,No,No,No,No,No,No,No,No,Will revert after reading the email,Low in Relevance,No,No,Mumbai,,,,,No,No,Email Opened
569,8620,88,Hot,0.87981063,1,1,API,Olark Chat,No,No,2.0,1122,1.0,Form Submitted on Website,India,Operations Management,Working Professional,Better Career Prospects,No,No,No,No,No,No,No,No,Will revert after reading the email,Low in Relevance,No,No,Mumbai,02.Medium,01.High,13.0,18.0,No,Yes,Modified
570,9069,88,Hot,0.8753264,1,0,API,Google,No,No,6.0,1458,2.0,Email Opened,India,,,,No,No,No,No,No,No,No,No,,,No,No,,01.High,02.Medium,16.0,15.0,No,No,Email Opened
571,3594,87,Hot,0.8742569,1,0,API,Google,No,No,3.0,1570,1.5,Email Opened,India,,Unemployed,Better Career Prospects,No,No,No,No,No,No,No,No,,,No,No,,,,,,No,No,Email Opened
572,722,87,Hot,0.8737415,1,1,Landing Page Submission,Organic Search,No,No,3.0,1746,3.0,Page Visited on Website,India,Rural and Agribusiness,Unemployed,Better Career Prospects,No,No,No,No,No,No,No,No,Busy,Not Sure,No,No,Other Cities,01.High,02.Medium,16.0,13.0,No,Yes,Modified
573,1405,87,Hot,0.8653196,1,1,Landing Page Submission,Google,No,No,3.0,423,3.0,SMS Sent,India,Business Administration,Unemployed,Better Career Prospects,No,No,No,No,No,No,No,No,,,No,No,Mumbai,02.Medium,01.High,14.0,18.0,No,No,SMS Sent
574,223,87,Hot,0.8733459,1,1,Landing Page Submission,Direct Traffic,No,No,9.0,1164,4.5,Email Opened,India,Healthcare Management,Unemployed,Better Career Prospects,No,No,No,No,No,No,No,No,Will revert after reading the email,Might be,No,No,Mumbai,01.High,02.Medium,16.0,15.0,No,Yes,Email Opened
575,568,87,Hot,0.874395,1,1,Landing Page Submission,Direct Traffic,No,No,3.0,1350,1.5,Email Opened,India,Finance Management,,,No,No,No,No,No,No,No,No,Lost to EINS,,No,No,Mumbai,03.Low,01.High,12.0,18.0,No,Yes,Email Opened
576,18,87,Hot,0.8650992,1,1,Landing Page Submission,Google,No,No,6.0,1688,3.0,Page Visited on Website,India,Marketing Management,Unemployed,Better Career Prospects,No,No,No,No,No,No,No,No,,,No,No,Mumbai,02.Medium,01.High,15.0,18.0,No,No,Page Visited on Website
577,1812,87,Hot,0.86887,1,1,Landing Page Submission,Google,No,No,10.0,1026,10.0,SMS Sent,India,Supply Chain Management,Unemployed,Better Career Prospects,No,No,No,No,No,No,No,No,Will revert after reading the email,Might be,No,No,Mumbai,02.Medium,01.High,13.0,18.0,No,Yes,SMS Sent
578,7685,87,Hot,0.8719275,1,1,Landing Page Submission,Direct Traffic,No,No,14.0,1248,14.0,Email Opened,India,Marketing Management,,,No,No,No,No,No,No,No,No,,,No,No,Other Metro Cities,01.High,02.Medium,16.0,16.0,No,No,Email Opened
579,553,87,Hot,0.87446636,1,1,API,Organic Search,No,No,9.0,1125,9.0,Email Opened,India,,Unemployed,Better Career Prospects,No,No,No,No,No,No,No,No,Will revert after reading the email,Might be,No,No,,02.Medium,02.Medium,15.0,15.0,No,No,Email Opened
580,6560,86,Hot,0.8602595,1,1,Landing Page Submission,Google,No,No,5.0,443,5.0,SMS Sent,India,Operations Management,Unemployed,Better Career Prospects,No,No,No,No,No,No,No,No,Will revert after reading the email,Might be,No,No,Other Metro Cities,,,,,No,No,SMS Sent
581,1882,86,Hot,0.8581581,1,1,API,Direct Traffic,No,No,6.0,1040,6.0,SMS Sent,India,Marketing Management,Unemployed,Better Career Prospects,No,No,No,No,No,No,No,No,Will revert after reading the email,Might be,No,No,,02.Medium,02.Medium,15.0,16.0,No,No,Modified
582,888,86,Hot,0.8566014,1,0,Landing Page Submission,Google,No,No,4.0,1051,4.0,Email Link Clicked,India,International Business,Unemployed,Better Career Prospects,No,No,No,No,No,No,No,No,Busy,Not Sure,No,No,Mumbai,02.Medium,01.High,14.0,18.0,No,No,Email Link Clicked
583,2124,86,Hot,0.8649992,1,1,Landing Page Submission,Google,No,No,5.0,1388,1.67,SMS Sent,India,Business Administration,Unemployed,Better Career Prospects,No,No,No,No,No,No,No,No,Busy,Not Sure,No,No,Mumbai,02.Medium,01.High,14.0,18.0,No,Yes,Modified
584,9130,86,Hot,0.8559439,1,1,Landing Page Submission,Google,No,No,4.0,852,4.0,Email Opened,Australia,Operations Management,Unemployed,Better Career Prospects,No,No,No,No,No,No,No,No,Will revert after reading the email,Might be,No,No,Thane & Outskirts,02.Medium,01.High,14.0,19.0,No,No,Email Opened
585,4482,86,Hot,0.85895044,1,1,API,Google,No,No,3.0,8,1.5,SMS Sent,India,,,,No,No,No,No,No,No,No,No,,,No,No,,,,,,No,No,SMS Sent
586,2787,86,Hot,0.85509634,1,1,Landing Page Submission,Direct Traffic,Yes,No,4.0,1055,4.0,SMS Sent,India,International Business,Unemployed,Better Career Prospects,No,No,No,No,No,No,No,No,Busy,Not Sure,No,No,Mumbai,,,,,No,Yes,SMS Sent
587,745,85,Hot,0.8527986,1,0,Landing Page Submission,Direct Traffic,No,No,2.0,1613,2.0,SMS Sent,India,Supply Chain Management,,,No,No,No,No,No,No,No,No,,,No,No,Mumbai,02.Medium,01.High,13.0,18.0,No,Yes,SMS Sent
588,377,85,Hot,0.8497142,1,1,API,Organic Search,No,No,3.0,1636,1.5,Page Visited on Website,India,,,,No,No,No,No,No,No,No,No,,,No,No,,02.Medium,02.Medium,15.0,15.0,No,No,Page Visited on Website
589,6413,85,Hot,0.8455654,1,0,Landing Page Submission,Organic Search,No,No,5.0,83,5.0,SMS Sent,India,Finance Management,Unemployed,Better Career Prospects,No,No,No,No,No,No,No,No,Closed by Horizzon,Not Sure,No,No,Other Cities of Maharashtra,,,,,No,Yes,SMS Sent
590,4918,85,Hot,0.8497179,1,0,API,Google,No,No,3.0,53,1.5,SMS Sent,India,,,,No,No,No,No,No,No,No,No,,,No,No,,,,,,No,No,SMS Sent
591,7048,85,Hot,0.84586996,1,1,Landing Page Submission,Organic Search,No,No,9.0,1233,4.5,Email Opened,,IT Projects Management,Unemployed,Better Career Prospects,No,No,No,No,No,No,No,No,,,No,No,Other Cities,02.Medium,02.Medium,15.0,13.0,No,Yes,Email Opened
592,3918,85,Hot,0.85438854,1,1,Landing Page Submission,Google,No,No,4.0,1136,4.0,Email Opened,India,Human Resource Management,Unemployed,Better Career Prospects,No,No,No,No,No,No,No,No,Busy,Not Sure,No,No,Mumbai,,,,,No,No,Email Opened
593,8349,85,Hot,0.84541047,1,0,Landing Page Submission,Direct Traffic,No,No,4.0,1224,1.33,Page Visited on Website,India,Finance Management,,,No,No,No,No,No,No,No,No,,,No,No,Mumbai,01.High,01.High,16.0,18.0,No,Yes,Page Visited on Website
594,1574,85,Hot,0.8486007,1,1,Lead Add Form,Reference,No,No,,759,,,,Business Administration,Unemployed,Better Career Prospects,No,No,No,No,No,No,No,No,Will revert after reading the email,Might be,No,No,,02.Medium,01.High,14.0,19.0,No,No,Modified
595,8805,85,Hot,0.84933376,1,1,Landing Page Submission,Google,No,No,3.0,1516,3.0,Email Opened,United States,International Business,,,No,No,No,No,No,No,No,No,,,No,No,Mumbai,02.Medium,01.High,15.0,18.0,No,No,Modified
596,8541,85,Hot,0.85097474,1,1,API,Olark Chat,No,No,11.0,1882,2.75,Email Opened,India,,Unemployed,Better Career Prospects,Yes,No,No,No,No,No,Yes,No,Will revert after reading the email,Might be,No,No,,02.Medium,02.Medium,14.0,15.0,No,No,Email Opened
597,7037,85,Hot,0.8468153,1,1,Landing Page Submission,Google,No,No,3.0,519,3.0,SMS Sent,India,Human Resource Management,,,No,No,No,No,No,No,No,No,,,No,No,Mumbai,,,,,No,No,SMS Sent
598,1897,85,Hot,0.8501379,1,1,Lead Add Form,Reference,No,No,0.0,0,0.0,SMS Sent,,,Unemployed,Better Career Prospects,No,No,No,No,No,No,No,No,Will revert after reading the email,Might be,No,No,,02.Medium,01.High,13.0,17.0,No,No,SMS Sent
599,4852,84,Hot,0.83602136,1,1,API,Organic Search,No,No,2.0,253,2.0,SMS Sent,India,,Unemployed,Better Career Prospects,No,No,No,No,No,No,No,No,Will revert after reading the email,Might be,No,No,,,,,,No,No,SMS Sent
600,8086,84,Hot,0.8422899,1,1,Lead Add Form,Reference,No,No,1.0,1486,1.0,Page Visited on Website,,Retail Management,Unemployed,Better Career Prospects,No,No,No,No,No,No,No,No,Will revert after reading the email,Might be,No,No,,02.Medium,01.High,14.0,19.0,No,No,Page Visited on Website
601,907,83,Hot,0.8290883,1,1,Landing Page Submission,Google,No,No,3.0,781,3.0,Olark Chat Conversation,India,Marketing Management,Unemployed,Better Career Prospects,No,No,No,No,No,No,No,No,,,No,No,Mumbai,01.High,01.High,16.0,18.0,No,No,Modified
602,683,83,Hot,0.82978636,1,1,Landing Page Submission,Referral Sites,No,No,6.0,1505,6.0,Page Visited on Website,India,Human Resource Management,,,No,No,No,No,No,No,No,No,,,No,No,Other Cities,01.High,02.Medium,16.0,15.0,No,Yes,Page Visited on Website
603,2438,83,Hot,0.8276491,1,1,Landing Page Submission,Google,No,No,11.0,1858,2.2,Olark Chat Conversation,India,Marketing Management,Unemployed,Better Career Prospects,No,No,No,No,No,No,No,No,,,No,No,Thane & Outskirts,01.High,01.High,17.0,17.0,No,No,Olark Chat Conversation
604,8494,83,Hot,0.8268918,1,1,Landing Page Submission,Direct Traffic,No,No,3.0,676,3.0,SMS Sent,India,"Banking, Investment And Insurance",,,No,No,No,No,No,No,No,No,,,No,No,Other Cities of Maharashtra,02.Medium,01.High,15.0,17.0,No,Yes,Modified
605,8335,83,Hot,0.83464736,1,1,API,Olark Chat,No,No,0.0,0,0.0,Email Opened,,,Unemployed,Better Career Prospects,No,No,No,No,No,No,No,No,Will revert after reading the email,Not Sure,No,No,,01.High,02.Medium,16.0,15.0,No,No,Email Opened
606,3195,83,Hot,0.8334016,1,0,API,Organic Search,No,No,6.0,259,6.0,SMS Sent,India,,,,No,No,No,No,No,No,No,No,,,No,No,,,,,,No,No,SMS Sent
607,843,82,Hot,0.81876695,1,1,API,Google,No,No,5.0,1577,5.0,Olark Chat Conversation,India,,Unemployed,Better Career Prospects,No,No,No,No,No,No,No,No,Will revert after reading the email,Might be,No,No,,02.Medium,02.Medium,15.0,15.0,No,No,Modified
608,5462,82,Hot,0.8178097,1,1,Landing Page Submission,Organic Search,Yes,No,12.0,218,12.0,Unsubscribed,India,Travel and Tourism,Unemployed,Better Career Prospects,No,No,No,No,No,No,No,No,Will revert after reading the email,High in Relevance,No,No,Mumbai,,,,,No,Yes,Unsubscribed
609,7421,82,Hot,0.8151003,1,1,Landing Page Submission,Direct Traffic,Yes,No,27.0,212,2.45,Page Visited on Website,United States,Finance Management,Unemployed,Better Career Prospects,No,No,No,No,No,No,No,No,Closed by Horizzon,Might be,No,No,Mumbai,01.High,01.High,17.0,18.0,No,Yes,Page Visited on Website
610,6537,82,Hot,0.81915385,1,0,API,Organic Search,No,No,4.0,313,4.0,SMS Sent,India,,Unemployed,Better Career Prospects,No,No,No,No,No,No,No,No,,,No,No,,,,,,No,No,SMS Sent
611,746,82,Hot,0.8236691,1,0,Lead Add Form,Reference,No,No,0.0,0,0.0,SMS Sent,,Marketing Management,Unemployed,Better Career Prospects,No,No,No,No,No,No,No,No,Lost to EINS,High in Relevance,No,No,Mumbai,03.Low,01.High,11.0,20.0,No,No,Modified
612,5299,82,Hot,0.8166619,1,0,API,Organic Search,No,No,6.0,54,2.0,SMS Sent,Italy,,,,No,No,No,No,No,No,No,No,,,No,No,,,,,,No,No,SMS Sent
613,5719,81,Hot,0.808286,1,1,Landing Page Submission,Google,No,No,3.0,1905,3.0,Email Opened,India,Finance Management,Unemployed,Better Career Prospects,No,No,No,No,No,No,No,No,Will revert after reading the email,Might be,No,No,Thane & Outskirts,,,,,No,No,Email Opened
614,4445,81,Hot,0.81247896,1,1,Landing Page Submission,Google,No,No,9.0,1066,3.0,SMS Sent,India,Marketing Management,Unemployed,Better Career Prospects,No,No,No,No,No,No,No,No,Will revert after reading the email,Might be,No,No,Mumbai,02.Medium,01.High,13.0,18.0,No,No,SMS Sent
615,9160,81,Hot,0.81118387,1,1,Lead Add Form,,Yes,No,0.0,0,0.0,Unsubscribed,,,Unemployed,Better Career Prospects,No,No,No,No,No,No,No,No,Will revert after reading the email,Might be,No,No,,02.Medium,01.High,14.0,17.0,No,No,Unsubscribed
616,308,81,Hot,0.80846417,1,0,API,Google,No,No,5.0,1493,1.67,Email Opened,India,,,,No,No,No,No,No,No,No,No,,,No,No,,02.Medium,02.Medium,14.0,15.0,No,No,Email Opened
617,3953,81,Hot,0.80706704,1,1,API,Organic Search,No,No,5.0,277,2.5,SMS Sent,India,,Unemployed,Better Career Prospects,No,No,No,No,No,No,No,No,,,No,No,,,,,,No,No,SMS Sent
618,5142,81,Hot,0.8140645,1,1,API,Google,No,No,2.0,291,2.0,SMS Sent,India,,,,No,No,No,No,No,No,No,No,,,No,No,,,,,,No,No,SMS Sent
619,4906,80,Hot,0.80008996,1,0,API,Google,No,No,2.0,102,2.0,SMS Sent,India,,,,No,No,No,No,No,No,No,No,,,No,No,,,,,,No,No,SMS Sent
620,3431,80,Hot,0.8008588,1,0,Landing Page Submission,Google,No,No,3.0,325,3.0,SMS Sent,India,Human Resource Management,,,No,No,No,No,No,No,No,No,,,No,No,Other Cities,,,,,No,No,SMS Sent
621,2634,80,Hot,0.7966655,1,1,API,Olark Chat,No,No,0.0,0,0.0,Email Opened,,Business Administration,Unemployed,Better Career Prospects,No,No,No,No,No,No,No,No,Will revert after reading the email,Might be,No,No,Other Cities,02.Medium,02.Medium,15.0,16.0,No,No,Email Opened
622,4222,80,Hot,0.7979622,1,0,API,Google,No,No,3.0,1562,1.0,Page Visited on Website,India,,,,No,No,No,No,No,No,No,No,,,No,No,,,,,,No,No,Page Visited on Website
623,2827,80,Hot,0.80008996,1,1,API,Google,No,No,2.0,70,2.0,SMS Sent,India,,Unemployed,Better Career Prospects,No,No,No,No,No,No,No,No,Will revert after reading the email,Might be,No,No,,,,,,No,No,SMS Sent
624,6318,80,Hot,0.8012994,1,0,Landing Page Submission,Google,No,No,4.0,415,4.0,SMS Sent,India,Finance Management,,,No,No,No,No,No,No,No,No,,,No,No,Mumbai,,,,,No,No,SMS Sent
625,2716,80,Hot,0.7964737,1,0,Landing Page Submission,Google,No,No,5.0,1669,5.0,Email Opened,India,Human Resource Management,,,No,No,No,No,No,No,No,No,,,No,No,Mumbai,,,,,No,No,Email Opened
626,3315,80,Hot,0.8030385,1,1,Landing Page Submission,Direct Traffic,No,No,24.0,1500,2.0,Page Visited on Website,India,Finance Management,Unemployed,Better Career Prospects,No,No,No,No,No,No,No,No,Will revert after reading the email,Might be,No,No,Mumbai,01.High,01.High,16.0,18.0,No,No,Page Visited on Website
627,3099,80,Hot,0.7967809,1,0,Landing Page Submission,Direct Traffic,No,No,2.0,208,2.0,SMS Sent,India,Operations Management,,,No,No,No,No,No,No,No,No,,,No,No,Mumbai,,,,,No,No,SMS Sent
628,6702,79,Warm,0.79169023,1,1,API,Google,No,No,26.0,1157,2.17,Email Opened,India,Marketing Management,Unemployed,Better Career Prospects,No,No,No,No,No,No,No,No,Will revert after reading the email,Might be,No,No,Mumbai,,,,,No,No,Email Opened
629,3677,79,Warm,0.7857543,1,1,Landing Page Submission,Google,No,No,3.0,1321,3.0,Email Opened,India,Marketing Management,,,No,No,No,No,No,No,No,No,,,No,No,Mumbai,02.Medium,01.High,14.0,18.0,No,No,Email Opened
630,3392,79,Warm,0.7851527,1,0,Landing Page Submission,Direct Traffic,No,No,3.0,23,3.0,SMS Sent,India,Business Administration,,,No,No,No,No,No,No,No,No,,,No,No,Mumbai,,,,,No,Yes,SMS Sent
631,504,79,Warm,0.78751045,1,0,Landing Page Submission,Google,No,No,4.0,1640,4.0,Olark Chat Conversation,India,Hospitality Management,,,No,No,No,No,No,No,No,No,,,No,No,Mumbai,02.Medium,02.Medium,15.0,15.0,No,No,Modified
632,2032,79,Warm,0.78906345,1,1,Landing Page Submission,Google,No,No,9.0,128,4.5,Email Opened,India,Business Administration,Unemployed,Better Career Prospects,No,No,No,No,No,No,No,No,Will revert after reading the email,High in Relevance,No,No,Mumbai,02.Medium,01.High,13.0,20.0,No,Yes,Email Opened
633,4652,79,Warm,0.788412,1,1,Landing Page Submission,Direct Traffic,No,No,7.0,1143,3.5,Email Opened,India,Business Administration,,,No,No,No,No,No,No,No,No,,,No,No,Thane & Outskirts,,,,,No,Yes,Email Opened
634,2367,79,Warm,0.7900846,1,1,Landing Page Submission,Google,No,No,20.0,1290,2.22,Page Visited on Website,India,IT Projects Management,Unemployed,Better Career Prospects,No,No,No,No,No,No,No,No,Will revert after reading the email,Might be,No,No,Mumbai,01.High,02.Medium,16.0,15.0,No,No,Page Visited on Website
635,9020,79,Warm,0.7915289,1,1,Landing Page Submission,Direct Traffic,No,No,3.0,382,3.0,SMS Sent,India,Media and Advertising,Unemployed,Better Career Prospects,No,No,No,No,No,No,No,No,Will revert after reading the email,Might be,No,No,Other Cities,02.Medium,01.High,14.0,17.0,No,Yes,SMS Sent
636,4778,79,Warm,0.7946668,1,0,Lead Add Form,Reference,No,No,0.0,0,0.0,Email Opened,,Human Resource Management,Working Professional,Better Career Prospects,No,No,No,No,No,No,No,No,Not doing further education,Low in Relevance,No,No,,,,,,No,No,Email Opened
637,4274,78,Warm,0.77623725,1,0,Landing Page Submission,Google,No,No,4.0,1058,4.0,Email Opened,India,Marketing Management,,,No,No,No,No,No,No,No,No,,,No,No,Mumbai,,,,,No,No,Email Opened
638,1549,78,Warm,0.7823876,1,1,API,Social Media,No,No,2.0,942,2.0,Olark Chat Conversation,India,Supply Chain Management,Unemployed,Better Career Prospects,No,No,No,No,No,No,No,No,Will revert after reading the email,Might be,No,No,,02.Medium,02.Medium,15.0,14.0,No,No,Modified
639,4507,78,Warm,0.7836616,1,0,Landing Page Submission,Direct Traffic,No,No,4.0,337,4.0,SMS Sent,India,,,,No,No,No,No,No,No,No,No,,,No,No,,,,,,No,No,SMS Sent
640,2012,78,Warm,0.77601075,1,1,API,Google,No,No,2.0,1017,2.0,Email Opened,India,,Unemployed,Better Career Prospects,No,No,No,No,No,No,No,No,,,No,No,,02.Medium,02.Medium,14.0,15.0,No,No,Email Opened
641,611,78,Warm,0.7832925,1,1,API,Google,No,No,3.0,7,3.0,Email Link Clicked,India,Marketing Management,Unemployed,Better Career Prospects,No,No,No,No,No,No,No,No,Will revert after reading the email,Low in Relevance,No,No,Mumbai,02.Medium,01.High,14.0,18.0,No,No,Modified
642,8798,77,Warm,0.7724379,1,1,Landing Page Submission,Direct Traffic,No,No,3.0,230,3.0,Email Opened,India,Human Resource Management,Unemployed,Better Career Prospects,No,No,No,No,No,No,No,No,Will revert after reading the email,Might be,No,No,Mumbai,02.Medium,01.High,15.0,20.0,No,Yes,Modified
643,2500,77,Warm,0.77282155,1,1,Landing Page Submission,Google,No,No,3.0,85,3.0,Email Opened,India,Finance Management,,,No,No,No,No,No,No,No,No,Lost to EINS,,No,No,Mumbai,03.Low,01.High,12.0,18.0,No,No,Modified
644,3403,77,Warm,0.7709946,1,1,API,Olark Chat,No,No,11.0,1337,2.2,Email Opened,,,Unemployed,Better Career Prospects,No,No,No,No,No,No,No,No,,,No,No,,,,,,No,No,Email Opened
645,2372,77,Warm,0.765545,1,1,API,Google,No,No,2.0,26,2.0,SMS Sent,India,,Unemployed,Better Career Prospects,No,No,No,No,No,No,No,No,,,No,No,,02.Medium,02.Medium,14.0,15.0,No,No,SMS Sent
646,5992,77,Warm,0.774112,1,1,API,Organic Search,No,No,6.0,882,6.0,Email Opened,India,,Unemployed,Better Career Prospects,No,No,No,No,No,No,No,No,Will revert after reading the email,Might be,No,No,,,,,,No,No,Email Opened
647,3448,77,Warm,0.7665333,1,1,Landing Page Submission,Google,No,No,5.0,171,2.5,SMS Sent,India,Human Resource Management,Unemployed,Better Career Prospects,No,No,No,No,No,No,No,No,Will revert after reading the email,Might be,No,No,Mumbai,,,,,No,No,SMS Sent
648,8602,77,Warm,0.7716623,1,0,Landing Page Submission,Google,No,No,2.0,1692,2.0,SMS Sent,India,Finance Management,,,No,No,No,No,No,No,No,No,,,No,No,Mumbai,02.Medium,01.High,14.0,18.0,No,No,Modified
649,1644,76,Warm,0.7598538,1,1,Lead Import,Facebook,No,No,0.0,0,0.0,SMS Sent,,Human Resource Management,Unemployed,Better Career Prospects,No,No,No,No,No,No,No,No,Will revert after reading the email,Might be,No,No,Mumbai,02.Medium,02.Medium,15.0,15.0,No,No,Modified
650,3374,76,Warm,0.7622799,1,0,Landing Page Submission,Direct Traffic,No,No,6.0,63,3.0,SMS Sent,India,IT Projects Management,,,No,No,No,No,No,No,No,No,,,No,No,Other Cities of Maharashtra,,,,,No,Yes,SMS Sent
651,6354,76,Warm,0.7596192,1,0,Landing Page Submission,Direct Traffic,No,No,2.0,970,2.0,Email Opened,India,Marketing Management,,,No,No,No,No,No,No,No,No,,,No,No,Mumbai,,,,,No,Yes,Email Opened
652,6920,76,Warm,0.75582707,1,0,Landing Page Submission,Direct Traffic,No,No,2.0,1243,2.0,Email Opened,India,Marketing Management,,,No,No,No,No,No,No,No,No,,,No,No,Mumbai,,,,,No,Yes,Email Opened
653,3294,75,Warm,0.7522786,1,0,API,Google,No,No,5.0,213,5.0,SMS Sent,India,,,,No,No,No,No,No,No,No,No,,,No,No,,,,,,No,No,SMS Sent
654,1288,75,Warm,0.75410736,1,0,API,Google,No,No,2.0,1152,2.0,SMS Sent,India,,,,No,No,No,No,No,No,No,No,,,No,No,,02.Medium,02.Medium,14.0,15.0,No,No,Modified
655,8069,75,Warm,0.7540825,1,0,Lead Add Form,Reference,No,No,,1028,,,,Human Resource Management,Working Professional,Better Career Prospects,No,No,No,No,No,No,No,No,Will revert after reading the email,Might be,No,No,,02.Medium,01.High,13.0,19.0,No,No,Modified
656,3013,75,Warm,0.7529109,1,0,Landing Page Submission,Google,No,No,8.0,782,2.67,Email Opened,India,Finance Management,,,No,No,No,No,No,No,No,No,,,No,No,Mumbai,02.Medium,01.High,14.0,18.0,No,Yes,Email Opened
657,8408,75,Warm,0.75410736,1,1,API,Google,No,No,2.0,1157,2.0,SMS Sent,India,,Unemployed,Better Career Prospects,No,No,No,No,No,No,No,No,Will revert after reading the email,Might be,No,No,,02.Medium,02.Medium,14.0,15.0,No,No,Modified
658,5154,75,Warm,0.74728143,1,1,Landing Page Submission,Google,No,No,5.0,273,5.0,SMS Sent,India,Media and Advertising,Unemployed,Better Career Prospects,No,No,No,No,No,No,No,No,Will revert after reading the email,Might be,No,No,Mumbai,,,,,No,Yes,SMS Sent
659,5991,75,Warm,0.7505969,1,1,Landing Page Submission,Google,No,No,3.0,126,3.0,SMS Sent,India,IT Projects Management,Unemployed,Better Career Prospects,No,No,No,No,No,No,No,No,Will revert after reading the email,Might be,No,No,Other Metro Cities,,,,,No,No,SMS Sent
660,8874,75,Warm,0.75238335,1,1,API,Olark Chat,No,No,0.0,0,0.0,SMS Sent,,,Unemployed,Better Career Prospects,No,No,No,No,No,No,No,No,Lateral student,High in Relevance,No,No,,02.Medium,02.Medium,15.0,16.0,No,No,Modified
661,3841,75,Warm,0.7534151,1,1,Landing Page Submission,Google,No,No,7.0,146,3.5,SMS Sent,India,Human Resource Management,,,No,No,No,No,No,No,No,No,,,No,No,Mumbai,,,,,No,No,SMS Sent
662,1811,75,Warm,0.7496376,1,0,API,Google,No,No,2.0,1303,2.0,Email Opened,India,,,,No,No,No,No,No,No,No,No,,,No,No,,02.Medium,02.Medium,14.0,15.0,No,No,Email Opened
663,1092,75,Warm,0.7523335,1,1,API,Olark Chat,No,No,0.0,0,0.0,Olark Chat Conversation,,Operations Management,Working Professional,Better Career Prospects,No,No,No,No,No,No,No,No,Will revert after reading the email,Might be,No,No,,01.High,02.Medium,16.0,16.0,No,No,Modified
664,2809,74,Warm,0.740991,1,1,Landing Page Submission,Google,No,No,3.0,1357,3.0,Email Opened,India,Finance Management,Unemployed,Better Career Prospects,No,No,No,No,No,No,No,No,Will revert after reading the email,Might be,No,No,Mumbai,,,,,No,No,Email Opened
665,5889,74,Warm,0.7438867,1,1,Landing Page Submission,Organic Search,No,No,9.0,995,4.5,Email Opened,India,Travel and Tourism,Unemployed,Better Career Prospects,No,No,No,No,No,No,No,No,Will revert after reading the email,Might be,No,No,Mumbai,,,,,No,Yes,Email Opened
666,5749,74,Warm,0.74440426,1,0,Landing Page Submission,Direct Traffic,No,No,2.0,866,2.0,Email Opened,India,Rural and Agribusiness,,,No,No,No,No,No,No,No,No,,,No,No,Other Metro Cities,,,,,No,No,Email Opened
667,5421,73,Warm,0.7294309,1,0,Landing Page Submission,Direct Traffic,No,No,3.0,1410,3.0,Email Opened,India,Human Resource Management,,,No,No,No,No,No,No,No,No,,,No,No,Thane & Outskirts,,,,,No,No,Email Opened
668,6408,73,Warm,0.7301291,1,1,Landing Page Submission,Google,No,No,4.0,1205,4.0,Unreachable,India,Marketing Management,,,No,No,No,No,No,No,No,No,,,No,No,Mumbai,,,,,No,No,Unreachable
669,3422,73,Warm,0.7294387,1,0,Landing Page Submission,Organic Search,No,No,4.0,181,4.0,SMS Sent,India,Media and Advertising,,,No,No,No,No,No,No,No,No,,,No,No,Mumbai,,,,,No,Yes,SMS Sent
670,186,73,Warm,0.725448,1,1,API,Organic Search,No,No,8.0,877,2.67,Email Link Clicked,India,"Banking, Investment And Insurance",Unemployed,Better Career Prospects,No,No,No,No,No,No,No,No,Will revert after reading the email,Might be,No,No,,02.Medium,02.Medium,14.0,16.0,No,No,Email Link Clicked
671,6844,72,Warm,0.7206802,1,1,API,Olark Chat,No,No,4.0,338,4.0,SMS Sent,,,Unemployed,Better Career Prospects,No,No,No,No,No,No,No,No,Busy,Not Sure,No,No,,,,,,No,No,SMS Sent
672,6023,72,Warm,0.7201252,1,0,Landing Page Submission,Direct Traffic,No,No,3.0,107,3.0,SMS Sent,India,"Banking, Investment And Insurance",,,No,No,No,No,No,No,No,No,,,No,No,Thane & Outskirts,,,,,No,Yes,SMS Sent
673,4257,72,Warm,0.7193521,1,0,API,Google,No,No,5.0,747,2.5,Email Opened,India,,,,No,No,No,No,No,No,No,No,,,No,No,,,,,,No,No,Email Opened
674,204,71,Warm,0.70632994,1,1,API,Referral Sites,No,No,3.0,1299,3.0,Olark Chat Conversation,India,,Unemployed,Better Career Prospects,No,No,No,No,No,No,No,No,,,No,No,,01.High,02.Medium,16.0,13.0,No,No,Modified
675,5972,71,Warm,0.7053384,1,0,Landing Page Submission,Direct Traffic,No,No,2.0,70,2.0,SMS Sent,India,Supply Chain Management,Unemployed,Better Career Prospects,No,No,No,No,No,No,No,No,Will revert after reading the email,High in Relevance,No,No,Tier II Cities,,,,,No,Yes,Modified
676,8317,71,Warm,0.7103314,1,0,API,Google,No,No,3.0,752,3.0,Email Opened,India,,,,No,No,No,No,No,No,No,No,,,No,No,,02.Medium,02.Medium,14.0,15.0,No,No,Email Opened
677,4561,71,Warm,0.70580786,1,0,Lead Add Form,Click2call,No,No,0.0,0,0.0,Email Opened,,Human Resource Management,Unemployed,Better Career Prospects,No,No,No,No,No,No,No,No,Want to take admission but has financial problems,High in Relevance,No,No,Mumbai,02.Medium,01.High,14.0,19.0,No,No,Modified
678,4811,71,Warm,0.707853,1,0,API,Google,No,No,2.0,746,2.0,Email Opened,India,,Unemployed,Better Career Prospects,No,No,No,No,No,No,No,No,,,No,No,,,,,,No,No,Email Opened
679,4245,70,Warm,0.70222294,1,1,Landing Page Submission,Organic Search,No,No,8.0,1408,4.0,Email Opened,India,Hospitality Management,Unemployed,Better Career Prospects,No,No,No,No,No,No,No,No,Will revert after reading the email,Might be,No,No,Other Metro Cities,,,,,No,Yes,Email Opened
680,1017,70,Warm,0.6981028,1,0,Landing Page Submission,Google,No,No,7.0,1172,3.5,SMS Sent,India,Marketing Management,,,No,No,No,No,No,No,No,No,,,No,No,Mumbai,02.Medium,01.High,14.0,18.0,No,Yes,Modified
681,8473,70,Warm,0.7022935,1,1,Landing Page Submission,Organic Search,No,No,9.0,1005,9.0,Email Opened,India,,Unemployed,Better Career Prospects,No,No,Yes,No,No,No,No,No,Will revert after reading the email,Might be,No,No,,02.Medium,01.High,15.0,17.0,No,No,Modified
682,1678,70,Warm,0.69592494,1,1,API,Google,No,No,4.0,932,2.0,Email Opened,India,IT Projects Management,Unemployed,Better Career Prospects,No,No,No,No,No,No,No,No,Will revert after reading the email,Might be,No,No,,02.Medium,03.Low,14.0,12.0,No,No,Email Opened
683,5477,70,Warm,0.6969403,1,0,Landing Page Submission,Direct Traffic,No,No,2.0,1122,2.0,Email Opened,India,IT Projects Management,,,No,No,No,No,No,No,No,No,,,No,No,Mumbai,,,,,No,Yes,Email Opened
684,4579,70,Warm,0.6975979,1,0,API,Google,No,No,3.0,1039,1.0,SMS Sent,India,,,,No,No,No,No,No,No,No,No,,,No,No,,,,,,No,No,Modified
685,4133,70,Warm,0.7012855,1,1,Landing Page Submission,Direct Traffic,No,No,2.0,964,2.0,Email Opened,India,IT Projects Management,,,No,No,No,No,No,No,No,No,,,No,No,Mumbai,,,,,No,Yes,Email Opened
686,6278,69,Warm,0.68549544,1,0,Landing Page Submission,Google,No,No,2.0,339,2.0,SMS Sent,India,Business Administration,Unemployed,Better Career Prospects,No,No,No,No,No,No,No,No,Busy,Not Sure,No,No,Mumbai,,,,,No,No,SMS Sent
687,1933,69,Warm,0.69134325,1,1,API,Olark Chat,No,No,0.0,0,0.0,SMS Sent,,,,,No,No,No,No,No,No,No,No,,,No,No,,02.Medium,02.Medium,15.0,15.0,No,No,Modified
688,6990,69,Warm,0.6940604,1,1,Landing Page Submission,Organic Search,No,No,20.0,213,4.0,SMS Sent,India,Travel and Tourism,Unemployed,Better Career Prospects,No,No,No,No,No,No,No,No,Will revert after reading the email,Might be,No,No,Mumbai,,,,,No,Yes,SMS Sent
689,9154,69,Warm,0.686472,1,0,API,Olark Chat,No,No,1.0,1858,1.0,SMS Sent,,,,,No,No,No,No,No,No,No,No,,,No,No,,02.Medium,02.Medium,14.0,15.0,No,No,Modified
690,8934,69,Warm,0.68500453,1,1,Landing Page Submission,Google,No,No,3.0,399,3.0,Email Link Clicked,India,Marketing Management,Unemployed,Better Career Prospects,No,No,No,No,No,No,No,No,Will revert after reading the email,Not Sure,No,No,Thane & Outskirts,02.Medium,01.High,14.0,19.0,No,No,Modified
691,926,69,Warm,0.6942539,1,0,Landing Page Submission,blog,No,No,4.0,677,4.0,Email Opened,India,Business Administration,,,No,No,No,No,No,No,No,No,,,No,No,,02.Medium,02.Medium,14.0,16.0,No,No,Email Opened
692,2538,68,Warm,0.67725545,1,0,Landing Page Submission,Direct Traffic,No,No,5.0,1961,5.0,SMS Sent,India,International Business,,,No,No,No,No,No,No,No,No,,,No,No,Mumbai,02.Medium,01.High,14.0,18.0,No,Yes,Modified
693,1155,68,Warm,0.6832171,1,0,Landing Page Submission,Google,No,No,4.0,48,2.0,SMS Sent,India,Finance Management,,,No,No,No,No,No,No,No,No,,,No,No,Mumbai,02.Medium,01.High,14.0,18.0,No,No,SMS Sent
694,2977,68,Warm,0.6753138,1,1,Landing Page Submission,Google,No,No,4.0,222,4.0,SMS Sent,India,"Banking, Investment And Insurance",Unemployed,Better Career Prospects,No,No,No,No,No,No,No,No,,,No,No,Mumbai,,,,,No,No,SMS Sent
695,9106,68,Warm,0.683205,1,0,API,Direct Traffic,No,No,8.0,1050,8.0,SMS Sent,India,"Banking, Investment And Insurance",,,No,No,No,No,No,No,No,No,,,No,No,Mumbai,02.Medium,02.Medium,14.0,16.0,No,Yes,Modified
696,4554,67,Warm,0.6676971,1,0,Landing Page Submission,Google,No,No,10.0,1246,5.0,SMS Sent,India,Marketing Management,,,No,No,No,No,No,No,No,No,,,No,No,Mumbai,,,,,No,No,Modified
697,6147,67,Warm,0.6706577,1,1,Landing Page Submission,Direct Traffic,No,No,4.0,86,4.0,SMS Sent,India,Human Resource Management,Unemployed,Better Career Prospects,No,No,No,No,No,No,No,No,,,No,No,Mumbai,,,,,No,Yes,SMS Sent
698,8096,67,Warm,0.67288744,1,1,Landing Page Submission,Google,No,No,4.0,794,4.0,SMS Sent,India,Operations Management,Unemployed,Better Career Prospects,No,No,No,No,No,No,No,No,Will revert after reading the email,Might be,No,No,Mumbai,02.Medium,01.High,13.0,18.0,No,No,SMS Sent
699,3907,67,Warm,0.6729262,1,1,Landing Page Submission,Direct Traffic,No,No,4.0,116,4.0,SMS Sent,India,Supply Chain Management,Unemployed,Better Career Prospects,No,No,No,No,No,No,No,No,Will revert after reading the email,Might be,No,No,,,,,,No,No,SMS Sent
700,9202,67,Warm,0.6698258,1,0,Landing Page Submission,Google,No,No,4.0,947,4.0,SMS Sent,India,Finance Management,Unemployed,Better Career Prospects,No,No,No,No,No,No,No,No,Still Thinking,Not Sure,No,No,Thane & Outskirts,02.Medium,01.High,14.0,19.0,No,No,SMS Sent
701,8665,66,Warm,0.66373193,1,0,API,Google,No,No,7.0,859,1.75,SMS Sent,India,,Unemployed,Better Career Prospects,No,No,No,No,No,No,No,No,switched off,Not Sure,No,No,,02.Medium,02.Medium,15.0,15.0,No,No,SMS Sent
702,4894,66,Warm,0.65685827,1,0,Landing Page Submission,Direct Traffic,No,No,4.0,770,4.0,SMS Sent,,Marketing Management,,,No,No,No,No,No,No,No,No,,,No,No,,,,,,No,No,Modified
703,5011,66,Warm,0.6587501,1,0,Landing Page Submission,Direct Traffic,No,No,3.0,71,1.5,SMS Sent,India,Marketing Management,Unemployed,Better Career Prospects,No,No,No,No,No,No,No,No,Busy,Not Sure,No,No,Other Cities,,,,,No,Yes,SMS Sent
704,4873,66,Warm,0.6577306,1,1,Landing Page Submission,Direct Traffic,No,No,4.0,128,4.0,SMS Sent,India,Supply Chain Management,,,No,No,No,No,No,No,No,No,,,No,No,Thane & Outskirts,,,,,No,Yes,SMS Sent
705,8290,65,Warm,0.65270394,1,1,API,Olark Chat,No,No,0.0,0,0.0,Email Opened,,,,,No,No,No,No,No,No,No,No,Lost to EINS,,No,No,,01.High,02.Medium,17.0,15.0,No,No,Email Opened
706,7689,65,Warm,0.6501545,1,1,Landing Page Submission,Direct Traffic,No,No,2.0,181,2.0,SMS Sent,India,International Business,Unemployed,Better Career Prospects,No,No,No,No,No,No,No,No,Will revert after reading the email,Not Sure,No,No,Thane & Outskirts,02.Medium,01.High,13.0,19.0,No,Yes,SMS Sent
707,1317,65,Warm,0.65096223,1,0,Landing Page Submission,Google,No,No,4.0,113,4.0,SMS Sent,India,"Banking, Investment And Insurance",,,No,No,No,No,No,No,No,No,,,No,No,Mumbai,02.Medium,01.High,14.0,18.0,No,No,SMS Sent
708,5252,65,Warm,0.653559,1,1,Landing Page Submission,Direct Traffic,No,No,6.0,223,2.0,SMS Sent,India,Marketing Management,Unemployed,Better Career Prospects,No,No,No,No,No,No,No,No,Busy,Not Sure,No,No,Mumbai,,,,,No,Yes,SMS Sent
709,3900,64,Warm,0.64095193,1,1,Landing Page Submission,Google,No,No,5.0,1761,5.0,Email Opened,India,Operations Management,,,No,No,No,No,No,No,No,No,,,No,No,Mumbai,,,,,No,No,Modified
710,7406,64,Warm,0.64422345,1,0,API,Organic Search,No,No,3.0,1920,1.5,SMS Sent,India,,,,No,No,No,No,No,No,No,No,,,No,No,,02.Medium,02.Medium,13.0,15.0,No,No,Modified
711,8670,63,Warm,0.6270307,1,0,API,Olark Chat,No,No,0.0,0,0.0,Email Opened,,,,,No,No,No,No,No,No,No,No,,,No,No,,02.Medium,02.Medium,15.0,15.0,No,No,Email Opened
712,2336,63,Warm,0.6270307,1,1,API,Olark Chat,No,No,0.0,0,0.0,Email Opened,,,Unemployed,Better Career Prospects,No,No,No,No,No,No,No,No,,,No,No,,02.Medium,02.Medium,15.0,15.0,No,No,Email Opened
713,1752,63,Warm,0.6270307,1,1,API,Olark Chat,No,No,0.0,0,0.0,Email Opened,,,Unemployed,Better Career Prospects,No,No,No,No,No,No,No,No,,,No,No,,02.Medium,02.Medium,15.0,15.0,No,No,Email Opened
714,8450,63,Warm,0.6270307,1,0,API,Olark Chat,No,No,0.0,0,0.0,Email Opened,,,Unemployed,Better Career Prospects,No,No,No,No,No,No,No,No,,,No,No,,02.Medium,02.Medium,15.0,15.0,No,No,Email Opened
715,6877,63,Warm,0.63125575,1,0,Landing Page Submission,Google,No,No,6.0,1259,2.0,SMS Sent,India,"Banking, Investment And Insurance",,,No,No,No,No,No,No,No,No,,,No,No,Thane & Outskirts,,,,,No,No,Modified
716,1344,63,Warm,0.6270307,1,1,API,Olark Chat,No,No,0.0,0,0.0,Email Opened,,,Unemployed,Better Career Prospects,No,No,No,No,No,No,No,No,,,No,No,,02.Medium,02.Medium,15.0,15.0,No,No,Email Opened
717,9128,62,Warm,0.62271273,1,0,Landing Page Submission,Google,No,No,4.0,60,4.0,SMS Sent,India,Human Resource Management,,,No,No,No,No,No,No,No,No,,,No,No,Mumbai,02.Medium,01.High,14.0,18.0,No,No,SMS Sent
718,8093,62,Warm,0.62121326,1,1,API,Organic Search,No,No,2.0,1468,2.0,Email Opened,India,,,,No,No,No,No,No,No,No,No,,,No,No,,02.Medium,02.Medium,14.0,15.0,No,No,Modified
719,5987,61,Warm,0.61197543,1,0,API,Olark Chat,No,No,1.0,1471,1.0,Page Visited on Website,,,,,No,No,No,No,No,No,No,No,,,No,No,,,,,,No,No,Page Visited on Website
720,8843,60,Warm,0.6042863,1,0,API,Organic Search,No,No,3.0,1709,3.0,SMS Sent,India,Human Resource Management,Unemployed,Better Career Prospects,No,No,No,No,No,No,No,No,In confusion whether part time or DLP,Not Sure,No,No,,02.Medium,02.Medium,14.0,14.0,No,No,Modified
721,4944,60,Warm,0.60493994,1,1,API,Google,No,No,2.0,979,2.0,SMS Sent,India,Human Resource Management,Unemployed,Better Career Prospects,No,No,No,No,No,No,No,No,Interested in other courses,Not Sure,No,No,,,,,,No,No,SMS Sent
722,558,60,Warm,0.59613156,1,0,API,Organic Search,No,No,1.0,1295,1.0,Converted to Lead,India,,,,No,No,No,No,No,No,No,No,,,No,No,,01.High,02.Medium,16.0,15.0,No,No,Modified
723,975,60,Warm,0.59804255,1,1,Landing Page Submission,Google,No,No,4.0,1346,2.0,Page Visited on Website,India,Media and Advertising,Unemployed,Better Career Prospects,No,No,No,No,No,No,No,No,Will revert after reading the email,Might be,No,No,Thane & Outskirts,02.Medium,02.Medium,14.0,16.0,No,No,Page Visited on Website
724,5597,60,Warm,0.6007127,1,1,Landing Page Submission,Direct Traffic,No,No,2.0,1074,2.0,SMS Sent,India,Business Administration,,,No,No,No,No,No,No,No,No,,,No,No,Mumbai,,,,,No,Yes,Modified
725,5877,59,Warm,0.59417754,1,0,Landing Page Submission,Direct Traffic,No,No,3.0,1709,3.0,SMS Sent,India,Marketing Management,Unemployed,Better Career Prospects,No,No,No,No,No,No,No,No,Ringing,Not Sure,No,No,Mumbai,,,,,No,Yes,SMS Sent
726,7630,59,Warm,0.59049577,1,0,Landing Page Submission,Direct Traffic,No,No,2.0,1255,2.0,SMS Sent,India,Hospitality Management,,,No,No,No,No,No,No,No,No,,,No,No,Mumbai,02.Medium,02.Medium,14.0,15.0,No,Yes,Modified
727,4882,59,Warm,0.59325045,1,1,API,Olark Chat,No,No,0.0,0,0.0,Olark Chat Conversation,,,Unemployed,Better Career Prospects,No,No,No,No,No,No,No,No,Will revert after reading the email,Low in Relevance,No,No,Mumbai,,,,,No,No,Modified
728,404,59,Warm,0.59306103,1,1,API,Organic Search,No,No,5.0,1354,2.5,Email Opened,India,,Unemployed,Better Career Prospects,No,No,No,No,No,No,No,No,Will revert after reading the email,Might be,No,No,,02.Medium,02.Medium,14.0,15.0,No,No,Modified
729,8725,59,Warm,0.59036267,1,0,API,Google,No,No,1.0,1183,1.0,Converted to Lead,India,,,,No,No,No,No,No,No,No,No,,,No,No,,01.High,02.Medium,16.0,15.0,No,No,Modified
730,2606,59,Warm,0.58868927,1,0,Landing Page Submission,Organic Search,No,No,6.0,1565,6.0,Form Submitted on Website,India,Human Resource Management,,,No,No,No,No,No,No,No,No,,,No,No,Mumbai,03.Low,01.High,12.0,18.0,No,Yes,Modified
731,5727,58,Warm,0.58231276,1,0,Landing Page Submission,Direct Traffic,No,No,5.0,743,1.67,SMS Sent,India,Operations Management,,,No,No,No,No,No,No,No,No,,,No,No,Other Cities of Maharashtra,,,,,No,Yes,Modified
732,684,58,Warm,0.57510394,1,0,API,Referral Sites,Yes,No,4.0,839,4.0,Unsubscribed,India,,,,No,No,No,No,No,No,No,No,,,No,No,,02.Medium,02.Medium,14.0,13.0,No,No,Unsubscribed
733,1696,58,Warm,0.5830151,1,1,Landing Page Submission,Direct Traffic,Yes,No,3.0,803,3.0,Email Link Clicked,India,Human Resource Management,Unemployed,Better Career Prospects,No,No,No,No,No,No,No,No,Busy,Not Sure,No,No,Mumbai,02.Medium,01.High,15.0,18.0,No,Yes,Email Link Clicked
734,1107,57,Warm,0.572172,1,0,API,Google,No,No,1.0,803,1.0,Converted to Lead,India,,,,No,No,No,No,No,No,No,No,,,No,No,,01.High,02.Medium,16.0,15.0,No,No,Modified
735,7763,57,Warm,0.57494605,1,1,API,Olark Chat,No,No,0.0,0,0.0,SMS Sent,,,Unemployed,Better Career Prospects,No,No,No,No,No,No,No,No,Will revert after reading the email,Might be,No,No,,01.High,02.Medium,16.0,15.0,No,No,Modified
736,9089,57,Warm,0.57494605,1,1,API,Olark Chat,No,No,0.0,0,0.0,SMS Sent,,,,,No,No,No,No,No,No,No,No,,,No,No,,01.High,02.Medium,16.0,15.0,No,No,Modified
737,8402,55,Warm,0.5501996,1,1,API,Google,No,No,2.0,1412,2.0,Email Opened,India,,Unemployed,Better Career Prospects,No,No,No,No,No,No,No,No,Will revert after reading the email,Might be,No,No,,02.Medium,02.Medium,14.0,15.0,No,No,Modified
738,900,55,Warm,0.5466578,1,1,Landing Page Submission,Google,No,No,5.0,1169,5.0,Email Opened,India,Finance Management,Unemployed,Better Career Prospects,No,No,No,No,No,No,No,No,Will revert after reading the email,Might be,No,No,Mumbai,02.Medium,01.High,14.0,18.0,No,No,Modified
739,1014,55,Warm,0.55479515,1,0,Lead Add Form,Reference,No,No,0.0,0,0.0,Email Opened,,Marketing Management,Unemployed,Better Career Prospects,No,No,No,No,No,No,No,No,Interested in other courses,Might be,No,No,Thane & Outskirts,02.Medium,01.High,14.0,19.0,No,No,Email Opened
740,1027,55,Warm,0.54879034,1,1,API,Google,No,No,2.0,235,2.0,SMS Sent,India,Marketing Management,Unemployed,Better Career Prospects,No,No,No,No,No,No,No,No,Will revert after reading the email,Might be,No,No,,02.Medium,02.Medium,15.0,16.0,No,No,Modified
741,637,55,Warm,0.55310404,1,1,API,Olark Chat,No,No,3.0,978,3.0,Page Visited on Website,,,,,No,No,No,No,No,No,No,No,,,No,No,,01.High,02.Medium,16.0,15.0,No,No,Modified
742,5485,54,Warm,0.5403997,1,0,Landing Page Submission,Direct Traffic,No,No,3.0,1577,3.0,Page Visited on Website,India,Human Resource Management,,,No,No,No,No,No,No,No,No,,,No,No,Mumbai,,,,,No,Yes,Modified
743,2362,54,Warm,0.54086477,1,0,Landing Page Submission,Google,No,No,5.0,442,1.67,Email Opened,India,Operations Management,,,No,No,No,No,No,No,No,No,,,No,No,Thane & Outskirts,02.Medium,01.High,15.0,17.0,No,No,Email Opened
744,3642,53,Warm,0.5330889,1,1,Landing Page Submission,Direct Traffic,No,No,2.0,1475,2.0,Email Opened,India,Operations Management,,,No,No,No,No,No,No,No,No,,,No,No,Other Cities,,,,,No,Yes,Modified
745,2802,53,Warm,0.5263187,1,0,API,Google,No,No,2.0,122,1.0,Email Opened,India,,,,No,No,No,No,No,No,No,No,,,No,No,,02.Medium,02.Medium,15.0,15.0,No,No,Email Opened
746,7793,53,Warm,0.5263187,1,1,API,Google,No,No,2.0,157,1.0,Email Opened,India,,,,No,No,No,No,No,No,No,No,,,No,No,,02.Medium,02.Medium,15.0,15.0,No,No,Email Opened
747,836,52,Warm,0.52377176,1,1,Lead Add Form,,Yes,No,,1378,,Email Bounced,,,Unemployed,Better Career Prospects,No,No,No,No,No,No,No,No,,,No,No,,02.Medium,02.Medium,14.0,16.0,No,No,Modified
748,3175,52,Warm,0.51503,1,1,Landing Page Submission,Google,No,No,12.0,1248,2.4,SMS Sent,India,Operations Management,Unemployed,Better Career Prospects,No,No,No,No,No,No,No,No,switched off,Not Sure,No,No,Mumbai,01.High,01.High,16.0,18.0,No,Yes,Modified
749,3702,52,Warm,0.52138084,1,1,API,Google,No,No,4.0,1011,4.0,Email Link Clicked,India,Human Resource Management,,,No,No,No,No,No,No,No,No,,,No,No,Mumbai,,,,,No,No,Modified
750,726,52,Warm,0.5223801,1,0,Landing Page Submission,Google,No,No,5.0,425,5.0,SMS Sent,India,International Business,,,No,No,No,No,No,No,No,No,,,No,No,Other Cities of Maharashtra,02.Medium,01.High,13.0,17.0,No,No,SMS Sent
751,6197,52,Warm,0.523062,1,1,Landing Page Submission,Direct Traffic,No,No,8.0,178,4.0,Email Opened,India,"Banking, Investment And Insurance",Student,Better Career Prospects,No,No,No,No,No,No,No,No,Will revert after reading the email,Might be,No,No,Mumbai,,,,,No,Yes,Email Opened
752,5021,52,Warm,0.52244896,1,1,API,Google,No,No,2.0,1260,2.0,SMS Sent,India,,Unemployed,Better Career Prospects,No,No,No,No,No,No,No,No,Interested in other courses,Not Sure,No,No,,,,,,No,No,SMS Sent
753,1534,50,Warm,0.4982416,0,0,API,Organic Search,No,No,2.0,1978,2.0,SMS Sent,India,,,,No,No,No,No,No,No,No,No,,,No,No,,02.Medium,02.Medium,13.0,15.0,No,No,Modified
754,1089,50,Warm,0.502374,1,1,API,Referral Sites,No,No,4.0,1521,4.0,SMS Sent,India,,Unemployed,Better Career Prospects,No,No,No,No,No,No,No,No,Interested in other courses,Not Sure,No,No,,02.Medium,02.Medium,14.0,13.0,No,No,SMS Sent
755,8778,49,Warm,0.4897773,0,1,API,Olark Chat,No,No,0.0,0,0.0,Email Opened,,,Student,Better Career Prospects,No,No,No,No,No,No,No,No,Lost to EINS,Worst,No,No,,01.High,02.Medium,17.0,14.0,No,No,Email Opened
756,7441,49,Warm,0.49406338,0,1,API,Google,No,No,2.0,15,1.0,Email Opened,India,Operations Management,Unemployed,Better Career Prospects,No,No,No,No,No,No,No,No,,,No,No,,01.High,02.Medium,16.0,15.0,No,No,Email Opened
757,385,49,Warm,0.49037242,0,1,Landing Page Submission,Google,No,No,6.0,274,2.0,Email Opened,India,Marketing Management,Unemployed,Better Career Prospects,No,No,No,No,No,No,No,No,Will revert after reading the email,Might be,No,No,Mumbai,02.Medium,01.High,15.0,18.0,No,No,Email Opened
758,1419,48,Warm,0.476403,0,1,Landing Page Submission,Google,No,No,7.0,938,7.0,Email Opened,India,Business Administration,Unemployed,Better Career Prospects,No,No,No,No,No,No,No,No,opp hangup,Not Sure,No,No,Mumbai,02.Medium,01.High,15.0,18.0,No,No,Modified
759,7204,48,Warm,0.47663552,0,1,Landing Page Submission,Direct Traffic,No,No,5.0,1816,5.0,Page Visited on Website,India,Supply Chain Management,,,No,No,No,No,No,No,No,No,,,No,No,Other Cities,02.Medium,02.Medium,13.0,16.0,No,No,Page Visited on Website
760,6926,48,Warm,0.47716188,0,0,Landing Page Submission,Google,Yes,No,4.0,175,4.0,SMS Sent,India,Media and Advertising,,,No,No,No,No,No,No,No,No,,,No,No,Mumbai,,,,,No,No,SMS Sent
761,2125,47,Warm,0.46886867,0,0,API,Google,No,No,2.0,1260,2.0,Email Opened,India,,,,No,No,No,No,No,No,No,No,,,No,No,,02.Medium,02.Medium,13.0,15.0,No,No,Email Opened
762,3155,47,Warm,0.47150284,0,0,API,Olark Chat,No,No,2.0,1491,1.0,Olark Chat Conversation,,,Unemployed,Better Career Prospects,No,No,No,No,No,No,No,No,,,No,No,,,,,,No,No,Olark Chat Conversation
763,989,46,Warm,0.4551293,0,0,API,Organic Search,No,No,5.0,391,2.5,Email Opened,India,,,,No,No,No,No,No,No,No,No,,,No,No,,02.Medium,02.Medium,15.0,15.0,No,No,Email Opened
764,2098,45,Warm,0.44913656,0,1,API,Olark Chat,No,No,0.0,0,0.0,Email Opened,,,Unemployed,Better Career Prospects,No,No,No,No,No,No,No,No,,,No,No,,01.High,02.Medium,16.0,15.0,No,No,Email Opened
765,8837,45,Warm,0.44913656,0,0,API,Olark Chat,No,No,0.0,0,0.0,Email Opened,,,,,No,No,No,No,No,No,No,No,,,No,No,,01.High,02.Medium,16.0,15.0,No,No,Email Opened
766,7509,45,Warm,0.44913656,0,0,API,Olark Chat,No,No,0.0,0,0.0,Email Opened,,,Unemployed,Better Career Prospects,No,No,No,No,No,No,No,No,,,No,No,,01.High,02.Medium,16.0,15.0,No,No,Email Opened
767,947,45,Warm,0.44533485,0,1,Landing Page Submission,Google,No,No,2.0,1704,2.0,Form Submitted on Website,India,Finance Management,Unemployed,Better Career Prospects,No,No,No,No,No,No,No,No,Busy,Not Sure,No,No,Mumbai,02.Medium,01.High,13.0,18.0,No,No,Modified
768,1259,45,Warm,0.44913656,0,1,API,Olark Chat,No,No,0.0,0,0.0,Email Opened,,,Unemployed,Better Career Prospects,No,No,No,No,No,No,No,No,,,No,No,,01.High,02.Medium,16.0,15.0,No,No,Email Opened
769,7017,45,Warm,0.44913656,0,0,API,Olark Chat,No,No,0.0,0,0.0,Email Opened,,,,,No,No,No,No,No,No,No,No,,,No,No,,01.High,02.Medium,16.0,15.0,No,No,Email Opened
770,7531,45,Warm,0.44913656,0,0,API,Olark Chat,No,No,0.0,0,0.0,Email Opened,,,,,No,No,No,No,No,No,No,No,,,No,No,,01.High,02.Medium,16.0,15.0,No,No,Email Opened
771,813,45,Warm,0.44913656,0,1,API,Olark Chat,No,No,0.0,0,0.0,Email Opened,,,Unemployed,Better Career Prospects,No,No,No,No,No,No,No,No,,,No,No,,01.High,02.Medium,16.0,15.0,No,No,Email Opened
772,7717,45,Warm,0.44913656,0,1,API,Olark Chat,No,No,0.0,0,0.0,Email Opened,,,Unemployed,Better Career Prospects,No,No,No,No,No,No,No,No,,,No,No,,01.High,02.Medium,16.0,15.0,No,No,Email Opened
773,6979,45,Warm,0.44913656,0,1,API,Olark Chat,No,No,0.0,0,0.0,Email Opened,,,Unemployed,Better Career Prospects,No,No,No,No,No,No,No,No,,,No,No,,01.High,02.Medium,16.0,15.0,No,No,Email Opened
774,7628,45,Warm,0.44913656,0,0,API,Olark Chat,No,No,0.0,0,0.0,Email Opened,,,,,No,No,No,No,No,No,No,No,,,No,No,,01.High,02.Medium,16.0,15.0,No,No,Email Opened
775,8662,44,Warm,0.44159046,0,1,Landing Page Submission,Direct Traffic,No,No,1.0,216,1.0,Converted to Lead,India,E-COMMERCE,Unemployed,Better Career Prospects,No,No,No,No,No,No,No,No,Will revert after reading the email,Might be,No,No,Mumbai,02.Medium,01.High,15.0,17.0,No,Yes,Modified
776,2704,44,Warm,0.44215757,0,0,Landing Page Submission,Google,No,No,3.0,1314,3.0,Page Visited on Website,India,Operations Management,Unemployed,Better Career Prospects,No,No,No,No,No,No,No,No,,,No,No,Mumbai,,,,,No,No,Modified
777,8284,44,Warm,0.43841472,0,1,Landing Page Submission,Google,No,No,6.0,329,3.0,Email Opened,India,IT Projects Management,Unemployed,Better Career Prospects,No,No,No,No,No,No,No,No,Will revert after reading the email,Might be,No,No,Mumbai,02.Medium,02.Medium,15.0,15.0,No,No,Email Opened
778,8990,44,Warm,0.4435689,0,0,Landing Page Submission,Direct Traffic,No,No,2.0,1425,2.0,SMS Sent,India,Human Resource Management,Unemployed,Better Career Prospects,No,No,No,No,No,No,No,No,wrong number given,,No,No,Mumbai,02.Medium,01.High,14.0,20.0,No,No,SMS Sent
779,1779,43,Warm,0.42970824,0,1,Landing Page Submission,Direct Traffic,No,No,6.0,99,6.0,Email Opened,India,Human Resource Management,Unemployed,Better Career Prospects,No,No,No,No,No,No,No,No,Busy,Not Sure,No,No,Thane & Outskirts,01.High,01.High,16.0,17.0,No,Yes,Email Opened
780,697,43,Warm,0.42931548,0,0,Landing Page Submission,Direct Traffic,No,No,2.0,364,2.0,SMS Sent,India,Operations Management,,,No,No,No,No,No,No,No,No,,,No,No,Mumbai,02.Medium,01.High,13.0,18.0,No,Yes,SMS Sent
781,559,42,Warm,0.41656575,0,0,Landing Page Submission,Google,No,No,4.0,1158,4.0,Email Opened,India,Marketing Management,,,No,No,No,No,No,No,No,No,,,No,No,Mumbai,02.Medium,01.High,13.0,18.0,No,No,Email Opened
782,1102,42,Warm,0.41732085,0,1,Landing Page Submission,Direct Traffic,No,No,2.0,1744,2.0,Email Opened,India,Media and Advertising,Unemployed,Better Career Prospects,No,No,No,No,No,No,No,No,Interested  in full time MBA,Not Sure,No,No,Mumbai,02.Medium,01.High,15.0,17.0,No,Yes,Email Opened
783,8054,42,Warm,0.42214754,0,0,Lead Add Form,Reference,No,No,,123,,Had a Phone Conversation,,Human Resource Management,Working Professional,Better Career Prospects,No,No,No,No,No,No,No,No,Will revert after reading the email,Might be,No,No,,02.Medium,01.High,13.0,19.0,No,No,Modified
784,1713,41,Warm,0.4149028,0,0,Landing Page Submission,Google,Yes,No,7.0,1115,7.0,SMS Sent,India,Business Administration,,,No,No,No,No,No,No,No,No,,,No,No,Mumbai,02.Medium,01.High,14.0,18.0,No,Yes,Modified
785,111,40,Warm,0.39922005,0,1,Landing Page Submission,Google,No,No,4.0,1190,4.0,Email Opened,India,Human Resource Management,Unemployed,Better Career Prospects,No,No,No,No,No,No,No,No,Will revert after reading the email,Might be,No,No,Mumbai,02.Medium,01.High,13.0,18.0,No,No,Email Opened
786,7791,39,Cold,0.39153707,0,1,API,Organic Search,No,No,13.0,475,2.17,SMS Sent,South Africa,,,,No,No,No,No,No,No,No,No,,,No,No,,02.Medium,02.Medium,15.0,15.0,No,No,Modified
787,1369,39,Cold,0.3878815,0,1,API,Google,No,No,2.0,1108,2.0,Converted to Lead,India,,Unemployed,Better Career Prospects,No,No,No,No,No,No,No,No,,,No,No,,02.Medium,02.Medium,14.0,15.0,No,No,Modified
788,5387,39,Cold,0.389962,0,0,Landing Page Submission,Google,No,No,4.0,1166,4.0,SMS Sent,India,Marketing Management,Unemployed,Better Career Prospects,No,No,No,No,No,No,No,No,Ringing,,No,No,Thane & Outskirts,,,,,No,No,SMS Sent
789,207,39,Cold,0.3938739,0,0,API,Organic Search,No,No,5.0,358,5.0,Page Visited on Website,United Arab Emirates,,Unemployed,Better Career Prospects,No,No,No,No,No,No,No,No,Busy,Not Sure,No,No,,02.Medium,02.Medium,15.0,15.0,No,No,Modified
790,3430,38,Cold,0.3826833,0,0,Landing Page Submission,Direct Traffic,No,No,5.0,576,5.0,SMS Sent,India,IT Projects Management,Unemployed,Better Career Prospects,No,No,No,No,No,No,No,No,Busy,Might be,No,No,Other Cities of Maharashtra,,,,,No,Yes,SMS Sent
791,2100,38,Cold,0.3782574,0,1,API,Olark Chat,No,No,0.0,0,0.0,Email Opened,,,Unemployed,Better Career Prospects,No,No,No,No,No,No,No,No,,,No,No,,02.Medium,02.Medium,15.0,15.0,No,No,Modified
792,1399,36,Cold,0.35646245,0,0,Landing Page Submission,Direct Traffic,No,No,3.0,580,1.5,Email Opened,India,Finance Management,,,No,No,No,No,No,No,No,No,,,No,No,Thane & Outskirts,02.Medium,01.High,14.0,17.0,No,Yes,Email Opened
793,2930,36,Cold,0.36138165,0,1,Landing Page Submission,Direct Traffic,No,No,6.0,273,2.0,Page Visited on Website,India,IT Projects Management,Unemployed,Better Career Prospects,No,No,No,No,No,No,No,No,Busy,Not Sure,No,No,Mumbai,02.Medium,02.Medium,15.0,15.0,No,Yes,Page Visited on Website
794,5544,36,Cold,0.3618712,0,0,Landing Page Submission,Direct Traffic,No,No,4.0,1441,2.0,Page Visited on Website,India,Travel and Tourism,,,No,No,No,No,No,No,No,No,,,No,No,Other Metro Cities,,,,,No,No,Modified
795,833,35,Cold,0.35467893,0,1,API,Olark Chat,No,No,0.0,0,0.0,SMS Sent,,,Working Professional,Better Career Prospects,No,No,No,No,No,No,No,No,Interested in other courses,Might be,No,No,,02.Medium,02.Medium,15.0,15.0,No,No,Modified
796,6717,34,Cold,0.3443669,0,0,API,Google,No,No,3.0,636,1.5,Page Visited on Website,unknown,,,,No,No,No,No,No,No,No,No,,,No,No,,,,,,No,No,Page Visited on Website
797,5535,34,Cold,0.33847812,0,0,Lead Add Form,Reference,No,No,0.0,0,0.0,SMS Sent,,,Unemployed,Better Career Prospects,No,No,No,No,No,No,No,No,Ringing,High in Relevance,No,No,Mumbai,,,,,No,No,SMS Sent
798,3904,33,Cold,0.33197838,0,0,API,Google,No,No,3.0,1272,3.0,Converted to Lead,India,,,,No,No,No,No,No,No,No,No,,,No,No,,,,,,No,No,Modified
799,9217,33,Cold,0.33144403,0,0,API,Olark Chat,No,No,0.0,0,0.0,SMS Sent,,,Unemployed,Better Career Prospects,No,No,No,No,No,No,No,No,Ringing,Not Sure,No,No,,02.Medium,02.Medium,15.0,16.0,No,No,SMS Sent
800,7292,33,Cold,0.33155754,0,0,Landing Page Submission,Direct Traffic,No,No,8.0,698,2.0,Email Opened,India,Finance Management,,,No,No,No,No,No,No,No,No,,,No,No,Mumbai,02.Medium,01.High,13.0,18.0,No,Yes,Email Opened
801,1968,33,Cold,0.3267177,0,1,Landing Page Submission,Google,No,No,5.0,321,2.5,SMS Sent,India,Marketing Management,Unemployed,Better Career Prospects,No,No,No,No,No,No,No,No,Busy,Not Sure,No,No,Mumbai,02.Medium,01.High,14.0,18.0,No,Yes,Modified
802,7936,32,Cold,0.3159894,0,0,API,Google,No,No,2.0,74,2.0,Email Opened,India,,,,No,No,No,No,No,No,No,No,,,No,No,,01.High,02.Medium,16.0,15.0,No,No,Email Opened
803,7732,32,Cold,0.3159894,0,0,API,Google,No,No,2.0,75,2.0,Email Opened,India,,,,No,No,No,No,No,No,No,No,,,No,No,,01.High,02.Medium,16.0,15.0,No,No,Email Opened
804,775,32,Cold,0.3169931,0,0,Landing Page Submission,Organic Search,No,No,14.0,1747,1.27,Email Opened,India,Finance Management,Unemployed,Better Career Prospects,No,No,No,No,No,No,No,No,Ringing,,No,No,Mumbai,02.Medium,01.High,15.0,18.0,No,Yes,Email Opened
805,7735,32,Cold,0.31628436,0,0,Landing Page Submission,Direct Traffic,No,No,2.0,180,2.0,Email Opened,India,Marketing Management,,,No,No,No,No,No,No,No,No,,,No,No,Other Cities of Maharashtra,01.High,01.High,16.0,17.0,No,Yes,Email Opened
806,6071,32,Cold,0.3227254,0,0,API,Google,No,No,3.0,697,1.5,Olark Chat Conversation,India,,,,No,No,No,No,No,No,No,No,,,No,No,,,,,,No,No,Modified
807,5230,31,Cold,0.31295633,0,0,API,Olark Chat,No,No,0.0,0,0.0,Email Opened,,,,,No,No,No,No,No,No,No,No,,,No,No,,,,,,No,No,Email Opened
808,5751,31,Cold,0.31295633,0,1,API,Olark Chat,No,No,0.0,0,0.0,Email Opened,,,,,No,No,No,No,No,No,No,No,,,No,No,,,,,,No,No,Email Opened
809,3303,31,Cold,0.31295633,0,0,API,Olark Chat,No,No,0.0,0,0.0,Email Opened,,,,,No,No,No,No,No,No,No,No,,,No,No,,,,,,No,No,Email Opened
810,4357,31,Cold,0.31295633,0,0,API,Olark Chat,No,No,0.0,0,0.0,Email Opened,,,,,No,No,No,No,No,No,No,No,,,No,No,,,,,,No,No,Email Opened
811,4661,31,Cold,0.31295633,0,0,API,Olark Chat,No,No,0.0,0,0.0,Email Opened,,,,,No,No,No,No,No,No,No,No,,,No,No,,,,,,No,No,Email Opened
812,4667,31,Cold,0.31295633,0,1,API,Olark Chat,No,No,0.0,0,0.0,Email Opened,,,Unemployed,Better Career Prospects,No,No,No,No,No,No,No,No,,,No,No,,,,,,No,No,Email Opened
813,5880,31,Cold,0.31295633,0,0,API,Olark Chat,No,No,0.0,0,0.0,Email Opened,,,,,No,No,No,No,No,No,No,No,,,No,No,,,,,,No,No,Email Opened
814,3886,31,Cold,0.31295633,0,0,API,Olark Chat,No,No,0.0,0,0.0,Email Opened,,,,,No,No,No,No,No,No,No,No,,,No,No,,,,,,No,No,Email Opened
815,3305,31,Cold,0.31295633,0,0,API,Olark Chat,No,No,0.0,0,0.0,Email Opened,,,Unemployed,Better Career Prospects,No,No,No,No,No,No,No,No,,,No,No,,,,,,No,No,Email Opened
816,6845,31,Cold,0.31295633,0,0,API,Olark Chat,No,No,0.0,0,0.0,Email Opened,,,,,No,No,No,No,No,No,No,No,,,No,No,,,,,,No,No,Email Opened
817,3913,31,Cold,0.31295633,0,0,API,Olark Chat,No,No,0.0,0,0.0,Email Opened,,,Unemployed,Better Career Prospects,No,No,No,No,No,No,No,No,,,No,No,,,,,,No,No,Email Opened
818,4279,31,Cold,0.31295633,0,0,API,Olark Chat,No,No,0.0,0,0.0,Email Opened,,,,,No,No,No,No,No,No,No,No,,,No,No,,,,,,No,No,Email Opened
819,5097,31,Cold,0.31295633,0,0,API,Olark Chat,No,No,0.0,0,0.0,Email Opened,,,,,No,No,No,No,No,No,No,No,,,No,No,,,,,,No,No,Email Opened
820,4262,31,Cold,0.31295633,0,0,API,Olark Chat,No,No,0.0,0,0.0,Email Opened,,,,,No,No,No,No,No,No,No,No,,,No,No,,,,,,No,No,Email Opened
821,4910,31,Cold,0.31295633,0,0,API,Olark Chat,No,No,0.0,0,0.0,Email Opened,,,,,No,No,No,No,No,No,No,No,,,No,No,,,,,,No,No,Email Opened
822,6361,31,Cold,0.31339797,0,1,API,Olark Chat,No,No,0.0,0,0.0,Email Opened,,Finance Management,Unemployed,Better Career Prospects,No,No,No,No,No,No,No,No,Will revert after reading the email,Might be,No,No,Thane & Outskirts,,,,,No,No,Email Opened
823,6388,31,Cold,0.31295633,0,0,API,Olark Chat,No,No,0.0,0,0.0,Email Opened,,,,,No,No,No,No,No,No,No,No,,,No,No,,,,,,No,No,Email Opened
824,6553,31,Cold,0.31295633,0,1,API,Olark Chat,No,No,0.0,0,0.0,Email Opened,,,Unemployed,Better Career Prospects,No,No,No,No,No,No,No,No,,,No,No,,,,,,No,No,Email Opened
825,4036,31,Cold,0.31295633,0,1,API,Olark Chat,No,No,0.0,0,0.0,Email Opened,,,Unemployed,Better Career Prospects,No,No,No,No,No,No,No,No,,,No,No,,,,,,No,No,Email Opened
826,3750,31,Cold,0.31295633,0,0,API,Olark Chat,No,No,0.0,0,0.0,Email Opened,,,,,No,No,No,No,No,No,No,No,,,No,No,,,,,,No,No,Email Opened
827,4588,31,Cold,0.31295633,0,0,API,Olark Chat,No,No,0.0,0,0.0,Email Opened,,,,,No,No,No,No,No,No,No,No,,,No,No,,,,,,No,No,Email Opened
828,4562,31,Cold,0.31295633,0,0,API,Olark Chat,No,No,0.0,0,0.0,Email Opened,,,,,No,No,No,No,No,No,No,No,,,No,No,,,,,,No,No,Email Opened
829,5831,31,Cold,0.31295633,0,0,API,Olark Chat,No,No,0.0,0,0.0,Email Opened,,,,,No,No,No,No,No,No,No,No,,,No,No,,,,,,No,No,Email Opened
830,5696,31,Cold,0.31295633,0,0,API,Olark Chat,No,No,0.0,0,0.0,Email Opened,,,,,No,No,No,No,No,No,No,No,,,No,No,,,,,,No,No,Email Opened
831,3432,31,Cold,0.31295633,0,1,API,Olark Chat,No,No,0.0,0,0.0,Email Opened,,,Unemployed,Better Career Prospects,No,No,No,No,No,No,No,No,,,No,No,,,,,,No,No,Email Opened
832,5457,31,Cold,0.31295633,0,0,API,Olark Chat,No,No,0.0,0,0.0,Email Opened,,,,,No,No,No,No,No,No,No,No,,,No,No,,,,,,No,No,Email Opened
833,4321,31,Cold,0.31295633,0,0,API,Olark Chat,No,No,0.0,0,0.0,Email Opened,,,,,No,No,No,No,No,No,No,No,,,No,No,,,,,,No,No,Email Opened
834,1310,30,Cold,0.3047303,0,1,API,Google,No,No,3.0,1360,1.5,SMS Sent,India,,Unemployed,Better Career Prospects,No,No,No,No,No,No,No,No,in touch with EINS,,No,No,,02.Medium,02.Medium,13.0,15.0,No,No,SMS Sent
835,834,30,Cold,0.30230144,0,0,Landing Page Submission,Google,No,No,3.0,1198,3.0,SMS Sent,India,Marketing Management,,,No,No,No,No,No,No,No,No,,,No,No,Mumbai,02.Medium,01.High,13.0,18.0,No,No,Modified
836,4897,30,Cold,0.30003715,0,0,Landing Page Submission,Direct Traffic,No,No,8.0,1677,2.0,Page Visited on Website,India,Human Resource Management,Unemployed,Better Career Prospects,No,No,No,No,No,No,No,No,Ringing,Not Sure,No,No,Thane & Outskirts,02.Medium,01.High,15.0,17.0,No,Yes,Modified
837,1449,30,Cold,0.30012533,0,0,Landing Page Submission,Direct Traffic,No,No,2.0,270,2.0,Email Opened,India,Finance Management,,,No,No,No,No,No,No,No,No,,,No,No,Thane & Outskirts,01.High,01.High,16.0,17.0,No,Yes,Email Opened
838,5090,28,Cold,0.27947247,0,0,Landing Page Submission,Direct Traffic,No,No,3.0,1288,1.5,SMS Sent,India,Finance Management,Unemployed,Better Career Prospects,No,No,No,No,No,No,No,No,Ringing,Not Sure,No,No,Mumbai,,,,,No,Yes,SMS Sent
839,1411,27,Cold,0.27467898,0,1,Landing Page Submission,Google,No,No,4.0,1261,4.0,Form Submitted on Website,India,Travel and Tourism,Unemployed,Better Career Prospects,No,No,No,No,No,No,No,No,Will revert after reading the email,Might be,No,No,Mumbai,02.Medium,02.Medium,13.0,16.0,No,No,Modified
840,6264,27,Cold,0.27166122,0,0,Landing Page Submission,Direct Traffic,No,No,1.0,1058,1.0,Converted to Lead,India,Business Administration,,,No,No,No,No,No,No,No,No,,,No,No,Mumbai,,,,,No,Yes,Modified
841,8240,27,Cold,0.27172095,0,0,Landing Page Submission,Direct Traffic,No,No,2.0,1135,2.0,Converted to Lead,India,Services Excellence,,,No,No,No,No,No,No,No,No,,,No,No,Other Cities,02.Medium,02.Medium,14.0,13.0,No,Yes,Modified
842,3070,27,Cold,0.27151096,0,1,API,Google,No,No,3.0,519,1.0,Email Opened,India,,Unemployed,Better Career Prospects,No,No,No,No,No,No,No,No,,,No,No,,,,,,No,No,Email Opened
843,3590,27,Cold,0.2659199,0,1,Landing Page Submission,Organic Search,No,No,5.0,1221,5.0,Converted to Lead,India,Hospitality Management,,,No,No,No,No,No,No,No,No,,,No,No,Other Metro Cities,,,,,No,Yes,Modified
844,1205,26,Cold,0.26345402,0,0,Landing Page Submission,Direct Traffic,No,No,17.0,682,5.67,Email Opened,India,Marketing Management,,,No,No,No,No,No,No,No,No,,,No,No,Other Cities,02.Medium,02.Medium,13.0,16.0,No,No,Email Opened
845,8901,26,Cold,0.2575938,0,0,Landing Page Submission,Direct Traffic,No,No,2.0,1736,2.0,Email Link Clicked,India,Marketing Management,Working Professional,Better Career Prospects,No,No,No,No,No,No,No,No,Interested in other courses,Low in Relevance,No,No,Mumbai,02.Medium,01.High,14.0,20.0,No,Yes,Modified
846,291,26,Cold,0.25519657,0,0,API,Google,No,No,4.0,97,4.0,Olark Chat Conversation,India,,,,No,No,No,No,No,No,No,No,,,No,No,,02.Medium,02.Medium,15.0,15.0,No,No,Modified
847,1001,26,Cold,0.25635487,0,0,API,Referral Sites,No,No,6.0,968,3.0,Page Visited on Website,India,,,,No,No,No,No,No,No,No,No,,,No,No,,01.High,02.Medium,17.0,13.0,No,No,Modified
848,8163,26,Cold,0.26267293,0,0,Landing Page Submission,Direct Traffic,No,No,2.0,886,2.0,SMS Sent,India,Marketing Management,Unemployed,Better Career Prospects,No,No,No,No,No,No,No,No,Ringing,Might be,No,No,Other Cities of Maharashtra,02.Medium,01.High,13.0,17.0,No,No,SMS Sent
849,383,25,Cold,0.24960324,0,0,API,Olark Chat,No,No,0.0,0,0.0,Email Opened,,,,,No,No,No,No,No,No,No,No,,,No,No,,02.Medium,02.Medium,14.0,15.0,No,No,Email Opened
850,1159,25,Cold,0.25049275,0,0,API,Google,No,No,4.0,161,1.0,Olark Chat Conversation,India,,,,No,No,No,No,No,No,No,No,,,No,No,,02.Medium,02.Medium,15.0,15.0,No,No,Modified
851,8474,25,Cold,0.24710476,0,0,Landing Page Submission,Google,No,No,3.0,1218,3.0,Form Submitted on Website,India,Human Resource Management,Working Professional,Better Career Prospects,No,No,No,No,No,No,No,No,Interested in other courses,High in Relevance,No,No,Tier II Cities,02.Medium,01.High,13.0,17.0,No,No,Modified
852,1328,25,Cold,0.24960324,0,0,API,Olark Chat,No,No,0.0,0,0.0,Email Opened,,,,,No,No,No,No,No,No,No,No,,,No,No,,02.Medium,02.Medium,14.0,15.0,No,No,Email Opened
853,9135,25,Cold,0.24960324,0,0,API,Olark Chat,No,No,0.0,0,0.0,Email Opened,,,,,No,No,No,No,No,No,No,No,,,No,No,,02.Medium,02.Medium,14.0,15.0,No,No,Email Opened
854,910,25,Cold,0.24896592,0,1,API,Google,No,No,3.0,117,1.5,Olark Chat Conversation,India,,Unemployed,Better Career Prospects,No,No,No,No,No,No,No,No,,,No,No,,02.Medium,02.Medium,15.0,15.0,No,No,Modified
855,2278,24,Cold,0.23759939,0,0,API,Olark Chat,No,No,0.0,0,0.0,Email Opened,,,,,No,No,No,No,No,No,No,No,,,No,No,,01.High,02.Medium,16.0,15.0,No,No,Modified
856,1241,24,Cold,0.23759939,0,0,API,Olark Chat,No,No,0.0,0,0.0,Email Opened,,,,,No,No,No,No,No,No,No,No,,,No,No,,01.High,02.Medium,16.0,15.0,No,No,Modified
857,7093,24,Cold,0.24353857,0,0,Landing Page Submission,Direct Traffic,No,No,16.0,1996,4.0,Page Visited on Website,India,Business Administration,Unemployed,Better Career Prospects,No,No,No,No,No,No,No,No,Ringing,Not Sure,No,No,Mumbai,02.Medium,01.High,14.0,18.0,No,Yes,Page Visited on Website
858,6727,24,Cold,0.2422583,0,0,Landing Page Submission,Direct Traffic,No,No,5.0,1340,1.67,SMS Sent,India,Healthcare Management,Unemployed,Better Career Prospects,No,No,No,No,No,No,No,No,Ringing,Not Sure,No,No,Other Cities,,,,,No,Yes,SMS Sent
859,1229,24,Cold,0.23759939,0,0,API,Olark Chat,No,No,0.0,0,0.0,Email Opened,,,,,No,No,No,No,No,No,No,No,,,No,No,,01.High,02.Medium,16.0,15.0,No,No,Modified
860,2093,24,Cold,0.23759939,0,0,API,Olark Chat,No,No,0.0,0,0.0,Email Opened,,,,,No,No,No,No,No,No,No,No,,,No,No,,01.High,02.Medium,16.0,15.0,No,No,Modified
861,5665,24,Cold,0.2402215,0,0,Landing Page Submission,Google,No,No,3.0,493,3.0,Email Opened,India,Operations Management,,,No,No,No,No,No,No,No,No,,,No,No,Thane & Outskirts,,,,,No,No,Email Opened
862,2518,24,Cold,0.23759939,0,0,API,Olark Chat,No,No,0.0,0,0.0,Email Opened,,,,,No,No,No,No,No,No,No,No,,,No,No,,01.High,02.Medium,16.0,15.0,No,No,Modified
863,762,24,Cold,0.23759939,0,0,API,Olark Chat,No,No,0.0,0,0.0,Email Opened,,,,,No,No,No,No,No,No,No,No,,,No,No,,01.High,02.Medium,16.0,15.0,No,No,Modified
864,8153,24,Cold,0.23759939,0,0,API,Olark Chat,No,No,0.0,0,0.0,Email Opened,,,,,No,No,No,No,No,No,No,No,,,No,No,,01.High,02.Medium,16.0,15.0,No,No,Modified
865,1276,24,Cold,0.23715241,0,0,Landing Page Submission,Direct Traffic,No,No,3.0,506,1.5,Email Opened,India,Operations Management,,,No,No,No,No,No,No,No,No,,,No,No,Mumbai,02.Medium,01.High,14.0,18.0,No,Yes,Email Opened
866,2182,24,Cold,0.23974591,0,1,Landing Page Submission,Google,No,No,4.0,45,4.0,SMS Sent,India,Human Resource Management,Unemployed,Better Career Prospects,No,No,No,No,No,No,No,No,Busy,Not Sure,No,No,Other Cities,02.Medium,02.Medium,14.0,16.0,No,No,Modified
867,7612,24,Cold,0.23759939,0,0,API,Olark Chat,No,No,0.0,0,0.0,Email Opened,,,,,No,No,No,No,No,No,No,No,,,No,No,,01.High,02.Medium,16.0,15.0,No,No,Modified
868,6343,23,Cold,0.23433793,0,1,API,Organic Search,No,No,12.0,249,1.71,Email Opened,India,,Unemployed,Better Career Prospects,No,No,No,No,No,No,No,No,,,No,No,,,,,,No,No,Email Opened
869,782,23,Cold,0.22838001,0,1,API,Olark Chat,No,No,0.0,0,0.0,Olark Chat Conversation,,,,,No,No,No,No,No,No,No,No,,,No,No,,02.Medium,02.Medium,15.0,15.0,No,No,Modified
870,1560,23,Cold,0.22770967,0,1,API,Olark Chat,No,No,3.0,430,1.5,Email Opened,India,Human Resource Management,Unemployed,Better Career Prospects,No,No,No,No,No,No,No,No,Will revert after reading the email,Might be,No,No,Mumbai,02.Medium,02.Medium,14.0,16.0,No,Yes,Email Opened
871,4724,23,Cold,0.22729142,0,1,Landing Page Submission,Google,No,No,4.0,709,4.0,Page Visited on Website,India,Hospitality Management,Unemployed,Better Career Prospects,No,No,No,No,No,No,No,No,Will revert after reading the email,Might be,No,No,Mumbai,,,,,No,No,Modified
872,7661,23,Cold,0.22838001,0,0,API,Olark Chat,No,No,0.0,0,0.0,Olark Chat Conversation,,,,,No,No,No,No,No,No,No,No,,,No,No,,02.Medium,02.Medium,15.0,15.0,No,No,Modified
873,7,23,Cold,0.22838001,0,0,API,Olark Chat,No,No,0.0,0,0.0,Olark Chat Conversation,,,,,No,No,No,No,No,No,No,No,,,No,No,,02.Medium,02.Medium,15.0,15.0,No,No,Modified
874,566,23,Cold,0.22880235,0,0,Landing Page Submission,Google,No,No,3.0,242,3.0,Email Opened,India,Business Administration,,,No,No,No,No,No,No,No,No,,,No,No,Mumbai,02.Medium,01.High,14.0,18.0,No,No,Email Opened
875,5650,23,Cold,0.22704217,0,0,API,Olark Chat,Yes,No,0.0,0,0.0,Email Opened,,,,,No,No,No,No,No,No,No,No,,,No,No,,,,,,No,No,Email Opened
876,8178,23,Cold,0.23271663,0,0,Landing Page Submission,Google,No,No,6.0,617,6.0,SMS Sent,India,Finance Management,Unemployed,Better Career Prospects,No,No,No,No,No,No,No,No,Ringing,Not Sure,No,No,Mumbai,02.Medium,01.High,15.0,18.0,No,Yes,SMS Sent
877,2447,22,Cold,0.21885838,0,0,Landing Page Submission,Google,No,No,3.0,1198,3.0,Form Submitted on Website,India,Finance Management,,,No,No,No,No,No,No,No,No,,,No,No,Mumbai,02.Medium,01.High,13.0,18.0,No,No,Modified
878,2191,22,Cold,0.21635099,0,1,API,Olark Chat,No,No,4.0,40,2.0,Page Visited on Website,,,Unemployed,Better Career Prospects,No,No,No,No,No,No,No,No,,,No,No,,01.High,02.Medium,16.0,15.0,No,No,Page Visited on Website
879,730,22,Cold,0.21898971,0,0,API,Google,No,No,3.0,506,1.5,Email Opened,India,,,,No,No,No,No,No,No,No,No,,,No,No,,02.Medium,02.Medium,14.0,15.0,No,No,Email Opened
880,6253,22,Cold,0.2187812,0,0,Landing Page Submission,Direct Traffic,No,No,4.0,48,4.0,Email Opened,India,Media and Advertising,,,No,No,No,No,No,No,No,No,,,No,No,Tier II Cities,,,,,No,No,Email Opened
881,5943,22,Cold,0.22146025,0,0,Landing Page Submission,Direct Traffic,No,No,4.0,534,4.0,Email Opened,India,Marketing Management,,,No,No,No,No,No,No,No,No,,,No,No,Other Cities,,,,,No,Yes,Email Opened
882,6234,21,Cold,0.20749871,0,0,Landing Page Submission,Organic Search,No,No,5.0,223,2.5,Email Opened,United Arab Emirates,Finance Management,,,No,No,No,No,No,No,No,No,,,No,No,Other Cities of Maharashtra,,,,,No,Yes,Email Opened
883,1851,21,Cold,0.20568669,0,0,Landing Page Submission,Google,No,No,3.0,203,3.0,Email Opened,India,Finance Management,Unemployed,Better Career Prospects,No,No,No,No,No,No,No,No,Busy,Not Sure,No,No,Thane & Outskirts,02.Medium,01.High,14.0,17.0,No,No,Email Opened
884,8157,21,Cold,0.21144137,0,0,API,Olark Chat,No,No,0.0,0,0.0,Email Link Clicked,,,,,No,No,No,No,No,No,No,No,,,No,No,,02.Medium,02.Medium,15.0,15.0,No,No,Email Link Clicked
885,9029,21,Cold,0.20786013,0,1,API,Olark Chat,No,No,0.0,0,0.0,Olark Chat Conversation,,,,,No,No,No,No,No,No,No,No,,,No,No,,01.High,02.Medium,16.0,15.0,No,No,Modified
886,1230,21,Cold,0.21381602,0,0,API,Olark Chat,No,No,0.0,0,0.0,Olark Chat Conversation,,,,,No,No,No,No,No,No,No,No,,,No,No,,01.High,02.Medium,16.0,15.0,No,No,Olark Chat Conversation
887,3409,21,Cold,0.21290265,0,0,Landing Page Submission,Google,No,No,5.0,323,1.67,Email Opened,India,Business Administration,,,No,No,No,No,No,No,No,No,,,No,No,Mumbai,,,,,No,No,Email Opened
888,5172,21,Cold,0.20689656,0,0,Landing Page Submission,Google,No,No,5.0,87,5.0,Email Opened,India,Operations Management,Unemployed,Better Career Prospects,No,No,No,No,No,No,No,No,Busy,Not Sure,No,No,Thane & Outskirts,,,,,No,No,Email Opened
889,853,20,Cold,0.20103453,0,1,API,Google,No,No,6.0,305,3.0,Olark Chat Conversation,India,,Unemployed,Better Career Prospects,No,No,No,No,No,No,No,No,Will revert after reading the email,Might be,No,No,,01.High,02.Medium,16.0,15.0,No,No,Olark Chat Conversation
890,1485,20,Cold,0.19908366,0,0,Landing Page Submission,Direct Traffic,No,No,3.0,258,3.0,Email Opened,India,Finance Management,,,No,No,No,No,No,No,No,No,,,No,No,Other Cities,02.Medium,02.Medium,14.0,16.0,No,No,Email Opened
891,7562,20,Cold,0.19582675,0,0,API,Olark Chat,No,No,0.0,0,0.0,Email Link Clicked,,,,,No,No,No,No,No,No,No,No,,,No,No,,01.High,02.Medium,16.0,15.0,No,No,Email Link Clicked
892,3801,20,Cold,0.19767849,0,1,Landing Page Submission,Google,No,No,3.0,262,3.0,Email Opened,India,Marketing Management,Unemployed,Better Career Prospects,No,No,No,No,No,No,No,No,Will revert after reading the email,Might be,No,No,Mumbai,,,,,No,No,Email Opened
893,4060,20,Cold,0.20477094,0,0,API,Google,Yes,No,1.0,1238,1.0,Email Bounced,India,,Unemployed,Better Career Prospects,No,No,No,No,No,No,No,No,,,No,No,,,,,,No,No,Modified
894,4669,20,Cold,0.19777709,0,0,API,Google,No,No,2.0,238,1.0,Email Opened,India,,,,No,No,No,No,No,No,No,No,,,No,No,,,,,,No,No,Email Opened
895,3257,19,Cold,0.19064283,0,0,Landing Page Submission,Direct Traffic,No,No,3.0,126,1.5,Email Opened,India,Hospitality Management,,,No,No,No,No,No,No,No,No,,,No,No,Other Cities of Maharashtra,,,,,No,Yes,Email Opened
896,7956,19,Cold,0.19163015,0,0,API,Olark Chat,No,No,0.0,0,0.0,Email Link Clicked,,,,,No,No,No,No,No,No,No,No,,,No,No,,02.Medium,02.Medium,14.0,15.0,No,No,Email Link Clicked
897,8129,19,Cold,0.18780302,0,0,Landing Page Submission,Direct Traffic,No,No,7.0,961,1.75,SMS Sent,India,Finance Management,Unemployed,Better Career Prospects,No,No,No,No,No,No,No,No,Ringing,Might be,No,No,Other Cities,,,,,No,No,SMS Sent
898,7312,19,Cold,0.1854133,0,0,API,Olark Chat,Yes,No,0.0,0,0.0,Email Bounced,,,Unemployed,Better Career Prospects,No,No,No,No,No,No,No,No,,,No,No,,02.Medium,02.Medium,15.0,15.0,No,No,Email Bounced
899,2810,19,Cold,0.18886916,0,0,Landing Page Submission,Google,No,No,4.0,428,4.0,Email Opened,India,"Banking, Investment And Insurance",,,No,No,No,No,No,No,No,No,,,No,No,Mumbai,,,,,No,No,Email Opened
900,6268,18,Cold,0.17690389,0,0,API,Olark Chat,No,No,0.0,0,0.0,SMS Sent,,,Unemployed,Better Career Prospects,No,No,No,No,No,No,No,No,Ringing,Not Sure,No,No,,,,,,No,No,SMS Sent
901,8480,18,Cold,0.17660962,0,0,Landing Page Submission,Direct Traffic,No,No,2.0,1393,2.0,Email Opened,India,"Banking, Investment And Insurance",Unemployed,Better Career Prospects,No,No,No,No,No,No,No,No,opp hangup,,No,No,Other Cities,02.Medium,02.Medium,14.0,16.0,No,Yes,Email Opened
902,5691,18,Cold,0.17690389,0,0,API,Olark Chat,No,No,0.0,0,0.0,SMS Sent,,,Unemployed,Better Career Prospects,No,No,No,No,No,No,No,No,Ringing,Not Sure,No,No,,,,,,No,No,SMS Sent
903,1333,18,Cold,0.18206377,0,0,Landing Page Submission,Direct Traffic,No,No,1.0,471,1.0,Converted to Lead,India,,,,No,No,No,No,No,No,No,No,,,No,No,,01.High,01.High,16.0,17.0,No,No,Modified
904,4517,18,Cold,0.18082058,0,0,API,Olark Chat,No,No,0.0,0,0.0,SMS Sent,,,,,No,No,No,No,No,No,No,No,,,No,No,,,,,,No,No,Modified
905,2425,18,Cold,0.17906983,0,0,Landing Page Submission,Organic Search,No,No,3.0,1367,3.0,Page Visited on Website,India,Travel and Tourism,Unemployed,Better Career Prospects,No,No,No,No,No,No,No,No,switched off,Not Sure,No,No,Other Cities,02.Medium,02.Medium,15.0,14.0,No,Yes,Modified
906,3358,18,Cold,0.17899072,0,0,Landing Page Submission,Google,No,No,5.0,245,2.5,Email Link Clicked,India,Supply Chain Management,,,No,No,No,No,No,No,No,No,,,No,No,Mumbai,02.Medium,01.High,14.0,18.0,No,Yes,Email Link Clicked
907,6796,18,Cold,0.18082058,0,0,API,Olark Chat,No,No,0.0,0,0.0,SMS Sent,,,,,No,No,No,No,No,No,No,No,,,No,No,,,,,,No,No,Modified
908,3317,18,Cold,0.1808222,0,0,Landing Page Submission,Direct Traffic,No,No,3.0,747,3.0,SMS Sent,India,Human Resource Management,Unemployed,Better Career Prospects,No,No,No,No,No,No,No,No,Ringing,Not Sure,No,No,Other Cities,,,,,No,Yes,SMS Sent
909,4499,18,Cold,0.18082058,0,0,API,Olark Chat,No,No,0.0,0,0.0,SMS Sent,,,,,No,No,No,No,No,No,No,No,,,No,No,,,,,,No,No,Modified
910,4493,18,Cold,0.17690389,0,0,API,Olark Chat,No,No,0.0,0,0.0,SMS Sent,,,Unemployed,Better Career Prospects,No,No,No,No,No,No,No,No,Ringing,Not Sure,No,No,,,,,,No,No,SMS Sent
911,4714,18,Cold,0.18082058,0,0,API,Olark Chat,No,No,0.0,0,0.0,SMS Sent,,,,,No,No,No,No,No,No,No,No,,,No,No,,,,,,No,No,Modified
912,4656,18,Cold,0.1768588,0,0,Landing Page Submission,Direct Traffic,No,No,8.0,598,4.0,Converted to Lead,India,,Student,,No,No,No,No,No,No,No,No,,,No,No,Mumbai,,,,,No,No,Modified
913,1088,17,Cold,0.17045802,0,0,Landing Page Submission,Direct Traffic,No,No,4.0,1371,4.0,Email Opened,India,Operations Management,Unemployed,Better Career Prospects,No,No,No,No,No,No,No,No,wrong number given,,No,No,Other Metro Cities,02.Medium,02.Medium,14.0,16.0,No,Yes,Email Opened
914,6349,17,Cold,0.17340584,0,0,API,Olark Chat,No,No,0.0,0,0.0,Email Link Clicked,,,,,No,No,No,No,No,No,No,No,,,No,No,,,,,,No,No,Email Link Clicked
915,5107,17,Cold,0.17340584,0,0,API,Olark Chat,No,No,0.0,0,0.0,Email Link Clicked,,,,,No,No,No,No,No,No,No,No,,,No,No,,,,,,No,No,Email Link Clicked
916,5386,17,Cold,0.16726178,0,1,Landing Page Submission,Google,No,No,8.0,396,2.67,Email Opened,India,Marketing Management,Unemployed,Better Career Prospects,No,No,No,No,No,No,No,No,,,No,No,Mumbai,,,,,No,No,Email Opened
917,5081,17,Cold,0.17340584,0,0,API,Olark Chat,No,No,0.0,0,0.0,Email Link Clicked,,,,,No,No,No,No,No,No,No,No,,,No,No,,,,,,No,No,Email Link Clicked
918,894,17,Cold,0.16990522,0,0,Landing Page Submission,Organic Search,No,No,8.0,36,2.0,Email Opened,India,International Business,,,No,No,No,No,No,No,No,No,,,No,No,Other Cities,02.Medium,02.Medium,14.0,16.0,No,Yes,Email Opened
919,9084,17,Cold,0.17053938,0,1,Landing Page Submission,Google,No,No,4.0,1172,4.0,SMS Sent,India,E-COMMERCE,Unemployed,Better Career Prospects,No,No,No,No,No,No,No,No,Ringing,Not Sure,No,No,Other Cities of Maharashtra,02.Medium,02.Medium,14.0,16.0,No,No,SMS Sent
920,6080,17,Cold,0.17425255,0,0,Landing Page Submission,Direct Traffic,No,No,5.0,1099,2.5,SMS Sent,India,Human Resource Management,Unemployed,Better Career Prospects,No,No,No,No,No,No,No,No,Ringing,Not Sure,No,No,Other Metro Cities,,,,,No,Yes,SMS Sent
921,5311,17,Cold,0.17340584,0,0,API,Olark Chat,No,No,0.0,0,0.0,Email Link Clicked,,,Unemployed,Better Career Prospects,No,No,No,No,No,No,No,No,,,No,No,,,,,,No,No,Email Link Clicked
922,4454,17,Cold,0.1735387,0,1,API,Olark Chat,Yes,No,0.0,0,0.0,Unsubscribed,,,,,No,No,No,No,No,No,No,No,,,No,No,,,,,,No,No,Unsubscribed
923,5546,16,Cold,0.16230468,0,0,Landing Page Submission,Direct Traffic,No,No,3.0,338,3.0,Email Opened,India,Operations Management,,,No,No,No,No,No,No,No,No,,,No,No,Other Cities,,,,,No,Yes,Email Opened
924,4601,16,Cold,0.15548418,0,0,Landing Page Submission,Google,No,No,12.0,806,3.0,SMS Sent,India,Travel and Tourism,Unemployed,Better Career Prospects,No,No,No,No,No,No,No,No,switched off,Might be,No,No,Other Cities of Maharashtra,,,,,No,No,SMS Sent
925,6019,16,Cold,0.15587272,0,0,Landing Page Submission,Direct Traffic,No,No,3.0,14,3.0,Email Opened,India,Healthcare Management,,,No,No,No,No,No,No,No,No,,,No,No,Other Cities of Maharashtra,,,,,No,No,Email Opened
926,4829,16,Cold,0.16399397,0,0,API,Google,No,No,3.0,100,1.5,Email Opened,India,,,,No,No,No,No,No,No,No,No,,,No,No,,,,,,No,No,Email Opened
927,5776,16,Cold,0.16122071,0,0,API,Google,No,No,3.0,233,1.5,Email Opened,India,Finance Management,,,No,No,No,No,No,No,No,No,,,No,No,Mumbai,,,,,No,Yes,Email Opened
928,7349,16,Cold,0.15832126,0,0,Landing Page Submission,Direct Traffic,No,No,20.0,1633,2.22,Page Visited on Website,India,"Banking, Investment And Insurance",Unemployed,Better Career Prospects,No,No,No,No,No,No,No,No,Ringing,,No,No,Mumbai,,,,,No,Yes,Page Visited on Website
929,7065,16,Cold,0.16272761,0,0,Landing Page Submission,Direct Traffic,No,No,4.0,1376,4.0,SMS Sent,India,Supply Chain Management,Unemployed,Better Career Prospects,No,No,No,No,No,No,No,No,Ringing,Not Sure,No,No,Mumbai,,,,,No,Yes,SMS Sent
930,3038,16,Cold,0.16444525,0,0,API,Google,No,No,2.0,64,1.0,Page Visited on Website,India,,,,No,No,No,No,No,No,No,No,,,No,No,,02.Medium,02.Medium,15.0,15.0,No,No,Modified
931,2513,16,Cold,0.15643668,0,0,Landing Page Submission,Google,No,No,4.0,324,4.0,Email Opened,India,Marketing Management,Student,Better Career Prospects,No,No,No,No,No,No,No,No,Interested in other courses,High in Relevance,No,No,Mumbai,02.Medium,01.High,14.0,20.0,No,No,Modified
932,2721,16,Cold,0.15841043,0,0,Landing Page Submission,Direct Traffic,No,No,3.0,69,1.5,Email Opened,India,Finance Management,,,No,No,No,No,No,No,No,No,,,No,No,Thane & Outskirts,,,,,No,Yes,Email Opened
933,2591,15,Cold,0.15064883,0,0,API,Google,No,No,6.0,247,6.0,Email Opened,India,,,,No,No,No,No,No,No,No,No,,,No,No,,02.Medium,02.Medium,14.0,15.0,No,No,Email Opened
934,5283,15,Cold,0.14624469,0,0,Landing Page Submission,Direct Traffic,Yes,No,74.0,1209,12.33,Page Visited on Website,India,,Unemployed,Better Career Prospects,No,No,No,No,No,No,No,No,Not doing further education,Not Sure,No,No,Thane & Outskirts,,,,,No,No,Page Visited on Website
935,549,15,Cold,0.15087822,0,0,Landing Page Submission,Organic Search,No,No,7.0,585,7.0,SMS Sent,India,Travel and Tourism,,,No,No,No,No,No,No,No,No,,,No,No,Mumbai,02.Medium,02.Medium,13.0,16.0,No,Yes,Modified
936,185,15,Cold,0.15087128,0,0,API,Organic Search,No,No,5.0,1841,5.0,Olark Chat Conversation,India,,Unemployed,Better Career Prospects,No,No,No,No,No,No,No,No,Interested in other courses,,No,No,,02.Medium,02.Medium,15.0,15.0,No,No,Modified
937,4169,15,Cold,0.15191385,0,0,Landing Page Submission,Direct Traffic,No,No,3.0,34,1.5,Email Opened,India,Finance Management,,,No,No,No,No,No,No,No,No,,,No,No,Other Metro Cities,,,,,No,Yes,Email Opened
938,6858,15,Cold,0.15220249,0,0,Landing Page Submission,Organic Search,No,No,6.0,943,2.0,SMS Sent,India,Operations Management,Unemployed,Better Career Prospects,No,No,No,No,No,No,No,No,switched off,,No,No,Other Cities of Maharashtra,,,,,No,No,SMS Sent
939,3476,15,Cold,0.15031688,0,0,Landing Page Submission,Google,No,No,6.0,217,3.0,Email Opened,India,Marketing Management,,,No,No,No,No,No,No,No,No,,,No,No,Mumbai,,,,,No,No,Email Opened
940,1248,15,Cold,0.15179853,0,0,Landing Page Submission,Direct Traffic,No,No,2.0,1497,2.0,SMS Sent,India,Finance Management,Unemployed,Better Career Prospects,No,No,No,No,No,No,No,No,Ringing,,No,No,Other Cities,02.Medium,02.Medium,14.0,16.0,No,Yes,Modified
941,5300,15,Cold,0.14692906,0,0,Lead Add Form,Reference,No,No,0.0,0,0.0,SMS Sent,,International Business,Unemployed,Better Career Prospects,No,No,No,No,No,No,No,No,Ringing,,No,No,,,,,,No,No,SMS Sent
942,3295,15,Cold,0.15476823,0,0,Landing Page Submission,Direct Traffic,No,No,4.0,86,4.0,Email Opened,India,International Business,,,No,No,No,No,No,No,No,No,,,No,No,Other Cities of Maharashtra,,,,,No,Yes,Email Opened
943,4639,15,Cold,0.15334316,0,0,Landing Page Submission,Direct Traffic,No,No,2.0,91,2.0,Email Opened,India,Supply Chain Management,,,No,No,No,No,No,No,No,No,,,No,No,Other Cities of Maharashtra,,,,,No,Yes,Email Opened
944,6943,15,Cold,0.15446945,0,0,Landing Page Submission,Direct Traffic,No,No,7.0,1591,7.0,Email Opened,India,Operations Management,Unemployed,Better Career Prospects,No,No,No,No,No,No,No,No,Already a student,,No,No,Mumbai,,,,,No,No,Email Opened
945,2812,15,Cold,0.15220982,0,0,Landing Page Submission,Direct Traffic,No,No,7.0,1720,2.33,SMS Sent,India,"Banking, Investment And Insurance",Unemployed,Better Career Prospects,No,No,No,No,No,No,No,No,Ringing,Might be,No,No,Other Cities,,,,,No,No,Modified
946,3466,15,Cold,0.14629042,0,0,Landing Page Submission,Google,No,No,5.0,1732,5.0,Email Opened,India,Marketing Management,Unemployed,Better Career Prospects,No,No,No,No,No,No,No,No,Interested in other courses,,No,No,Mumbai,,,,,No,No,Email Opened
947,1096,15,Cold,0.14591387,0,0,Landing Page Submission,Google,No,No,3.0,359,3.0,Email Opened,India,Marketing Management,,,No,No,No,No,No,No,No,No,,,No,No,Mumbai,02.Medium,01.High,14.0,18.0,No,No,Email Opened
948,5444,14,Cold,0.13846697,0,0,Landing Page Submission,Direct Traffic,No,No,8.0,84,8.0,SMS Sent,India,Business Administration,Unemployed,Better Career Prospects,No,No,No,No,No,No,No,No,Ringing,Not Sure,No,No,Other Cities of Maharashtra,,,,,No,Yes,SMS Sent
949,4317,14,Cold,0.13768336,0,1,Landing Page Submission,Direct Traffic,No,No,3.0,128,3.0,Email Opened,India,Marketing Management,Unemployed,Better Career Prospects,No,No,No,No,No,No,No,No,Will revert after reading the email,Might be,No,No,Mumbai,,,,,No,Yes,Email Opened
950,3164,14,Cold,0.14248402,0,0,Landing Page Submission,Direct Traffic,No,No,5.0,37,5.0,Email Opened,India,Business Administration,,,No,No,No,No,No,No,No,No,,,No,No,Mumbai,,,,,No,Yes,Email Opened
951,4461,14,Cold,0.13752618,0,0,Landing Page Submission,Google,No,No,4.0,1579,4.0,SMS Sent,India,E-COMMERCE,Unemployed,Better Career Prospects,No,No,No,No,No,No,No,No,Ringing,,No,No,Mumbai,,,,,No,No,SMS Sent
952,3824,14,Cold,0.13522367,0,1,Landing Page Submission,Direct Traffic,No,No,3.0,139,3.0,Email Opened,India,"Banking, Investment And Insurance",Unemployed,Better Career Prospects,No,No,No,No,No,No,No,No,Will revert after reading the email,,No,No,Thane & Outskirts,,,,,No,Yes,Email Opened
953,8543,14,Cold,0.1428504,0,0,Landing Page Submission,Direct Traffic,No,No,4.0,147,4.0,Email Opened,India,E-COMMERCE,,,No,No,No,No,No,No,No,No,,,No,No,Mumbai,02.Medium,02.Medium,14.0,15.0,No,Yes,Email Opened
954,825,14,Cold,0.1411415,0,0,Landing Page Submission,Google,No,No,3.0,271,3.0,Email Opened,India,Finance Management,,,No,No,No,No,No,No,No,No,,,No,No,Mumbai,02.Medium,01.High,14.0,18.0,No,No,Email Opened
955,2934,14,Cold,0.14222328,0,0,API,Google,No,No,2.0,350,2.0,Email Opened,India,,,,No,No,No,No,No,No,No,No,,,No,No,,,,,,No,No,Email Opened
956,2409,14,Cold,0.14180456,0,0,Landing Page Submission,Google,No,No,9.0,351,9.0,Email Opened,India,Media and Advertising,,,No,No,No,No,No,No,No,No,,,No,No,Mumbai,02.Medium,01.High,14.0,17.0,No,No,Email Opened
957,3280,14,Cold,0.14025347,0,0,API,Organic Search,No,No,4.0,135,4.0,Email Opened,India,,,,No,No,No,No,No,No,No,No,,,No,No,,,,,,No,No,Email Opened
958,1112,14,Cold,0.14265577,0,0,Landing Page Submission,Direct Traffic,No,No,2.0,1995,2.0,Email Opened,Qatar,Operations Management,Unemployed,Better Career Prospects,No,No,No,No,No,No,No,No,Diploma holder (Not Eligible),,No,No,Thane & Outskirts,03.Low,01.High,11.0,17.0,No,Yes,Email Opened
959,6782,14,Cold,0.13524131,0,0,Landing Page Submission,Google,No,No,8.0,233,2.0,Email Opened,India,Human Resource Management,,,No,No,No,No,No,No,No,No,,,No,No,Mumbai,02.Medium,01.High,14.0,18.0,No,Yes,Email Opened
960,2212,14,Cold,0.14134297,0,0,API,Google,No,No,2.0,1099,2.0,Page Visited on Website,India,,Unemployed,Better Career Prospects,No,No,No,No,No,No,No,No,switched off,,No,No,,02.Medium,02.Medium,15.0,15.0,No,No,Modified
961,2855,14,Cold,0.13742258,0,0,Landing Page Submission,Organic Search,No,No,3.0,166,3.0,Converted to Lead,India,Retail Management,Unemployed,Better Career Prospects,No,No,No,No,No,No,No,No,Busy,Not Sure,No,No,,,,,,No,No,Modified
962,2516,14,Cold,0.14452438,0,0,Landing Page Submission,Direct Traffic,No,No,4.0,4,2.0,Email Opened,India,Rural and Agribusiness,,,No,No,No,No,No,No,No,No,,,No,No,Other Cities of Maharashtra,02.Medium,02.Medium,14.0,14.0,No,Yes,Email Opened
963,847,14,Cold,0.13887729,0,0,Landing Page Submission,Google,No,No,5.0,87,2.5,Email Opened,India,Marketing Management,,,No,No,No,No,No,No,No,No,,,No,No,Mumbai,02.Medium,01.High,14.0,18.0,No,No,Email Opened
964,1843,14,Cold,0.14260192,0,0,Landing Page Submission,Direct Traffic,No,No,2.0,203,2.0,Email Opened,India,"Banking, Investment And Insurance",,,No,No,No,No,No,No,No,No,,,No,No,Mumbai,02.Medium,01.High,14.0,18.0,No,Yes,Email Opened
965,8629,14,Cold,0.13996851,0,0,API,Olark Chat,No,No,0.0,0,0.0,Email Link Clicked,,,,,No,No,No,No,No,No,No,No,,,No,No,,02.Medium,02.Medium,15.0,15.0,No,No,Modified
966,7464,14,Cold,0.13950151,0,0,API,Olark Chat,No,No,0.0,0,0.0,SMS Sent,,,,,No,No,No,No,No,No,No,No,,,No,No,,02.Medium,02.Medium,14.0,15.0,No,No,Modified
967,3331,14,Cold,0.13658711,0,0,API,Google,No,No,2.0,71,2.0,Email Opened,India,,,,No,No,No,No,No,No,No,No,,,No,No,,,,,,No,No,Email Opened
968,7006,14,Cold,0.1380427,0,0,Landing Page Submission,Direct Traffic,No,No,2.0,663,2.0,SMS Sent,India,Human Resource Management,,,No,No,No,No,No,No,No,No,,,No,No,Thane & Outskirts,02.Medium,01.High,13.0,17.0,No,Yes,Modified
969,3724,14,Cold,0.1351073,0,0,Landing Page Submission,Organic Search,No,No,4.0,106,4.0,Email Opened,India,Travel and Tourism,,,No,No,No,No,No,No,No,No,,,No,No,Other Cities,,,,,No,Yes,Email Opened
970,8168,14,Cold,0.14441508,0,0,Landing Page Submission,Organic Search,No,No,13.0,246,6.5,SMS Sent,India,Healthcare Management,Unemployed,Better Career Prospects,No,No,No,No,No,No,No,No,invalid number,,No,No,Other Metro Cities,01.High,02.Medium,16.0,13.0,No,Yes,SMS Sent
971,3626,14,Cold,0.1414884,0,0,Landing Page Submission,youtubechannel,Yes,No,4.0,487,2.0,Unsubscribed,Canada,Business Administration,,,No,No,No,No,No,No,No,No,,,No,No,,,,,,No,No,Unsubscribed
972,3101,13,Cold,0.12532659,0,0,Landing Page Submission,Direct Traffic,No,No,2.0,260,2.0,Email Opened,India,Human Resource Management,Unemployed,Better Career Prospects,No,No,No,No,No,No,No,No,Will revert after reading the email,Might be,No,No,Mumbai,,,,,No,Yes,Email Opened
973,3640,13,Cold,0.13354121,0,0,Landing Page Submission,Google,No,No,4.0,208,4.0,Email Opened,India,Marketing Management,,,No,No,No,No,No,No,No,No,,,No,No,Mumbai,,,,,No,No,Email Opened
974,2800,13,Cold,0.1281961,0,0,Landing Page Submission,Google,No,No,4.0,326,4.0,Email Opened,India,E-Business,,,No,No,No,No,No,No,No,No,,,No,No,Mumbai,,,,,No,No,Email Opened
975,8134,13,Cold,0.12691109,0,0,Landing Page Submission,Organic Search,No,No,3.0,491,3.0,SMS Sent,India,Finance Management,Unemployed,Better Career Prospects,No,No,No,No,No,No,No,No,Ringing,Not Sure,No,No,Mumbai,02.Medium,01.High,14.0,18.0,No,No,SMS Sent
976,7821,13,Cold,0.13065381,0,0,Landing Page Submission,Direct Traffic,No,No,2.0,323,2.0,Email Opened,India,,Working Professional,Better Career Prospects,No,No,No,No,No,No,No,No,Ringing,Not Sure,No,No,Mumbai,02.Medium,01.High,14.0,18.0,No,No,Email Opened
977,4255,13,Cold,0.1320003,0,0,Landing Page Submission,Google,No,No,7.0,136,3.5,Email Opened,India,Finance Management,,,No,No,No,No,No,No,No,No,,,No,No,Mumbai,02.Medium,01.High,14.0,18.0,No,No,Email Opened
978,7724,13,Cold,0.12607865,0,0,Landing Page Submission,Organic Search,No,No,8.0,61,4.0,Email Opened,India,Media and Advertising,,,No,No,No,No,No,No,No,No,,,No,No,Thane & Outskirts,,,,,No,Yes,Email Opened
979,3440,13,Cold,0.13196082,0,0,Landing Page Submission,Google,No,No,4.0,126,4.0,Email Opened,India,Marketing Management,,,No,No,No,No,No,No,No,No,,,No,No,Mumbai,,,,,No,Yes,Email Opened
980,3791,13,Cold,0.13400885,0,0,Landing Page Submission,Google,No,No,4.0,245,4.0,Email Opened,India,Finance Management,Working Professional,Better Career Prospects,No,No,No,No,No,No,No,No,Ringing,Might be,No,No,Thane & Outskirts,,,,,No,No,Email Opened
981,5764,13,Cold,0.13065743,0,0,Landing Page Submission,Direct Traffic,No,No,2.0,206,2.0,Email Opened,India,Finance Management,,,No,No,No,No,No,No,No,No,,,No,No,Mumbai,,,,,No,Yes,Email Opened
982,4366,13,Cold,0.12943228,0,0,Landing Page Submission,Google,No,No,5.0,80,5.0,Email Opened,India,Business Administration,,,No,No,No,No,No,No,No,No,,,No,No,Other Cities,,,,,No,No,Email Opened
983,521,13,Cold,0.12595676,0,0,API,Google,No,No,7.0,333,7.0,Email Opened,India,,,,No,No,No,No,No,No,No,No,,,No,No,,02.Medium,02.Medium,14.0,15.0,No,No,Email Opened
984,2535,13,Cold,0.13007158,0,0,Landing Page Submission,Google,No,No,6.0,107,3.0,Email Opened,India,"Banking, Investment And Insurance",,,No,No,No,No,No,No,No,No,,,No,No,Mumbai,02.Medium,01.High,14.0,18.0,No,No,Email Opened
985,4744,13,Cold,0.13212128,0,0,API,Olark Chat,No,No,0.0,0,0.0,SMS Sent,,,Unemployed,Better Career Prospects,No,No,No,No,No,No,No,No,invalid number,,No,No,,,,,,No,No,SMS Sent
986,3857,13,Cold,0.12735923,0,0,Landing Page Submission,Direct Traffic,No,No,4.0,190,2.0,Email Opened,India,Marketing Management,,,No,No,No,No,No,No,No,No,,,No,No,Mumbai,,,,,No,Yes,Email Opened
987,2811,13,Cold,0.13498376,0,0,Landing Page Submission,Referral Sites,No,No,3.0,132,3.0,Email Opened,Saudi Arabia,Travel and Tourism,,,No,No,No,No,No,No,No,No,,,No,No,Other Cities,,,,,No,Yes,Email Opened
988,310,13,Cold,0.13161977,0,0,API,Google,No,No,7.0,207,3.5,Email Opened,India,,,,No,No,No,No,No,No,No,No,,,No,No,,02.Medium,02.Medium,14.0,15.0,No,No,Email Opened
989,1039,13,Cold,0.12561816,0,0,API,Referral Sites,No,No,2.0,417,2.0,Email Opened,India,,Unemployed,Better Career Prospects,No,No,No,No,No,No,No,No,,,No,No,,02.Medium,02.Medium,14.0,13.0,No,No,Email Opened
990,8924,13,Cold,0.12635422,0,0,Landing Page Submission,Direct Traffic,No,No,1.0,421,1.0,Converted to Lead,India,Finance Management,Unemployed,Better Career Prospects,No,No,No,No,No,No,No,No,Interested in other courses,High in Relevance,No,No,Mumbai,02.Medium,01.High,14.0,20.0,No,Yes,Modified
991,3779,13,Cold,0.12806132,0,0,Landing Page Submission,Organic Search,No,No,3.0,48,3.0,Email Opened,India,Finance Management,,,No,No,No,No,No,No,No,No,,,No,No,Mumbai,,,,,No,No,Email Opened
992,3799,13,Cold,0.13196082,0,0,Landing Page Submission,Google,No,No,4.0,76,4.0,Email Opened,India,Marketing Management,,,No,No,No,No,No,No,No,No,,,No,No,Mumbai,,,,,No,No,Email Opened
993,3419,12,Cold,0.1180535,0,0,Landing Page Submission,Direct Traffic,No,No,2.0,6,2.0,Email Opened,India,Media and Advertising,,,No,No,No,No,No,No,No,No,,,No,No,Mumbai,,,,,No,Yes,Email Opened
994,1132,12,Cold,0.11904276,0,1,Lead Import,Facebook,No,No,0.0,0,0.0,SMS Sent,,,Unemployed,Better Career Prospects,No,No,No,No,No,No,No,No,,,No,No,Other Cities,02.Medium,02.Medium,14.0,13.0,No,No,Modified
995,1489,12,Cold,0.12374834,0,0,Landing Page Submission,Direct Traffic,No,No,2.0,883,2.0,Email Opened,India,Operations Management,Unemployed,Better Career Prospects,No,No,No,No,No,No,No,No,Ringing,Not Sure,No,No,Other Metro Cities,02.Medium,02.Medium,15.0,16.0,No,Yes,Email Opened
996,3812,12,Cold,0.12225682,0,0,Landing Page Submission,Direct Traffic,No,No,2.0,848,2.0,Email Opened,India,Supply Chain Management,Unemployed,Better Career Prospects,No,No,No,No,No,No,No,No,Already a student,Not Sure,No,No,Mumbai,,,,,No,Yes,Email Opened
997,608,12,Cold,0.116733484,0,0,API,Google,No,No,3.0,301,3.0,Email Opened,India,,,,No,No,No,No,No,No,No,No,,,No,No,,02.Medium,02.Medium,14.0,15.0,No,No,Email Opened
998,6952,12,Cold,0.11659532,0,0,Landing Page Submission,Organic Search,No,No,5.0,263,2.5,SMS Sent,India,Operations Management,,,No,No,No,No,No,No,No,No,,,No,No,Mumbai,,,,,No,No,Modified
999,8537,12,Cold,0.12190102,0,0,Landing Page Submission,Organic Search,No,No,10.0,1337,5.0,Email Opened,India,Business Administration,Unemployed,Better Career Prospects,No,No,No,No,No,No,No,No,Interested in other courses,Low in Relevance,No,No,Other Cities,02.Medium,02.Medium,14.0,16.0,No,Yes,Email Opened
1000,314,12,Cold,0.11726918,0,0,API,Organic Search,No,No,11.0,188,5.5,Email Link Clicked,India,,,,No,No,No,No,No,No,No,No,,,No,No,,02.Medium,02.Medium,14.0,15.0,No,No,Email Link Clicked
1001,7646,12,Cold,0.11581433,0,0,Landing Page Submission,Direct Traffic,No,No,4.0,359,1.33,SMS Sent,India,Finance Management,Unemployed,Better Career Prospects,No,No,No,No,No,No,No,No,Ringing,Not Sure,No,No,Tier II Cities,02.Medium,01.High,14.0,17.0,No,Yes,SMS Sent
1002,4247,12,Cold,0.124765806,0,0,Landing Page Submission,Direct Traffic,No,No,3.0,230,3.0,Email Opened,India,Finance Management,,,No,No,No,No,No,No,No,No,,,No,No,Mumbai,,,,,No,No,Email Opened
1003,7032,12,Cold,0.121372335,0,0,Landing Page Submission,Direct Traffic,No,No,2.0,1328,2.0,SMS Sent,India,Finance Management,Unemployed,Better Career Prospects,No,No,No,No,No,No,No,No,Ringing,Not Sure,No,No,Mumbai,,,,,No,Yes,Modified
1004,6847,12,Cold,0.11835991,0,0,Landing Page Submission,Direct Traffic,No,No,2.0,223,2.0,Email Opened,,Finance Management,,,No,No,No,No,No,No,No,No,,,No,No,Mumbai,,,,,No,Yes,Email Opened
1005,302,12,Cold,0.11690774,0,0,API,Referral Sites,No,No,7.0,250,2.33,Email Opened,India,,,,No,No,No,No,No,No,No,No,,,No,No,,02.Medium,02.Medium,14.0,13.0,No,No,Email Opened
1006,1487,12,Cold,0.12208515,0,0,API,Olark Chat,No,No,3.0,15,1.5,Email Opened,India,Human Resource Management,,,No,No,No,No,No,No,No,No,,,No,No,Mumbai,03.Low,02.Medium,12.0,16.0,No,Yes,Email Opened
1007,6507,12,Cold,0.12329643,0,0,Landing Page Submission,Google,No,No,3.0,129,3.0,SMS Sent,India,Human Resource Management,Unemployed,Better Career Prospects,No,No,No,No,No,No,No,No,Ringing,Not Sure,No,No,Other Cities of Maharashtra,,,,,No,No,SMS Sent
1008,6597,12,Cold,0.12353075,0,0,Landing Page Submission,Google,No,No,4.0,102,4.0,Email Opened,India,International Business,Unemployed,Better Career Prospects,No,No,No,No,No,No,No,No,,,No,No,Mumbai,,,,,No,No,Email Opened
1009,3169,12,Cold,0.12235169,0,0,Landing Page Submission,Direct Traffic,No,No,2.0,78,2.0,Email Opened,India,Marketing Management,,,No,No,No,No,No,No,No,No,,,No,No,Mumbai,,,,,No,Yes,Email Opened
1010,5162,12,Cold,0.11858618,0,0,API,Organic Search,No,No,7.0,1032,2.33,SMS Sent,India,Supply Chain Management,Unemployed,Better Career Prospects,No,No,No,No,No,No,No,No,Ringing,,No,No,Thane & Outskirts,,,,,No,Yes,SMS Sent
1011,5883,12,Cold,0.11855582,0,0,Landing Page Submission,Direct Traffic,No,No,2.0,154,2.0,SMS Sent,India,E-COMMERCE,,,No,No,No,No,No,No,No,No,,,No,No,Mumbai,,,,,No,Yes,Modified
1012,6771,12,Cold,0.11780507,0,0,Landing Page Submission,Google,No,No,3.0,1489,3.0,SMS Sent,India,IT Projects Management,Unemployed,Better Career Prospects,No,No,No,No,No,No,No,No,Ringing,,No,No,Mumbai,,,,,No,No,SMS Sent
1013,778,12,Cold,0.11915601,0,0,Landing Page Submission,Organic Search,No,No,3.0,121,3.0,SMS Sent,India,Business Administration,,,No,No,No,No,No,No,No,No,,,No,No,,02.Medium,01.High,14.0,17.0,No,No,Modified
1014,2007,12,Cold,0.11591483,0,0,Landing Page Submission,Direct Traffic,No,No,2.0,568,2.0,SMS Sent,India,E-COMMERCE,,,No,No,No,No,No,No,No,No,,,No,No,Other Cities of Maharashtra,02.Medium,02.Medium,13.0,14.0,No,Yes,Modified
1015,3755,12,Cold,0.12065864,0,0,Landing Page Submission,Google,No,No,8.0,138,4.0,Email Opened,India,,,,No,No,No,No,No,No,No,No,,,No,No,Thane & Outskirts,,,,,No,No,Email Opened
1016,570,12,Cold,0.12147519,0,0,Landing Page Submission,Google,No,No,5.0,409,5.0,Email Opened,India,IT Projects Management,,,No,No,No,No,No,No,No,No,,,No,No,Mumbai,02.Medium,02.Medium,14.0,15.0,No,No,Email Opened
1017,4726,12,Cold,0.12241914,0,0,Landing Page Submission,Google,No,No,4.0,1708,4.0,Email Opened,India,Business Administration,Unemployed,Better Career Prospects,No,No,No,No,No,No,No,No,Ringing,Not Sure,No,No,Thane & Outskirts,,,,,No,No,Email Opened
1018,2929,12,Cold,0.11603472,0,0,Landing Page Submission,Direct Traffic,Yes,No,2.0,597,2.0,Email Bounced,India,Marketing Management,,,No,No,No,No,No,No,No,No,,,No,No,Mumbai,,,,,No,Yes,Email Bounced
1019,176,12,Cold,0.1239045,0,0,Landing Page Submission,Direct Traffic,No,No,2.0,383,2.0,Email Link Clicked,India,Business Administration,,,No,No,No,No,No,No,No,No,,,No,No,Other Metro Cities,02.Medium,02.Medium,14.0,16.0,No,Yes,Email Link Clicked
1020,6013,12,Cold,0.11973342,0,0,Landing Page Submission,Direct Traffic,No,No,2.0,310,2.0,Email Opened,India,IT Projects Management,,,No,No,No,No,No,No,No,No,,,No,No,Mumbai,,,,,No,Yes,Email Opened
1021,8009,11,Cold,0.11210434,0,0,Landing Page Submission,Google,No,No,4.0,1370,4.0,Email Opened,India,Operations Management,Unemployed,Better Career Prospects,No,No,No,No,No,No,No,No,Ringing,,No,No,Other Cities,02.Medium,02.Medium,15.0,16.0,No,No,Email Opened
1022,8781,11,Cold,0.108942494,0,0,Landing Page Submission,Direct Traffic,No,No,2.0,1566,2.0,Email Opened,India,Operations Management,Unemployed,Better Career Prospects,No,No,No,No,No,No,No,No,Ringing,Not Sure,No,No,Other Metro Cities,02.Medium,01.High,14.0,18.0,No,Yes,Email Opened
1023,444,11,Cold,0.10973053,0,0,API,Referral Sites,No,No,3.0,150,1.5,Email Opened,India,,,,No,No,No,No,No,No,No,No,,,No,No,,02.Medium,02.Medium,14.0,13.0,No,No,Email Opened
1024,2174,11,Cold,0.11432511,0,0,Landing Page Submission,Direct Traffic,No,No,5.0,1757,2.5,SMS Sent,India,Finance Management,Unemployed,Better Career Prospects,No,No,No,No,No,No,No,No,Ringing,Might be,No,No,Mumbai,02.Medium,01.High,13.0,18.0,No,No,Modified
1025,5681,11,Cold,0.11331601,0,0,API,Google,No,No,3.0,213,1.5,Page Visited on Website,India,,,,No,No,No,No,No,No,No,No,,,No,No,,,,,,No,No,Page Visited on Website
1026,3079,11,Cold,0.10605174,0,0,Landing Page Submission,Google,No,No,8.0,350,8.0,Page Visited on Website,India,Retail Management,,,No,No,No,No,No,No,No,No,,,No,No,Other Cities of Maharashtra,,,,,No,Yes,Page Visited on Website
1027,9018,11,Cold,0.11204857,0,0,API,Google,No,No,2.0,284,2.0,Email Opened,India,,,,No,No,No,No,No,No,No,No,,,No,No,,02.Medium,02.Medium,14.0,15.0,No,No,Email Opened
1028,5980,11,Cold,0.107726954,0,0,Landing Page Submission,Direct Traffic,No,No,5.0,71,5.0,Email Opened,India,,,,No,No,No,No,No,No,No,No,,,No,No,,,,,,No,No,Email Opened
1029,4921,11,Cold,0.11308484,0,0,API,Google,No,No,2.0,170,2.0,Email Link Clicked,India,,,,No,No,No,No,No,No,No,No,,,No,No,,,,,,No,No,Email Link Clicked
1030,8544,11,Cold,0.108878456,0,0,API,Direct Traffic,No,No,3.0,164,1.5,Page Visited on Website,India,,,,No,No,No,No,No,No,No,No,,,No,No,,,,,,No,No,Page Visited on Website
1031,3472,11,Cold,0.10531967,0,0,Landing Page Submission,Google,No,No,6.0,155,6.0,Email Opened,India,Human Resource Management,,,No,No,No,No,No,No,No,No,,,No,No,Mumbai,,,,,No,No,Email Opened
1032,2511,11,Cold,0.11119617,0,0,Landing Page Submission,Direct Traffic,No,No,14.0,470,2.8,SMS Sent,India,,,,Yes,No,No,No,No,No,No,No,,,No,No,,02.Medium,01.High,14.0,17.0,No,No,Modified
1033,5615,10,Cold,0.099135,0,0,Landing Page Submission,Direct Traffic,No,No,2.0,8,2.0,Email Link Clicked,India,Finance Management,,,No,No,No,No,No,No,No,No,,,No,No,Thane & Outskirts,,,,,No,Yes,Email Link Clicked
1034,8174,10,Cold,0.09773426,0,0,Lead Add Form,Reference,No,No,0.0,0,0.0,SMS Sent,,,Unemployed,Better Career Prospects,No,No,No,No,No,No,No,No,Ringing,,No,No,,02.Medium,01.High,14.0,17.0,No,No,SMS Sent
1035,5648,10,Cold,0.10174372,0,0,Landing Page Submission,Organic Search,No,No,8.0,226,8.0,Email Opened,India,IT Projects Management,,,No,No,No,No,No,No,No,No,,,No,No,Other Cities,,,,,No,Yes,Email Opened
1036,8,10,Cold,0.09796461,0,0,Landing Page Submission,Direct Traffic,No,No,2.0,71,2.0,Email Opened,India,IT Projects Management,,,No,No,No,No,No,No,No,No,,,No,No,Thane & Outskirts,02.Medium,02.Medium,14.0,14.0,No,Yes,Email Opened
1037,3573,10,Cold,0.10303628,0,0,Landing Page Submission,Direct Traffic,No,No,8.0,61,8.0,Page Visited on Website,India,Human Resource Management,Student,Better Career Prospects,No,No,No,No,No,No,No,No,Interested in other courses,Low in Relevance,No,No,Mumbai,02.Medium,01.High,15.0,20.0,No,Yes,Modified
1038,340,10,Cold,0.09875109,0,0,API,Direct Traffic,No,No,1.0,633,1.0,Converted to Lead,India,,,,No,No,No,No,No,No,No,No,,,No,No,,02.Medium,02.Medium,14.0,15.0,No,No,Modified
1039,6957,10,Cold,0.100976326,0,0,Landing Page Submission,Organic Search,Yes,No,7.0,715,7.0,Email Bounced,India,Finance Management,,,No,No,No,No,No,No,No,No,,,No,No,Mumbai,,,,,No,Yes,Modified
1040,3513,10,Cold,0.101705335,0,0,API,Olark Chat,No,No,17.0,75,3.4,SMS Sent,India,Marketing Management,Unemployed,Better Career Prospects,No,No,No,No,No,No,No,No,,,No,No,Thane & Outskirts,,,,,No,Yes,Modified
1041,8190,10,Cold,0.09773426,0,0,Lead Add Form,Reference,No,No,0.0,0,0.0,SMS Sent,,,Unemployed,Better Career Prospects,No,No,No,No,No,No,No,No,Ringing,,No,No,,02.Medium,01.High,14.0,17.0,No,No,SMS Sent
1042,9141,10,Cold,0.09672266,0,0,Landing Page Submission,Direct Traffic,No,No,3.0,63,3.0,Page Visited on Website,India,International Business,,,No,No,No,No,No,No,No,No,,,No,No,Tier II Cities,02.Medium,01.High,14.0,17.0,No,Yes,Modified
1043,4516,10,Cold,0.10165636,0,0,Landing Page Submission,Google,No,No,4.0,205,4.0,SMS Sent,India,Business Administration,,,No,No,No,No,No,No,No,No,,,No,No,Other Cities,,,,,No,No,Modified
1044,6963,10,Cold,0.10226274,0,0,Landing Page Submission,Direct Traffic,No,No,5.0,1059,2.5,Email Opened,India,Rural and Agribusiness,Unemployed,Better Career Prospects,No,No,No,No,No,No,No,No,Interested in other courses,,No,No,Other Cities of Maharashtra,,,,,No,Yes,Email Opened
1045,9083,10,Cold,0.09993948,0,0,API,Google,No,No,3.0,63,1.5,Email Opened,,Business Administration,Working Professional,Better Career Prospects,No,No,No,No,No,No,No,No,Interested  in full time MBA,Low in Relevance,No,No,,02.Medium,02.Medium,14.0,16.0,No,No,Modified
1046,9207,10,Cold,0.10472056,0,0,API,Google,No,No,3.0,253,3.0,SMS Sent,India,,,,No,No,No,No,No,No,No,No,,,No,No,,02.Medium,02.Medium,14.0,15.0,No,No,Modified
1047,8774,10,Cold,0.099779196,0,0,API,Olark Chat,No,No,3.0,16,1.0,SMS Sent,,,,,No,No,No,No,No,No,No,No,,,No,No,,02.Medium,02.Medium,14.0,15.0,No,No,Modified
1048,3596,9,Cold,0.092275634,0,0,API,Olark Chat,No,No,0.0,0,0.0,Email Opened,,,,,No,No,No,No,No,No,No,No,,,No,No,,,,,,No,No,Modified
1049,3586,9,Cold,0.085664,0,0,Landing Page Submission,Organic Search,No,No,3.0,164,3.0,SMS Sent,India,Finance Management,Unemployed,Better Career Prospects,No,No,No,No,No,No,No,No,Will revert after reading the email,Might be,No,No,Other Cities,,,,,No,Yes,Modified
1050,6950,9,Cold,0.09124412,0,0,Landing Page Submission,Direct Traffic,No,No,2.0,310,2.0,SMS Sent,India,Marketing Management,Unemployed,Better Career Prospects,No,No,No,No,No,No,No,No,Ringing,Not Sure,No,No,Other Metro Cities,,,,,No,Yes,SMS Sent
1051,5216,9,Cold,0.08913504,0,0,Landing Page Submission,Direct Traffic,No,No,5.0,339,5.0,SMS Sent,India,IT Projects Management,Unemployed,Better Career Prospects,No,No,No,No,No,No,No,No,Ringing,Not Sure,No,No,Other Cities,,,,,No,Yes,SMS Sent
1052,5871,9,Cold,0.09411323,0,0,Landing Page Submission,Organic Search,No,No,9.0,1309,4.5,Email Opened,India,Supply Chain Management,Unemployed,Better Career Prospects,No,No,No,No,No,No,No,No,Ringing,Might be,No,No,Thane & Outskirts,03.Low,01.High,12.0,17.0,No,Yes,Email Opened
1053,8937,9,Cold,0.09028495,0,0,Landing Page Submission,Direct Traffic,No,No,3.0,899,3.0,SMS Sent,Nigeria,E-COMMERCE,Unemployed,Better Career Prospects,No,No,No,No,No,No,No,No,Ringing,,No,No,Other Cities,02.Medium,02.Medium,14.0,15.0,No,Yes,SMS Sent
1054,6808,9,Cold,0.092275634,0,0,API,Olark Chat,No,No,0.0,0,0.0,Email Opened,,,,,No,No,No,No,No,No,No,No,,,No,No,,,,,,No,No,Modified
1055,3585,9,Cold,0.092275634,0,0,API,Olark Chat,No,No,0.0,0,0.0,Email Opened,,,,,No,No,No,No,No,No,No,No,,,No,No,,,,,,No,No,Modified
1056,3603,9,Cold,0.0890465,0,0,API,Google,No,No,3.0,536,3.0,Olark Chat Conversation,India,,,,No,No,No,No,No,No,No,No,,,No,No,,,,,,No,No,Modified
1057,6432,9,Cold,0.0871085,0,0,API,Olark Chat,No,No,0.0,0,0.0,SMS Sent,,,Unemployed,Better Career Prospects,No,No,No,No,No,No,No,No,Ringing,Might be,No,No,,,,,,No,No,SMS Sent
1058,6235,9,Cold,0.09366926,0,0,API,Olark Chat,No,No,0.0,0,0.0,Email Opened,,Marketing Management,Unemployed,Better Career Prospects,No,No,No,No,No,No,No,No,Lost to Others,Low in Relevance,No,No,Other Cities,,,,,No,No,Modified
1059,4470,9,Cold,0.092275634,0,0,API,Olark Chat,No,No,0.0,0,0.0,Email Opened,,,,,No,No,No,No,No,No,No,No,,,No,No,,,,,,No,No,Modified
1060,305,9,Cold,0.09113153,0,0,Landing Page Submission,Direct Traffic,No,No,3.0,491,3.0,Email Opened,India,E-Business,Working Professional,Better Career Prospects,No,No,No,No,No,No,No,No,Interested in other courses,Low in Relevance,No,No,Mumbai,02.Medium,01.High,14.0,20.0,No,Yes,Modified
1061,8951,9,Cold,0.08546509,0,0,Landing Page Submission,Direct Traffic,No,No,9.0,233,2.25,Olark Chat Conversation,India,Marketing Management,Unemployed,Better Career Prospects,No,No,No,No,No,No,No,No,Interested in other courses,Not Sure,No,No,Mumbai,02.Medium,01.High,15.0,18.0,No,Yes,Modified
1062,9143,9,Cold,0.09257362,0,0,Landing Page Submission,Direct Traffic,No,No,4.0,315,2.0,Page Visited on Website,,Business Administration,Unemployed,Better Career Prospects,No,No,No,No,No,No,No,No,number not provided,,No,No,Mumbai,02.Medium,01.High,15.0,20.0,No,Yes,Modified
1063,8742,9,Cold,0.08822634,0,1,API,Google,No,No,2.0,39,2.0,SMS Sent,India,,,,No,No,No,No,No,No,No,No,,,No,No,,02.Medium,02.Medium,14.0,15.0,No,No,Modified
1064,2781,9,Cold,0.092275634,0,0,API,Olark Chat,No,No,0.0,0,0.0,Email Opened,,,,,No,No,No,No,No,No,No,No,,,No,No,,,,,,No,No,Modified
1065,5645,9,Cold,0.08896146,0,0,Landing Page Submission,Organic Search,No,No,11.0,4,11.0,SMS Sent,India,Human Resource Management,Unemployed,Better Career Prospects,No,No,No,No,No,No,No,No,Ringing,Not Sure,No,No,Mumbai,,,,,No,Yes,SMS Sent
1066,4152,9,Cold,0.0871085,0,0,API,Olark Chat,No,No,0.0,0,0.0,SMS Sent,,,Unemployed,Better Career Prospects,No,No,No,No,No,No,No,No,Ringing,Might be,No,No,,,,,,No,No,SMS Sent
1067,1121,9,Cold,0.088255495,0,0,API,Referral Sites,No,No,4.0,1412,4.0,Olark Chat Conversation,United States,,,,No,No,No,No,No,No,No,No,Interested in other courses,,No,No,,02.Medium,02.Medium,15.0,13.0,No,No,Modified
1068,6241,9,Cold,0.092275634,0,0,API,Olark Chat,No,No,0.0,0,0.0,Email Opened,,,,,No,No,No,No,No,No,No,No,,,No,No,,,,,,No,No,Modified
1069,5335,9,Cold,0.09283903,0,0,Landing Page Submission,Direct Traffic,No,No,13.0,306,4.33,SMS Sent,India,Supply Chain Management,Unemployed,Better Career Prospects,No,No,No,No,No,No,No,No,Ringing,,No,No,Other Cities of Maharashtra,,,,,No,Yes,SMS Sent
1070,2084,9,Cold,0.09184735,0,0,API,Olark Chat,No,No,0.0,0,0.0,Email Opened,,,Unemployed,Better Career Prospects,No,No,No,No,No,No,No,No,Interested in other courses,,No,No,,02.Medium,02.Medium,15.0,15.0,No,No,Email Opened
1071,6923,9,Cold,0.08936135,0,0,Landing Page Submission,Google,No,No,5.0,187,5.0,Email Opened,India,Finance Management,Unemployed,Better Career Prospects,No,No,No,No,No,No,No,No,,,No,No,Thane & Outskirts,,,,,No,No,Email Opened
1072,3215,9,Cold,0.08847622,0,0,API,Organic Search,No,No,3.0,560,3.0,Converted to Lead,India,,,,No,No,No,No,No,No,No,No,,,No,No,,,,,,No,No,Modified
1073,8300,9,Cold,0.085437775,0,0,Landing Page Submission,Direct Traffic,No,No,9.0,458,3.0,SMS Sent,India,Finance Management,Unemployed,Better Career Prospects,No,No,No,No,No,No,No,No,Ringing,,No,No,Mumbai,02.Medium,01.High,14.0,18.0,No,No,SMS Sent
1074,7283,9,Cold,0.088610716,0,0,API,Olark Chat,No,No,0.0,0,0.0,Email Opened,,,Unemployed,Better Career Prospects,No,No,No,No,No,No,No,No,Ringing,,No,No,,02.Medium,02.Medium,15.0,15.0,No,No,Email Opened
1075,915,9,Cold,0.093461044,0,0,Landing Page Submission,Google,No,No,2.0,250,2.0,Had a Phone Conversation,India,Marketing Management,,,No,No,No,No,No,No,No,No,,,No,No,Thane & Outskirts,02.Medium,01.High,13.0,17.0,No,No,Had a Phone Conversation
1076,6692,9,Cold,0.092049435,0,0,Landing Page Submission,Direct Traffic,No,No,2.0,1047,2.0,Email Opened,India,Operations Management,Unemployed,Better Career Prospects,No,No,No,No,No,No,No,No,Already a student,Might be,No,No,Other Cities of Maharashtra,,,,,No,Yes,Email Opened
1077,3096,9,Cold,0.092275634,0,0,API,Olark Chat,No,No,0.0,0,0.0,Email Opened,,,,,No,No,No,No,No,No,No,No,,,No,No,,,,,,No,No,Modified
1078,8280,9,Cold,0.08787428,0,0,API,Google,No,No,2.0,498,2.0,Email Opened,India,,Unemployed,Better Career Prospects,No,No,No,No,No,No,No,No,,,No,No,,03.Low,02.Medium,10.0,15.0,No,No,Email Opened
1079,2738,9,Cold,0.0939522,0,0,API,Google,No,No,8.0,518,2.67,Page Visited on Website,India,,,,No,No,No,No,No,No,No,No,,,No,No,,,,,,No,No,Page Visited on Website
1080,5355,9,Cold,0.092275634,0,0,API,Olark Chat,No,No,0.0,0,0.0,Email Opened,,,,,No,No,No,No,No,No,No,No,,,No,No,,,,,,No,No,Modified
1081,9194,9,Cold,0.08802907,0,0,API,Organic Search,Yes,No,3.0,38,3.0,Page Visited on Website,India,,Unemployed,Better Career Prospects,No,No,No,No,No,No,No,No,,,No,No,,01.High,02.Medium,16.0,16.0,No,No,Page Visited on Website
1082,5040,9,Cold,0.0862992,0,0,Landing Page Submission,Google,No,No,2.0,105,2.0,SMS Sent,India,Human Resource Management,Unemployed,Better Career Prospects,No,No,No,No,No,No,No,No,Ringing,Not Sure,No,No,Mumbai,,,,,No,No,SMS Sent
1083,3661,9,Cold,0.08787097,0,0,API,Google,No,No,2.0,441,2.0,Email Opened,India,,,,No,No,No,No,No,No,No,No,,,No,No,,,,,,No,No,Modified
1084,8644,9,Cold,0.085356936,0,0,Landing Page Submission,Direct Traffic,No,No,4.0,266,4.0,SMS Sent,India,International Business,,,No,No,No,No,No,No,No,No,,,No,No,Mumbai,02.Medium,01.High,14.0,18.0,No,Yes,Modified
1085,1987,8,Cold,0.07542813,0,0,Landing Page Submission,Direct Traffic,No,No,6.0,652,2.0,Email Opened,India,Human Resource Management,Unemployed,Better Career Prospects,No,No,No,No,No,No,No,No,Not doing further education,,No,No,Other Cities,02.Medium,02.Medium,14.0,16.0,No,No,Modified
1086,8525,8,Cold,0.082725815,0,0,Landing Page Submission,Direct Traffic,No,No,3.0,381,3.0,SMS Sent,India,Human Resource Management,,,No,No,No,No,No,No,No,No,,,No,No,Other Cities,02.Medium,02.Medium,14.0,16.0,No,Yes,Modified
1087,381,8,Cold,0.08163785,0,0,API,Olark Chat,Yes,No,0.0,0,0.0,Olark Chat Conversation,,,,,No,No,No,No,No,No,No,No,,,No,No,,02.Medium,02.Medium,15.0,15.0,No,No,Modified
1088,1918,8,Cold,0.0796859,0,0,Landing Page Submission,Google,No,No,8.0,100,2.67,SMS Sent,India,Operations Management,,,No,No,No,No,No,No,No,No,,,No,No,Mumbai,02.Medium,01.High,14.0,18.0,No,No,Modified
1089,1012,8,Cold,0.084102206,0,0,Landing Page Submission,Direct Traffic,Yes,No,2.0,190,2.0,Email Bounced,India,,Working Professional,,No,No,No,No,No,No,No,No,,,No,No,Mumbai,02.Medium,01.High,13.0,18.0,No,No,Email Bounced
1090,9065,8,Cold,0.08305278,0,0,API,Olark Chat,No,No,0.0,0,0.0,Olark Chat Conversation,,Marketing Management,Unemployed,Better Career Prospects,No,No,No,No,No,No,No,No,Interested  in full time MBA,Not Sure,No,No,,02.Medium,02.Medium,15.0,16.0,No,No,Modified
1091,7461,8,Cold,0.080483586,0,0,Landing Page Submission,Organic Search,No,No,5.0,124,2.5,SMS Sent,India,Media and Advertising,,,No,No,No,No,No,No,No,No,,,No,No,Mumbai,02.Medium,01.High,14.0,17.0,No,No,Modified
1092,9085,8,Cold,0.07917331,0,0,Landing Page Submission,Direct Traffic,No,No,3.0,326,3.0,SMS Sent,India,Hospitality Management,,,No,No,No,No,No,No,No,No,,,No,No,Mumbai,02.Medium,02.Medium,14.0,15.0,No,Yes,Modified
1093,3712,8,Cold,0.083091035,0,0,Landing Page Submission,Direct Traffic,No,No,2.0,408,2.0,Page Visited on Website,India,Finance Management,Unemployed,Better Career Prospects,No,No,No,No,No,No,No,No,Will revert after reading the email,Might be,No,No,Mumbai,,,,,No,Yes,Page Visited on Website
1094,5008,8,Cold,0.08322323,0,0,Landing Page Submission,Direct Traffic,No,No,2.0,272,2.0,Email Opened,India,Media and Advertising,Working Professional,Better Career Prospects,No,No,No,No,No,No,No,No,Already a student,Might be,No,No,Mumbai,,,,,No,Yes,Email Opened
1095,6742,8,Cold,0.07728233,0,0,Landing Page Submission,Direct Traffic,No,No,2.0,1372,2.0,SMS Sent,India,Retail Management,Unemployed,Better Career Prospects,No,No,No,No,No,No,No,No,switched off,Might be,No,No,Other Cities of Maharashtra,,,,,No,Yes,SMS Sent
1096,5025,8,Cold,0.079178736,0,0,API,Organic Search,No,No,2.0,278,2.0,SMS Sent,India,,Unemployed,Better Career Prospects,No,No,No,No,No,No,No,No,Ringing,Not Sure,No,No,,,,,,No,No,SMS Sent
1097,6853,8,Cold,0.075692475,0,0,Landing Page Submission,Direct Traffic,No,No,2.0,62,2.0,SMS Sent,India,Healthcare Management,Unemployed,Better Career Prospects,No,No,No,No,No,No,No,No,invalid number,Not Sure,No,No,Mumbai,,,,,No,Yes,SMS Sent
1098,4521,8,Cold,0.078372,0,0,API,Organic Search,No,No,3.0,382,3.0,SMS Sent,India,,Unemployed,Better Career Prospects,No,No,No,No,No,No,No,No,Ringing,Not Sure,No,No,,,,,,No,No,SMS Sent
1099,7831,8,Cold,0.08488161,0,0,Landing Page Submission,Organic Search,No,No,5.0,164,1.67,Email Opened,India,Human Resource Management,,,No,No,No,No,No,No,No,No,,,No,No,Mumbai,02.Medium,01.High,13.0,18.0,No,Yes,Email Opened
1100,1145,8,Cold,0.07573065,0,0,Lead Import,Facebook,No,No,,1724,,,,,Unemployed,Better Career Prospects,No,No,No,No,No,No,No,No,Ringing,,No,No,Other Cities of Maharashtra,02.Medium,02.Medium,13.0,14.0,No,No,Modified
1101,5150,8,Cold,0.0825698,0,0,API,Google,No,No,2.0,10,2.0,SMS Sent,India,,Unemployed,Better Career Prospects,No,No,No,No,No,No,No,No,Ringing,Not Sure,No,No,,,,,,No,No,SMS Sent
1102,8200,7,Cold,0.06816896,0,0,API,Google,No,No,2.0,1570,1.0,Olark Chat Conversation,United States,,Unemployed,Better Career Prospects,No,No,No,No,No,No,No,No,Graduation in progress,,No,No,,03.Low,02.Medium,12.0,15.0,No,No,Modified
1103,8414,7,Cold,0.06981177,0,0,Landing Page Submission,Organic Search,No,No,4.0,180,2.0,Email Opened,India,Marketing Management,,,No,No,No,No,No,No,No,No,,,No,No,Mumbai,02.Medium,01.High,14.0,18.0,No,Yes,Modified
1104,7734,7,Cold,0.07127215,0,0,Landing Page Submission,Direct Traffic,Yes,No,3.0,711,3.0,SMS Sent,India,Services Excellence,Unemployed,Better Career Prospects,No,No,No,No,No,No,No,No,wrong number given,Not Sure,No,No,Mumbai,02.Medium,02.Medium,13.0,15.0,No,No,SMS Sent
1105,5677,7,Cold,0.06933609,0,0,Landing Page Submission,Google,No,No,7.0,461,2.33,SMS Sent,India,Finance Management,Unemployed,Better Career Prospects,No,No,No,No,No,No,No,No,Ringing,,No,No,Mumbai,,,,,No,Yes,SMS Sent
1106,8001,7,Cold,0.069765665,0,0,Landing Page Submission,Organic Search,No,No,29.0,286,14.5,Email Opened,India,Marketing Management,Unemployed,Better Career Prospects,No,No,No,No,No,No,No,No,Ringing,Not Sure,No,No,Thane & Outskirts,01.High,01.High,16.0,17.0,No,Yes,Email Opened
1107,8530,7,Cold,0.06637453,0,0,Landing Page Submission,Direct Traffic,No,No,2.0,362,2.0,SMS Sent,India,Services Excellence,,,No,No,No,No,No,No,No,No,,,No,No,Mumbai,02.Medium,02.Medium,14.0,15.0,No,Yes,Modified
1108,5203,7,Cold,0.074062444,0,0,API,Google,No,No,11.0,565,2.75,Email Opened,India,,Unemployed,Better Career Prospects,No,No,No,No,No,No,No,No,Ringing,,No,No,,02.Medium,02.Medium,15.0,15.0,No,No,Email Opened
1109,8830,7,Cold,0.06812593,0,0,Landing Page Submission,Direct Traffic,Yes,No,4.0,883,4.0,Email Bounced,India,IT Projects Management,,,No,No,No,No,No,No,No,No,,,No,No,Other Metro Cities,02.Medium,02.Medium,14.0,13.0,No,Yes,Modified
1110,5181,7,Cold,0.07117268,0,0,Landing Page Submission,Google,No,No,4.0,1081,4.0,SMS Sent,India,Human Resource Management,Unemployed,Better Career Prospects,No,No,No,No,No,No,No,No,Ringing,Might be,No,No,Mumbai,,,,,No,No,SMS Sent
1111,2144,7,Cold,0.07189249,0,0,Landing Page Submission,Google,No,No,4.0,310,4.0,SMS Sent,India,Human Resource Management,,,No,No,No,No,No,No,No,No,,,No,No,Thane & Outskirts,02.Medium,01.High,14.0,17.0,No,No,Modified
1112,1080,7,Cold,0.071615495,0,0,Landing Page Submission,Google,No,No,2.0,153,2.0,Converted to Lead,India,Business Administration,Working Professional,Better Career Prospects,No,No,No,No,No,No,No,No,Interested in other courses,Low in Relevance,No,No,Other Cities,02.Medium,01.High,14.0,18.0,No,No,Modified
1113,1827,7,Cold,0.06853748,0,0,Landing Page Submission,Google,No,No,6.0,555,6.0,SMS Sent,India,E-COMMERCE,Unemployed,Better Career Prospects,No,No,No,No,No,No,No,No,Ringing,Not Sure,No,No,Mumbai,02.Medium,02.Medium,14.0,15.0,No,Yes,Modified
1114,2611,7,Cold,0.0715989,0,0,Landing Page Submission,Direct Traffic,No,No,2.0,1680,2.0,Email Opened,India,Marketing Management,Unemployed,Better Career Prospects,No,No,No,No,No,No,No,No,Ringing,Might be,No,No,Mumbai,02.Medium,01.High,13.0,18.0,No,Yes,Email Opened
1115,5119,7,Cold,0.06944454,0,0,Landing Page Submission,Direct Traffic,No,No,2.0,440,2.0,Email Opened,India,Human Resource Management,Unemployed,Better Career Prospects,No,No,No,No,No,No,No,No,Interested  in full time MBA,Low in Relevance,No,No,Other Cities,,,,,No,Yes,Email Opened
1116,4689,7,Cold,0.07144689,0,0,Landing Page Submission,Google,No,No,9.0,278,9.0,Email Opened,India,Marketing Management,,,No,No,No,No,No,No,No,No,,,No,No,Other Cities of Maharashtra,,,,,No,No,Modified
1117,2587,7,Cold,0.0732233,0,0,Landing Page Submission,Google,No,No,6.0,183,1.5,Email Opened,India,Operations Management,,,No,No,No,No,No,No,No,No,,,No,No,Mumbai,02.Medium,01.High,13.0,18.0,No,Yes,Email Opened
1118,6006,7,Cold,0.069837645,0,0,Landing Page Submission,Organic Search,No,No,6.0,363,6.0,SMS Sent,India,Finance Management,Unemployed,Better Career Prospects,No,No,No,No,No,No,No,No,invalid number,Low in Relevance,No,No,Mumbai,,,,,No,Yes,Modified
1119,1825,7,Cold,0.07181548,0,0,Landing Page Submission,Organic Search,No,No,5.0,29,5.0,Email Opened,India,International Business,Unemployed,Better Career Prospects,No,No,No,No,No,No,No,No,Interested in other courses,Not Sure,No,No,Mumbai,02.Medium,01.High,15.0,18.0,No,Yes,Email Opened
1120,1785,7,Cold,0.066530116,0,0,API,Google,No,No,4.0,1732,4.0,Email Link Clicked,India,,Unemployed,Better Career Prospects,No,No,No,No,No,No,No,No,Interested in other courses,,No,No,,03.Low,02.Medium,12.0,15.0,No,No,Modified
1121,8760,7,Cold,0.07016544,0,0,API,Organic Search,Yes,No,3.0,718,3.0,Email Bounced,India,,Unemployed,Better Career Prospects,No,No,No,No,No,No,No,No,invalid number,,No,No,,02.Medium,02.Medium,15.0,15.0,No,No,Modified
1122,4063,7,Cold,0.071282566,0,0,Landing Page Submission,Direct Traffic,No,No,2.0,846,2.0,Email Opened,India,Finance Management,Unemployed,Better Career Prospects,No,No,No,No,No,No,No,No,switched off,Not Sure,No,No,Mumbai,,,,,No,Yes,Email Opened
1123,2796,7,Cold,0.066456996,0,0,Landing Page Submission,Organic Search,No,No,7.0,481,2.33,Email Opened,India,Business Administration,Unemployed,Better Career Prospects,No,No,No,No,No,No,No,No,opp hangup,Not Sure,No,No,Mumbai,,,,,No,Yes,Email Opened
1124,7308,7,Cold,0.06764178,0,0,Landing Page Submission,Google,No,No,4.0,281,2.0,Email Opened,India,Operations Management,,,No,No,No,No,No,No,No,No,,,No,No,Thane & Outskirts,03.Low,01.High,11.0,17.0,No,No,Email Opened
1125,5394,7,Cold,0.06722826,0,0,API,Olark Chat,No,No,4.0,164,1.33,Email Opened,India,Human Resource Management,,,No,No,No,No,No,No,No,No,,,No,No,Thane & Outskirts,,,,,No,No,Modified
1126,7834,7,Cold,0.07426006,0,0,Landing Page Submission,Direct Traffic,No,No,2.0,193,2.0,Email Opened,United Arab Emirates,Supply Chain Management,,,No,No,No,No,No,No,No,No,,,No,No,Other Cities,02.Medium,02.Medium,13.0,16.0,No,Yes,Email Opened
1127,5128,7,Cold,0.06685814,0,0,Landing Page Submission,Google,No,No,2.0,225,2.0,SMS Sent,India,Business Administration,Unemployed,Better Career Prospects,No,No,No,No,No,No,No,No,Ringing,Not Sure,No,No,Mumbai,,,,,No,No,SMS Sent
1128,6888,7,Cold,0.07091977,0,0,Landing Page Submission,Google,No,No,4.0,1346,4.0,Email Opened,India,Operations Management,Unemployed,Better Career Prospects,No,No,No,No,No,No,No,No,Ringing,Not Sure,No,No,Mumbai,,,,,No,No,Email Opened
1129,4076,7,Cold,0.073833026,0,0,Landing Page Submission,Direct Traffic,No,No,2.0,1478,2.0,Email Opened,India,International Business,Unemployed,Better Career Prospects,No,No,No,No,No,No,No,No,switched off,Might be,No,No,Tier II Cities,,,,,No,Yes,Email Opened
1130,2861,7,Cold,0.07141866,0,0,Landing Page Submission,Organic Search,No,No,29.0,209,2.9,Page Visited on Website,India,Media and Advertising,Unemployed,Better Career Prospects,No,No,No,No,No,No,No,No,Ringing,Not Sure,No,No,Thane & Outskirts,01.High,02.Medium,16.0,16.0,No,Yes,Modified
1131,4978,7,Cold,0.07174973,0,0,Landing Page Submission,Google,No,No,4.0,1123,4.0,SMS Sent,India,IT Projects Management,Unemployed,Better Career Prospects,No,No,No,No,No,No,No,No,Ringing,Might be,No,No,Other Cities,,,,,No,No,SMS Sent
1132,5417,7,Cold,0.074600875,0,0,Landing Page Submission,Direct Traffic,Yes,No,2.0,1064,2.0,Email Bounced,India,Services Excellence,,,No,No,No,No,No,No,No,No,,,No,No,Mumbai,,,,,No,No,Modified
1133,682,6,Cold,0.06279401,0,0,API,Google,No,No,2.0,1607,2.0,Email Link Clicked,India,,,,No,No,No,No,No,No,No,No,Interested in other courses,,No,No,,03.Low,02.Medium,12.0,15.0,No,No,Modified
1134,5336,6,Cold,0.064802326,0,0,Landing Page Submission,Google,No,No,6.0,267,3.0,Email Link Clicked,India,Human Resource Management,,,No,No,No,No,No,No,No,No,,,No,No,Mumbai,,,,,No,No,Modified
1135,1715,6,Cold,0.060525186,0,0,Landing Page Submission,Google,No,No,4.0,108,4.0,SMS Sent,India,Healthcare Management,,,No,No,No,No,No,No,No,No,,,No,No,Mumbai,02.Medium,02.Medium,14.0,15.0,No,No,Modified
1136,528,6,Cold,0.062991336,0,0,Landing Page Submission,Google,No,No,2.0,125,2.0,Olark Chat Conversation,India,Operations Management,,,No,No,No,No,No,No,No,No,,,No,No,Mumbai,02.Medium,01.High,14.0,18.0,No,No,Modified
1137,3277,6,Cold,0.055150725,0,0,API,Google,No,No,5.0,150,1.67,Olark Chat Conversation,India,,,,No,No,No,No,No,No,No,No,,,No,No,,,,,,No,No,Olark Chat Conversation
1138,354,6,Cold,0.06196988,0,0,API,Organic Search,No,No,3.0,124,3.0,Converted to Lead,India,,,,No,No,No,No,No,No,No,No,,,No,No,,02.Medium,02.Medium,14.0,15.0,No,No,Modified
1139,761,6,Cold,0.05538421,0,0,Landing Page Submission,Google,No,No,10.0,59,3.33,Email Opened,India,Finance Management,Student,Better Career Prospects,No,No,No,No,No,No,No,No,Interested in other courses,Low in Relevance,No,No,Thane & Outskirts,02.Medium,01.High,14.0,19.0,No,No,Email Opened
1140,8593,6,Cold,0.061484575,0,0,API,Organic Search,No,No,6.0,371,3.0,Email Opened,India,,,,No,No,No,No,No,No,No,No,,,No,No,,02.Medium,02.Medium,14.0,15.0,No,No,Modified
1141,5731,6,Cold,0.064401075,0,0,Landing Page Submission,Direct Traffic,No,No,2.0,78,2.0,Page Visited on Website,India,Marketing Management,,,No,No,No,No,No,No,No,No,,,No,No,Other Cities of Maharashtra,,,,,No,Yes,Modified
1142,5782,6,Cold,0.059192803,0,0,Landing Page Submission,Direct Traffic,No,No,2.0,150,2.0,Email Opened,India,Operations Management,,,No,No,No,No,No,No,No,No,,,No,No,Other Cities,,,,,No,Yes,Modified
1143,3662,6,Cold,0.0619164,0,0,Landing Page Submission,Google,No,No,10.0,877,3.33,Page Visited on Website,India,Human Resource Management,Unemployed,Better Career Prospects,No,No,No,No,No,No,No,No,Ringing,,No,No,Other Metro Cities,,,,,No,No,Page Visited on Website
1144,4219,6,Cold,0.059248727,0,0,Landing Page Submission,Organic Search,No,No,7.0,97,7.0,SMS Sent,India,Supply Chain Management,,,No,No,No,No,No,No,No,No,,,No,No,Mumbai,,,,,No,Yes,Modified
1145,3386,6,Cold,0.06324593,0,0,API,Google,No,No,9.0,318,3.0,Email Opened,India,,,,No,No,No,No,No,No,No,No,,,No,No,,01.High,02.Medium,17.0,15.0,No,No,Email Opened
1146,1997,6,Cold,0.05962518,0,0,Landing Page Submission,Google,No,No,3.0,1730,3.0,Email Opened,India,Human Resource Management,Unemployed,Better Career Prospects,No,No,No,No,No,No,No,No,Interested in other courses,,No,No,Mumbai,02.Medium,01.High,13.0,18.0,No,No,Email Opened
1147,3970,6,Cold,0.058299553,0,0,Landing Page Submission,Google,No,No,5.0,448,2.5,Page Visited on Website,India,Human Resource Management,,,No,No,No,No,No,No,No,No,,,No,No,Mumbai,,,,,No,No,Modified
1148,253,6,Cold,0.055336606,0,0,Landing Page Submission,Google,No,No,4.0,144,4.0,Email Opened,India,Operations Management,,,No,No,No,No,No,No,No,No,,,No,No,Other Cities of Maharashtra,02.Medium,01.High,13.0,17.0,No,No,Email Opened
1149,5865,6,Cold,0.059244834,0,0,Landing Page Submission,Google,Yes,No,5.0,36,2.5,Page Visited on Website,India,E-COMMERCE,Unemployed,Better Career Prospects,No,No,No,No,No,No,No,No,,,No,No,Thane & Outskirts,,,,,No,Yes,Page Visited on Website
1150,6491,6,Cold,0.061187383,0,0,Landing Page Submission,Direct Traffic,No,No,4.0,77,2.0,SMS Sent,India,Marketing Management,Unemployed,Better Career Prospects,No,No,No,No,No,No,No,No,number not provided,Might be,No,No,Mumbai,,,,,No,Yes,SMS Sent
1151,2697,6,Cold,0.05901611,0,0,Landing Page Submission,Google,No,No,3.0,124,1.5,Email Opened,India,Finance Management,,,No,No,No,No,No,No,No,No,,,No,No,Thane & Outskirts,02.Medium,01.High,14.0,17.0,No,No,Modified
1152,5774,6,Cold,0.058049817,0,0,Landing Page Submission,Direct Traffic,No,No,2.0,882,2.0,Email Opened,India,Supply Chain Management,Unemployed,Better Career Prospects,No,No,No,No,No,No,No,No,Already a student,,No,No,Mumbai,,,,,No,Yes,Modified
1153,8876,6,Cold,0.05583747,0,0,Landing Page Submission,Direct Traffic,No,No,4.0,482,4.0,Email Opened,India,IT Projects Management,,,No,No,No,No,No,No,No,No,,,No,No,Mumbai,02.Medium,02.Medium,13.0,15.0,No,Yes,Email Opened
1154,3683,6,Cold,0.06478597,0,0,Landing Page Submission,Organic Search,No,No,4.0,793,4.0,Email Opened,Nigeria,Human Resource Management,Unemployed,Better Career Prospects,No,No,No,No,No,No,No,No,switched off,Might be,No,No,Other Cities,,,,,No,Yes,Email Opened
1155,7206,6,Cold,0.060459655,0,0,Landing Page Submission,Organic Search,No,No,5.0,244,5.0,SMS Sent,India,Media and Advertising,Unemployed,Better Career Prospects,No,No,No,No,No,No,No,No,invalid number,Might be,No,No,Other Metro Cities,,,,,No,Yes,SMS Sent
1156,197,6,Cold,0.060378492,0,0,API,Google,No,No,2.0,78,1.0,Email Opened,India,,Unemployed,Better Career Prospects,No,No,No,No,No,No,No,No,Ringing,,No,No,,02.Medium,02.Medium,15.0,15.0,No,No,Email Opened
1157,6455,6,Cold,0.060915075,0,0,Landing Page Submission,Direct Traffic,No,No,2.0,497,2.0,SMS Sent,India,Human Resource Management,Unemployed,Better Career Prospects,No,No,No,No,No,No,No,No,Ringing,Might be,No,No,Mumbai,,,,,No,Yes,SMS Sent
1158,8832,6,Cold,0.055245806,0,0,Landing Page Submission,Organic Search,No,No,8.0,327,2.67,SMS Sent,India,Travel and Tourism,Unemployed,Better Career Prospects,No,No,No,No,No,No,No,No,wrong number given,Not Sure,No,No,Other Metro Cities,02.Medium,02.Medium,13.0,14.0,No,Yes,SMS Sent
1159,8183,6,Cold,0.058546446,0,0,Lead Add Form,Reference,Yes,No,0.0,0,0.0,SMS Sent,,,Unemployed,Better Career Prospects,No,No,No,No,No,No,No,No,Ringing,,No,No,,02.Medium,01.High,13.0,17.0,No,No,SMS Sent
1160,7600,6,Cold,0.06445545,0,0,Landing Page Submission,Organic Search,No,No,9.0,113,2.25,Email Opened,India,Human Resource Management,,,No,No,No,No,No,No,No,No,,,No,No,Mumbai,02.Medium,01.High,14.0,18.0,No,Yes,Modified
1161,1545,6,Cold,0.056415904,0,0,API,Olark Chat,Yes,No,0.0,0,0.0,Email Bounced,,,,,No,No,No,No,No,No,No,No,,,No,No,,02.Medium,02.Medium,15.0,15.0,No,No,Modified
1162,9181,6,Cold,0.0637259,0,0,Landing Page Submission,Organic Search,No,No,5.0,107,2.5,SMS Sent,India,IT Projects Management,Unemployed,Better Career Prospects,No,No,No,No,No,No,No,No,Ringing,Not Sure,No,No,Other Metro Cities,02.Medium,02.Medium,14.0,15.0,No,Yes,SMS Sent
1163,1576,6,Cold,0.06309845,0,0,API,Google,No,No,6.0,1178,3.0,Email Opened,India,,Unemployed,Better Career Prospects,No,No,No,No,No,No,No,No,wrong number given,Not Sure,No,No,,03.Low,02.Medium,12.0,15.0,No,No,Email Opened
1164,7756,6,Cold,0.06474314,0,0,Landing Page Submission,Google,No,No,4.0,1455,4.0,SMS Sent,India,Supply Chain Management,Unemployed,Better Career Prospects,No,No,No,No,No,No,No,No,Ringing,Not Sure,No,No,Mumbai,02.Medium,01.High,13.0,18.0,No,No,SMS Sent
1165,5005,6,Cold,0.060776994,0,0,API,Google,No,No,4.0,84,4.0,SMS Sent,India,Business Administration,Unemployed,Better Career Prospects,No,No,No,No,No,No,No,No,Ringing,Not Sure,No,No,Mumbai,,,,,No,No,SMS Sent
1166,1838,6,Cold,0.06047341,0,0,Landing Page Submission,Google,No,No,6.0,125,2.0,Email Opened,India,IT Projects Management,Unemployed,Better Career Prospects,No,No,No,No,No,No,No,No,Ringing,,No,No,Mumbai,02.Medium,02.Medium,15.0,15.0,No,No,Email Opened
1167,3879,6,Cold,0.059507016,0,0,Landing Page Submission,Direct Traffic,No,No,2.0,387,2.0,Email Opened,India,Operations Management,,,No,No,No,No,No,No,No,No,,,No,No,Mumbai,,,,,No,Yes,Modified
1168,4557,6,Cold,0.05622421,0,0,API,Olark Chat,No,No,0.0,0,0.0,Olark Chat Conversation,,,Unemployed,Better Career Prospects,No,No,No,No,No,No,No,No,Not doing further education,Might be,No,No,Mumbai,02.Medium,01.High,15.0,17.0,No,No,Modified
1169,4323,6,Cold,0.06485192,0,0,Landing Page Submission,Google,No,No,6.0,289,3.0,SMS Sent,India,Marketing Management,Unemployed,Better Career Prospects,No,No,No,No,No,No,No,No,Ringing,,No,No,Mumbai,,,,,No,No,SMS Sent
1170,8604,6,Cold,0.058538537,0,0,Landing Page Submission,Google,No,No,20.0,165,5.0,SMS Sent,India,Human Resource Management,Unemployed,Better Career Prospects,No,No,No,No,No,No,No,No,switched off,Might be,No,No,Mumbai,02.Medium,01.High,15.0,18.0,No,Yes,SMS Sent
1171,4107,6,Cold,0.055015374,0,0,API,Google,No,No,8.0,89,2.67,View in browser link Clicked,India,Finance Management,Unemployed,Better Career Prospects,No,No,No,No,No,No,No,No,Already a student,Not Sure,No,No,Other Cities of Maharashtra,,,,,No,Yes,View in browser link Clicked
1172,4745,6,Cold,0.062055822,0,0,Landing Page Submission,Direct Traffic,No,No,4.0,84,4.0,SMS Sent,India,International Business,,,No,No,No,No,No,No,No,No,,,No,No,Mumbai,,,,,No,Yes,Modified
1173,7397,6,Cold,0.05627042,0,0,Landing Page Submission,Direct Traffic,No,No,3.0,372,3.0,Email Opened,India,IT Projects Management,Unemployed,Better Career Prospects,No,No,No,No,No,No,No,No,Ringing,,No,No,Mumbai,02.Medium,02.Medium,15.0,15.0,No,Yes,Email Opened
1174,3157,5,Cold,0.0485721,0,0,API,Google,No,No,3.0,187,1.5,Olark Chat Conversation,India,,,,No,No,No,No,No,No,No,No,,,No,No,,,,,,No,No,Olark Chat Conversation
1175,5256,5,Cold,0.05438838,0,0,API,Google,No,No,3.0,248,3.0,SMS Sent,India,,Unemployed,Better Career Prospects,No,No,No,No,No,No,No,No,Ringing,,No,No,,,,,,No,No,SMS Sent
1176,7388,5,Cold,0.05089138,0,0,Landing Page Submission,Organic Search,No,No,4.0,192,4.0,SMS Sent,India,Operations Management,Unemployed,Better Career Prospects,No,No,No,No,No,No,No,No,Ringing,Not Sure,No,No,Thane & Outskirts,02.Medium,01.High,14.0,17.0,No,Yes,SMS Sent
1177,1912,5,Cold,0.049791053,0,0,API,Olark Chat,No,No,0.0,0,0.0,Olark Chat Conversation,,,Unemployed,Better Career Prospects,No,No,No,No,No,No,No,No,Interested in other courses,Not Sure,No,No,,02.Medium,02.Medium,15.0,15.0,No,No,Modified
1178,4124,5,Cold,0.045601152,0,0,Landing Page Submission,Direct Traffic,No,No,2.0,350,2.0,Email Opened,India,Human Resource Management,,,No,No,No,No,No,No,No,No,,,No,No,Thane & Outskirts,,,,,No,No,Modified
1179,4570,5,Cold,0.04789942,0,0,Landing Page Submission,Google,Yes,No,3.0,263,3.0,SMS Sent,India,Operations Management,,,No,No,No,No,No,No,No,No,,,No,No,Thane & Outskirts,,,,,No,No,Modified
1180,5986,5,Cold,0.051777605,0,0,Landing Page Submission,Direct Traffic,No,No,2.0,287,2.0,Email Opened,India,Healthcare Management,,,No,No,No,No,No,No,No,No,,,No,No,Mumbai,,,,,No,Yes,Modified
1181,6671,5,Cold,0.05240864,0,0,Landing Page Submission,Google,No,No,2.0,465,2.0,Converted to Lead,United Kingdom,Finance Management,Unemployed,Better Career Prospects,No,No,No,No,No,No,No,No,Lost to Others,Low in Relevance,No,No,Thane & Outskirts,,,,,No,No,Modified
1182,2795,5,Cold,0.048199505,0,0,Landing Page Submission,Google,No,No,4.0,257,2.0,Email Opened,India,Marketing Management,Unemployed,Better Career Prospects,No,No,No,No,No,No,No,No,Ringing,Not Sure,No,No,Mumbai,,,,,No,No,Email Opened
1183,8608,5,Cold,0.05341306,0,0,Landing Page Submission,Organic Search,No,No,6.0,136,3.0,SMS Sent,India,Human Resource Management,Unemployed,Better Career Prospects,No,No,No,No,No,No,No,No,Ringing,Might be,No,No,Other Cities of Maharashtra,02.Medium,01.High,14.0,19.0,No,No,SMS Sent
1184,8176,5,Cold,0.04634676,0,0,API,Organic Search,No,No,2.0,348,1.0,Olark Chat Conversation,India,,Unemployed,Better Career Prospects,No,No,No,No,No,No,No,No,Interested  in full time MBA,Not Sure,No,No,,02.Medium,02.Medium,15.0,15.0,No,No,Modified
1185,5341,5,Cold,0.048137274,0,0,API,Olark Chat,No,No,3.0,289,1.0,Olark Chat Conversation,India,Human Resource Management,,,No,No,No,No,No,No,No,No,,,No,No,Mumbai,,,,,No,Yes,Modified
1186,124,5,Cold,0.052994885,0,0,Landing Page Submission,Google,No,No,4.0,1638,4.0,Email Opened,India,Finance Management,Unemployed,Better Career Prospects,No,No,No,No,No,No,No,No,Ringing,Not Sure,No,No,Mumbai,03.Low,01.High,12.0,18.0,No,Yes,Email Opened
1187,7370,5,Cold,0.053113863,0,0,Landing Page Submission,Direct Traffic,No,No,5.0,149,5.0,SMS Sent,India,International Business,Unemployed,Better Career Prospects,No,No,No,No,No,No,No,No,Ringing,Not Sure,No,No,Mumbai,02.Medium,01.High,14.0,18.0,No,No,SMS Sent
1188,575,5,Cold,0.054865204,0,0,API,Olark Chat,No,No,0.0,0,0.0,Olark Chat Conversation,,,Unemployed,Better Career Prospects,No,No,No,No,No,No,No,No,Interested in other courses,Low in Relevance,No,No,Thane & Outskirts,02.Medium,02.Medium,15.0,16.0,No,No,Modified
1189,5500,5,Cold,0.04848577,0,0,Landing Page Submission,Direct Traffic,No,No,8.0,547,2.67,Converted to Lead,India,Human Resource Management,,,No,No,No,No,No,No,No,No,,,No,No,Mumbai,,,,,No,Yes,Modified
1190,1478,5,Cold,0.05170018,0,0,Landing Page Submission,Google,No,No,7.0,67,7.0,Email Opened,India,Marketing Management,Working Professional,Better Career Prospects,No,No,No,No,No,No,No,No,Interested in other courses,Low in Relevance,No,No,Other Metro Cities,02.Medium,01.High,14.0,18.0,No,Yes,Modified
1191,881,5,Cold,0.049632877,0,0,Landing Page Submission,Google,No,No,4.0,938,4.0,Converted to Lead,India,Marketing Management,Unemployed,Better Career Prospects,No,No,No,No,No,No,No,No,Ringing,Not Sure,No,No,Mumbai,02.Medium,01.High,14.0,18.0,No,No,Modified
1192,4649,5,Cold,0.0459742,0,0,Landing Page Submission,Direct Traffic,No,No,5.0,260,5.0,SMS Sent,India,Marketing Management,Unemployed,Better Career Prospects,No,No,No,No,No,No,No,No,Ringing,,No,No,Mumbai,,,,,No,Yes,SMS Sent
1193,8675,5,Cold,0.049576618,0,0,Landing Page Submission,Direct Traffic,Yes,No,2.0,25,2.0,Page Visited on Website,India,Healthcare Management,,,No,No,No,No,No,No,No,No,,,No,No,Mumbai,02.Medium,02.Medium,15.0,15.0,No,Yes,Page Visited on Website
1194,3860,5,Cold,0.045059398,0,0,Landing Page Submission,Google,No,No,4.0,34,4.0,Olark Chat Conversation,India,"Banking, Investment And Insurance",,,No,No,No,No,No,No,No,No,,,No,No,Mumbai,,,,,No,No,Modified
1195,4755,5,Cold,0.049870446,0,0,Landing Page Submission,Direct Traffic,Yes,No,8.0,77,8.0,SMS Sent,India,E-COMMERCE,Unemployed,Better Career Prospects,No,No,No,No,No,No,No,No,Ringing,Not Sure,No,No,Mumbai,,,,,No,Yes,SMS Sent
1196,3007,5,Cold,0.049924407,0,0,Landing Page Submission,Direct Traffic,No,No,4.0,177,4.0,SMS Sent,India,Marketing Management,Unemployed,Better Career Prospects,No,No,No,No,No,No,No,No,Ringing,Not Sure,No,No,,,,,,No,No,Modified
1197,4655,5,Cold,0.05300527,0,1,API,Organic Search,Yes,No,2.0,342,2.0,SMS Sent,India,,,,No,No,No,No,No,No,No,No,,,No,No,,,,,,No,No,Modified
1198,1209,5,Cold,0.054966327,0,0,Landing Page Submission,Direct Traffic,No,No,2.0,207,2.0,Email Opened,India,,Working Professional,Better Career Prospects,No,No,No,No,No,No,No,No,Already a student,Not Sure,No,No,Other Cities,01.High,02.Medium,16.0,16.0,No,No,Email Opened
1199,5518,5,Cold,0.0514928,0,0,Landing Page Submission,Google,No,No,8.0,177,4.0,Email Opened,India,Supply Chain Management,,,No,No,No,No,No,No,No,No,,,No,No,Other Cities,02.Medium,02.Medium,13.0,16.0,No,Yes,Email Opened
1200,1514,5,Cold,0.054592237,0,0,API,Google,No,No,3.0,42,1.5,Email Opened,India,,Unemployed,Better Career Prospects,No,No,No,No,No,No,No,No,Ringing,,No,No,,02.Medium,02.Medium,15.0,15.0,No,No,Email Opened
1201,3479,5,Cold,0.052128907,0,0,API,Google,No,No,2.0,423,2.0,Olark Chat Conversation,India,,,,No,No,No,No,No,No,No,No,,,No,No,,,,,,No,No,Modified
1202,3312,5,Cold,0.049606692,0,0,Lead Add Form,Reference,No,No,,1057,,,,Finance Management,Unemployed,Better Career Prospects,No,No,No,No,No,No,No,No,Ringing,,No,No,,,,,,No,No,Modified
1203,3920,5,Cold,0.049658284,0,0,API,Google,Yes,No,4.0,420,1.0,Email Bounced,India,,,,No,No,No,No,No,No,No,No,,,No,No,,,,,,No,No,Modified
1204,1884,5,Cold,0.04520924,0,0,API,Organic Search,No,No,3.0,119,1.5,SMS Sent,India,,,,No,No,No,No,No,No,No,No,,,No,No,,02.Medium,02.Medium,13.0,15.0,No,No,Modified
1205,8037,5,Cold,0.05467441,0,0,Landing Page Submission,Direct Traffic,No,No,3.0,286,3.0,Olark Chat Conversation,India,Marketing Management,Unemployed,Better Career Prospects,No,No,No,No,No,No,No,No,Interested in other courses,Not Sure,No,No,Other Metro Cities,02.Medium,02.Medium,15.0,16.0,No,Yes,Modified
1206,7825,5,Cold,0.051731806,0,0,Landing Page Submission,Direct Traffic,No,No,3.0,1379,3.0,Email Opened,India,Finance Management,Unemployed,Better Career Prospects,No,No,No,No,No,No,No,No,Ringing,,No,No,Mumbai,02.Medium,01.High,14.0,18.0,No,Yes,Email Opened
1207,2421,5,Cold,0.05070944,0,0,Landing Page Submission,Google,No,No,6.0,63,6.0,Email Opened,India,Human Resource Management,,,No,No,No,No,No,No,No,No,,,No,No,Mumbai,02.Medium,01.High,14.0,18.0,No,No,Modified
1208,5733,5,Cold,0.05409952,0,0,API,Organic Search,Yes,No,8.0,40,8.0,SMS Sent,India,,,,No,No,No,No,No,No,No,No,,,No,No,,,,,,No,No,Modified
1209,7723,5,Cold,0.04532615,0,0,Landing Page Submission,Google,No,No,2.0,1379,2.0,Email Opened,India,"Banking, Investment And Insurance",Unemployed,Better Career Prospects,No,No,No,No,No,No,No,No,Ringing,,No,No,Mumbai,02.Medium,01.High,14.0,18.0,No,No,Email Opened
1210,7399,5,Cold,0.0546611,0,0,Landing Page Submission,Organic Search,Yes,No,15.0,239,3.75,Page Visited on Website,India,IT Projects Management,Unemployed,Better Career Prospects,No,No,No,No,No,No,No,No,Not doing further education,Not Sure,No,No,Thane & Outskirts,01.High,02.Medium,17.0,14.0,No,Yes,Modified
1211,7047,5,Cold,0.051457062,0,0,API,Google,No,No,2.0,1148,2.0,Email Opened,India,Human Resource Management,Unemployed,Better Career Prospects,No,No,No,No,No,No,No,No,Ringing,,No,No,,,,,,No,No,Email Opened
1212,3211,5,Cold,0.047123987,0,1,Landing Page Submission,Google,No,No,4.0,130,4.0,Email Opened,India,Human Resource Management,Unemployed,Better Career Prospects,No,No,No,No,No,No,No,No,Interested  in full time MBA,,No,No,Mumbai,02.Medium,01.High,15.0,18.0,No,No,Email Opened
1213,7062,5,Cold,0.045004863,0,0,Landing Page Submission,Organic Search,No,No,6.0,288,3.0,SMS Sent,,Supply Chain Management,Unemployed,Better Career Prospects,No,No,No,No,No,No,No,No,switched off,Not Sure,No,No,Other Metro Cities,,,,,No,Yes,SMS Sent
1214,8468,5,Cold,0.048357286,0,0,Landing Page Submission,Organic Search,Yes,No,5.0,107,5.0,SMS Sent,India,Human Resource Management,Unemployed,Better Career Prospects,No,No,No,No,No,No,No,No,Busy,Might be,No,No,Mumbai,02.Medium,01.High,14.0,18.0,No,No,SMS Sent
1215,6549,5,Cold,0.051652752,0,0,API,Google,No,No,3.0,397,3.0,Olark Chat Conversation,India,,Unemployed,Better Career Prospects,No,No,No,No,No,No,No,No,,,No,No,,,,,,No,No,Olark Chat Conversation
1216,5755,5,Cold,0.048088368,0,0,Landing Page Submission,Google,No,No,3.0,1411,3.0,Email Opened,India,Finance Management,Unemployed,Better Career Prospects,No,No,No,No,No,No,No,No,Ringing,,No,No,Mumbai,,,,,No,No,Email Opened
1217,6055,5,Cold,0.046099175,0,0,Landing Page Submission,Direct Traffic,No,No,2.0,1319,2.0,Email Opened,India,Finance Management,Unemployed,Better Career Prospects,No,No,No,No,No,No,No,No,Ringing,,No,No,Mumbai,,,,,No,Yes,Email Opened
1218,2824,5,Cold,0.047805857,0,0,Landing Page Submission,Direct Traffic,No,No,5.0,6,5.0,Page Visited on Website,India,Operations Management,,,No,No,No,No,No,No,No,No,,,No,No,Mumbai,,,,,No,Yes,Modified
1219,5558,5,Cold,0.053275324,0,0,Landing Page Submission,Direct Traffic,No,No,7.0,3,7.0,SMS Sent,India,International Business,Unemployed,Better Career Prospects,No,No,No,No,No,No,No,No,invalid number,Worst,No,No,Other Cities of Maharashtra,,,,,No,Yes,SMS Sent
1220,688,5,Cold,0.050241992,0,0,Landing Page Submission,Google,No,No,3.0,1191,3.0,Email Opened,India,Human Resource Management,Unemployed,Better Career Prospects,No,No,No,No,No,No,No,No,Ringing,,No,No,Mumbai,02.Medium,01.High,14.0,18.0,No,No,Email Opened
1221,3199,5,Cold,0.0465221,0,0,Landing Page Submission,Google,No,No,2.0,208,2.0,SMS Sent,India,Marketing Management,Unemployed,Better Career Prospects,No,No,No,No,No,No,No,No,wrong number given,Not Sure,No,No,Mumbai,,,,,No,No,Modified
1222,3081,5,Cold,0.050300613,0,0,Landing Page Submission,Google,No,No,11.0,287,11.0,Email Opened,India,IT Projects Management,,,No,No,No,No,No,No,No,No,,,No,No,Mumbai,,,,,No,Yes,Modified
1223,54,5,Cold,0.04600546,0,0,API,Organic Search,No,No,7.0,96,2.33,Email Opened,India,,,,No,No,No,No,No,No,No,No,,,No,No,,02.Medium,02.Medium,13.0,15.0,No,No,Email Opened
1224,4846,5,Cold,0.04914741,0,0,Landing Page Submission,Direct Traffic,No,No,4.0,308,4.0,SMS Sent,India,Human Resource Management,Unemployed,Better Career Prospects,No,No,No,No,No,No,No,No,Ringing,,No,No,Other Metro Cities,,,,,No,Yes,SMS Sent
1225,6919,5,Cold,0.05153054,0,0,API,Google,No,No,2.0,247,2.0,SMS Sent,India,,Unemployed,Better Career Prospects,No,No,No,No,No,No,No,No,Ringing,,No,No,,,,,,No,No,SMS Sent
1226,6828,5,Cold,0.051213823,0,0,Landing Page Submission,Direct Traffic,No,No,11.0,420,5.5,Email Opened,India,Business Administration,Unemployed,Better Career Prospects,No,No,No,No,No,No,No,No,invalid number,Not Sure,No,No,Other Cities,,,,,No,Yes,Email Opened
1227,3636,5,Cold,0.045811057,0,0,API,bing,No,No,1.0,458,1.0,Converted to Lead,India,,,,No,No,No,No,No,No,No,No,,,No,No,,,,,,No,No,Modified
1228,7309,4,Cold,0.044597324,0,0,Landing Page Submission,Direct Traffic,No,No,3.0,39,3.0,Converted to Lead,India,IT Projects Management,,,No,No,No,No,No,No,No,No,,,No,No,Mumbai,02.Medium,02.Medium,14.0,15.0,No,No,Modified
1229,3859,4,Cold,0.0361182,0,0,API,Olark Chat,No,No,0.0,0,0.0,Olark Chat Conversation,,,,,No,No,No,No,No,No,No,No,,,No,No,,,,,,No,No,Modified
1230,3959,4,Cold,0.0361182,0,0,API,Olark Chat,No,No,0.0,0,0.0,Olark Chat Conversation,,,,,No,No,No,No,No,No,No,No,,,No,No,,,,,,No,No,Modified
1231,1474,4,Cold,0.038876466,0,0,API,Google,No,No,2.0,1322,2.0,Email Opened,India,,Unemployed,Better Career Prospects,No,No,No,No,No,No,No,No,Ringing,,No,No,,02.Medium,02.Medium,13.0,15.0,No,No,Email Opened
1232,423,4,Cold,0.038590457,0,0,Landing Page Submission,Organic Search,No,No,13.0,408,6.5,Email Opened,India,Hospitality Management,Unemployed,Better Career Prospects,No,No,No,No,No,No,No,No,Interested in other courses,,No,No,Mumbai,01.High,02.Medium,16.0,15.0,No,Yes,Email Opened
1233,3865,4,Cold,0.0361182,0,0,API,Olark Chat,No,No,0.0,0,0.0,Olark Chat Conversation,,,,,No,No,No,No,No,No,No,No,,,No,No,,,,,,No,No,Modified
1234,3404,4,Cold,0.0361182,0,0,API,Olark Chat,No,No,0.0,0,0.0,Olark Chat Conversation,,,,,No,No,No,No,No,No,No,No,,,No,No,,,,,,No,No,Modified
1235,8095,4,Cold,0.04107368,0,0,Landing Page Submission,Direct Traffic,No,No,3.0,1077,3.0,Email Opened,India,Human Resource Management,Unemployed,Better Career Prospects,No,No,No,No,No,No,No,No,Ringing,,No,No,Other Metro Cities,02.Medium,02.Medium,14.0,16.0,No,No,Email Opened
1236,8491,4,Cold,0.035069615,0,0,Landing Page Submission,Google,No,No,4.0,679,4.0,Email Opened,India,"Banking, Investment And Insurance",Unemployed,Better Career Prospects,No,No,No,No,No,No,No,No,Ringing,,No,No,Thane & Outskirts,02.Medium,01.High,14.0,17.0,No,No,Email Opened
1237,5796,4,Cold,0.042385515,0,0,API,Olark Chat,No,No,0.0,0,0.0,Olark Chat Conversation,,,Unemployed,Better Career Prospects,No,No,No,No,No,No,No,No,,,No,No,,,,,,No,No,Olark Chat Conversation
1238,6797,4,Cold,0.04302164,0,0,Landing Page Submission,Direct Traffic,Yes,No,2.0,1438,2.0,Page Visited on Website,United Arab Emirates,Media and Advertising,Unemployed,Better Career Prospects,No,No,No,No,No,No,No,No,invalid number,,No,No,Other Cities,,,,,No,Yes,Page Visited on Website
1239,4127,4,Cold,0.0361182,0,0,API,Olark Chat,No,No,0.0,0,0.0,Olark Chat Conversation,,,,,No,No,No,No,No,No,No,No,,,No,No,,,,,,No,No,Modified
1240,7074,4,Cold,0.03798127,0,0,Landing Page Submission,Direct Traffic,No,No,2.0,1163,2.0,Converted to Lead,India,International Business,Unemployed,Better Career Prospects,No,No,No,No,No,No,No,No,Interested in other courses,Not Sure,No,No,Mumbai,,,,,No,Yes,Modified
1241,1431,4,Cold,0.035559572,0,0,API,Google,No,No,4.0,12,1.33,Page Visited on Website,India,,Unemployed,Better Career Prospects,No,No,No,No,No,No,No,No,Interested in other courses,,No,No,,02.Medium,02.Medium,15.0,15.0,No,No,Page Visited on Website
1242,2298,4,Cold,0.039539967,0,0,API,Olark Chat,No,No,0.0,0,0.0,Email Opened,,,Unemployed,Better Career Prospects,No,No,No,No,No,No,No,No,Interested in other courses,Not Sure,No,No,,02.Medium,02.Medium,14.0,15.0,No,No,Email Opened
1243,5178,4,Cold,0.042012695,0,0,API,Google,No,No,3.0,214,3.0,Email Link Clicked,India,Marketing Management,Unemployed,Better Career Prospects,No,No,No,No,No,No,No,No,Interested  in full time MBA,Low in Relevance,No,No,,,,,,No,No,Email Link Clicked
1244,588,4,Cold,0.041395407,0,0,Lead Import,Facebook,No,No,0.0,0,0.0,Email Opened,,,Unemployed,Better Career Prospects,No,No,No,No,No,No,No,No,Ringing,Not Sure,No,No,Other Cities of Maharashtra,02.Medium,02.Medium,14.0,14.0,No,No,Email Opened
1245,3336,4,Cold,0.03636068,0,0,API,Google,No,No,2.0,234,2.0,Olark Chat Conversation,India,,,,No,No,No,No,No,No,No,No,,,No,No,,,,,,No,No,Modified
1246,8007,4,Cold,0.041038398,0,0,Landing Page Submission,Google,No,No,3.0,344,3.0,Converted to Lead,India,Finance Management,,,No,No,No,No,No,No,No,No,,,No,No,Mumbai,02.Medium,01.High,14.0,18.0,No,No,Modified
1247,955,4,Cold,0.037589226,0,0,API,Referral Sites,No,No,8.0,51,4.0,Olark Chat Conversation,India,,Unemployed,Better Career Prospects,No,No,No,No,No,No,No,No,Interested in other courses,,No,No,,02.Medium,02.Medium,15.0,13.0,No,No,Modified
1248,3216,4,Cold,0.0361182,0,0,API,Olark Chat,No,No,0.0,0,0.0,Olark Chat Conversation,,,,,No,No,No,No,No,No,No,No,,,No,No,,,,,,No,No,Modified
1249,4998,4,Cold,0.042385515,0,0,API,Olark Chat,No,No,0.0,0,0.0,Olark Chat Conversation,,,,,No,No,No,No,No,No,No,No,,,No,No,,,,,,No,No,Olark Chat Conversation
1250,3408,4,Cold,0.0361182,0,0,API,Olark Chat,No,No,0.0,0,0.0,Olark Chat Conversation,,,Unemployed,Better Career Prospects,No,No,No,No,No,No,No,No,,,No,No,,,,,,No,No,Modified
1251,1175,4,Cold,0.037901867,0,0,API,Organic Search,No,No,4.0,287,4.0,SMS Sent,India,,Unemployed,Better Career Prospects,No,No,No,No,No,No,No,No,Ringing,Not Sure,No,No,,02.Medium,02.Medium,14.0,15.0,No,No,Modified
1252,4450,4,Cold,0.036912363,0,1,API,Organic Search,No,No,2.0,362,2.0,Converted to Lead,India,,Unemployed,Better Career Prospects,No,No,No,No,No,No,No,No,Will revert after reading the email,Might be,No,No,Other Cities,,,,,No,No,Modified
1253,4701,4,Cold,0.0361182,0,0,API,Olark Chat,No,No,0.0,0,0.0,Olark Chat Conversation,,,,,No,No,No,No,No,No,No,No,,,No,No,,,,,,No,No,Modified
1254,8022,4,Cold,0.040633902,0,0,Landing Page Submission,Direct Traffic,No,No,2.0,61,2.0,SMS Sent,India,Marketing Management,Unemployed,Better Career Prospects,No,No,No,No,No,No,No,No,invalid number,,No,No,Mumbai,02.Medium,01.High,14.0,18.0,No,Yes,SMS Sent
1255,5191,4,Cold,0.0361182,0,0,API,Olark Chat,No,No,0.0,0,0.0,Olark Chat Conversation,,,,,No,No,No,No,No,No,No,No,,,No,No,,,,,,No,No,Modified
1256,6393,4,Cold,0.035281587,0,0,Landing Page Submission,Organic Search,No,No,10.0,212,3.33,Page Visited on Website,India,Operations Management,Unemployed,Better Career Prospects,No,No,No,No,No,No,No,No,Diploma holder (Not Eligible),Not Sure,No,No,,,,,,No,No,Modified
1257,3676,4,Cold,0.03929252,0,0,Landing Page Submission,Google,No,No,5.0,339,2.5,Converted to Lead,India,Finance Management,,,No,No,No,No,No,No,No,No,,,No,No,Mumbai,,,,,No,No,Modified
1258,3333,4,Cold,0.043204352,0,0,API,Google,No,No,1.0,243,1.0,Converted to Lead,India,,,,No,No,No,No,No,No,No,No,,,No,No,,,,,,No,No,Modified
1259,8976,4,Cold,0.038688965,0,0,API,Olark Chat,No,No,1.0,16,1.0,SMS Sent,India,Marketing Management,Unemployed,Better Career Prospects,No,No,No,No,No,No,No,No,switched off,,No,No,Other Cities,02.Medium,02.Medium,14.0,16.0,No,Yes,SMS Sent
1260,3663,4,Cold,0.0361182,0,0,API,Olark Chat,No,No,0.0,0,0.0,Olark Chat Conversation,,,,,No,No,No,No,No,No,No,No,,,No,No,,,,,,No,No,Modified
1261,7737,4,Cold,0.035005685,0,0,Landing Page Submission,Google,No,No,4.0,1101,4.0,SMS Sent,India,Hospitality Management,Unemployed,Better Career Prospects,No,No,No,No,No,No,No,No,Ringing,Might be,No,No,Mumbai,02.Medium,02.Medium,13.0,15.0,No,No,SMS Sent
1262,5053,4,Cold,0.0361182,0,0,API,Olark Chat,No,No,0.0,0,0.0,Olark Chat Conversation,,,,,No,No,No,No,No,No,No,No,,,No,No,,,,,,No,No,Modified
1263,2175,4,Cold,0.043797746,0,0,Landing Page Submission,Google,No,No,8.0,137,4.0,Email Opened,India,Marketing Management,,,No,No,No,No,No,No,No,No,,,No,No,Other Metro Cities,02.Medium,02.Medium,13.0,16.0,No,Yes,Email Opened
1264,5612,4,Cold,0.040382802,0,0,Landing Page Submission,Organic Search,No,No,9.0,137,9.0,SMS Sent,India,Travel and Tourism,Unemployed,Better Career Prospects,No,No,No,No,No,No,No,No,Ringing,,No,No,Other Cities,,,,,No,No,SMS Sent
1265,349,4,Cold,0.044498645,0,0,API,Olark Chat,No,No,0.0,0,0.0,Olark Chat Conversation,,,Unemployed,Better Career Prospects,No,No,No,No,No,No,No,No,invalid number,,No,No,,02.Medium,02.Medium,15.0,15.0,No,No,Modified
1266,3111,4,Cold,0.0361182,0,0,API,Olark Chat,No,No,0.0,0,0.0,Olark Chat Conversation,,,,,No,No,No,No,No,No,No,No,,,No,No,,,,,,No,No,Modified
1267,4959,4,Cold,0.041372556,0,0,API,Google,No,No,1.0,397,1.0,Converted to Lead,India,Human Resource Management,Working Professional,Better Career Prospects,No,No,No,No,No,No,No,No,Interested  in full time MBA,Might be,No,No,,,,,,No,No,Modified
1268,8875,4,Cold,0.039276145,0,0,API,Google,No,No,3.0,6,1.5,Olark Chat Conversation,India,,,,No,No,No,No,No,No,No,No,,,No,No,,02.Medium,02.Medium,14.0,15.0,No,No,Modified
1269,3638,4,Cold,0.0361182,0,0,API,Olark Chat,No,No,0.0,0,0.0,Olark Chat Conversation,,,,,No,No,No,No,No,No,No,No,,,No,No,,,,,,No,No,Modified
1270,5550,4,Cold,0.0361182,0,0,API,Olark Chat,No,No,0.0,0,0.0,Olark Chat Conversation,,,,,No,No,No,No,No,No,No,No,,,No,No,,,,,,No,No,Modified
1271,3541,4,Cold,0.0361182,0,0,API,Olark Chat,No,No,0.0,0,0.0,Olark Chat Conversation,,,,,No,No,No,No,No,No,No,No,,,No,No,,,,,,No,No,Modified
1272,4117,4,Cold,0.042385515,0,0,API,Olark Chat,No,No,0.0,0,0.0,Olark Chat Conversation,,,,,No,No,No,No,No,No,No,No,,,No,No,,,,,,No,No,Olark Chat Conversation
1273,2767,4,Cold,0.0361182,0,0,API,Olark Chat,No,No,0.0,0,0.0,Olark Chat Conversation,,,,,No,No,No,No,No,No,No,No,,,No,No,,,,,,No,No,Modified
1274,5264,4,Cold,0.0361182,0,0,API,Olark Chat,No,No,0.0,0,0.0,Olark Chat Conversation,,,,,No,No,No,No,No,No,No,No,,,No,No,,,,,,No,No,Modified
1275,2927,4,Cold,0.0361182,0,0,API,Olark Chat,No,No,0.0,0,0.0,Olark Chat Conversation,,,,,No,No,No,No,No,No,No,No,,,No,No,,,,,,No,No,Modified
1276,8066,4,Cold,0.044898383,0,0,Landing Page Submission,Direct Traffic,No,No,2.0,289,2.0,SMS Sent,United States,,Unemployed,Better Career Prospects,No,No,No,No,No,No,No,No,Ringing,Might be,No,No,Mumbai,02.Medium,01.High,14.0,18.0,No,No,SMS Sent
1277,4657,4,Cold,0.0362324,0,0,Lead Add Form,Reference,No,No,0.0,0,0.0,Email Opened,,,Unemployed,Better Career Prospects,No,No,No,No,No,No,No,No,Ringing,,No,No,,,,,,No,No,Email Opened
1278,2452,4,Cold,0.0417843,0,0,Landing Page Submission,Google,No,No,7.0,548,3.5,SMS Sent,India,IT Projects Management,Unemployed,Better Career Prospects,No,No,No,No,No,No,No,No,Interested  in full time MBA,,No,No,Thane & Outskirts,02.Medium,02.Medium,14.0,14.0,No,No,Modified
1279,3804,4,Cold,0.0361182,0,0,API,Olark Chat,No,No,0.0,0,0.0,Olark Chat Conversation,,,,,No,No,No,No,No,No,No,No,,,No,No,,,,,,No,No,Modified
1280,6317,4,Cold,0.0361182,0,0,API,Olark Chat,No,No,0.0,0,0.0,Olark Chat Conversation,,,,,No,No,No,No,No,No,No,No,,,No,No,,,,,,No,No,Modified
1281,3148,4,Cold,0.0361182,0,0,API,Olark Chat,No,No,0.0,0,0.0,Olark Chat Conversation,,,,,No,No,No,No,No,No,No,No,,,No,No,,,,,,No,No,Modified
1282,491,4,Cold,0.040012084,0,0,Landing Page Submission,Google,No,No,4.0,163,4.0,Olark Chat Conversation,India,E-Business,,,No,No,No,No,No,No,No,No,,,No,No,Mumbai,02.Medium,01.High,14.0,18.0,No,No,Modified
1283,5245,4,Cold,0.035751514,0,0,Landing Page Submission,Organic Search,No,No,8.0,137,8.0,Page Visited on Website,India,Finance Management,,,No,No,No,No,No,No,No,No,,,No,No,Thane & Outskirts,,,,,No,Yes,Modified
1284,4939,4,Cold,0.039044846,0,0,API,Olark Chat,No,No,0.0,0,0.0,Olark Chat Conversation,,Marketing Management,Working Professional,Better Career Prospects,No,No,No,No,No,No,No,No,Interested in other courses,Not Sure,No,No,,,,,,No,No,Modified
1285,3949,4,Cold,0.0361182,0,0,API,Olark Chat,No,No,0.0,0,0.0,Olark Chat Conversation,,,Unemployed,Better Career Prospects,No,No,No,No,No,No,No,No,,,No,No,,,,,,No,No,Modified
1286,5431,4,Cold,0.0361182,0,0,API,Olark Chat,No,No,0.0,0,0.0,Olark Chat Conversation,,,Unemployed,Better Career Prospects,No,No,No,No,No,No,No,No,,,No,No,,,,,,No,No,Modified
1287,4373,4,Cold,0.039680246,0,0,Landing Page Submission,Direct Traffic,No,No,3.0,341,1.5,Olark Chat Conversation,United States,Finance Management,,,No,No,No,No,No,No,No,No,,,No,No,Mumbai,02.Medium,01.High,14.0,18.0,No,Yes,Modified
1288,1062,4,Cold,0.0446101,0,0,API,Google,No,No,6.0,692,2.0,Olark Chat Conversation,India,Marketing Management,,,No,No,No,No,No,No,No,No,Interested in other courses,,No,No,Mumbai,02.Medium,02.Medium,14.0,16.0,No,Yes,Modified
1289,5770,4,Cold,0.0361182,0,0,API,Olark Chat,No,No,0.0,0,0.0,Olark Chat Conversation,,,Unemployed,Better Career Prospects,No,No,No,No,No,No,No,No,,,No,No,,,,,,No,No,Modified
1290,8006,4,Cold,0.03828198,0,0,Landing Page Submission,Social Media,No,No,3.0,164,3.0,Page Visited on Website,India,Travel and Tourism,Unemployed,Better Career Prospects,No,No,No,No,No,No,No,No,Interested in other courses,Not Sure,No,No,Other Cities,02.Medium,03.Low,15.0,12.0,No,Yes,Modified
1291,5885,4,Cold,0.0361182,0,0,API,Olark Chat,No,No,0.0,0,0.0,Olark Chat Conversation,,,,,No,No,No,No,No,No,No,No,,,No,No,,,,,,No,No,Modified
1292,1999,4,Cold,0.039270695,0,0,API,Olark Chat,No,No,0.0,0,0.0,Olark Chat Conversation,,,Unemployed,Better Career Prospects,No,No,No,No,No,No,No,No,Interested in other courses,,No,No,,02.Medium,02.Medium,15.0,15.0,No,No,Modified
1293,8363,4,Cold,0.03898501,0,0,Landing Page Submission,Direct Traffic,Yes,No,3.0,1487,3.0,SMS Sent,India,Healthcare Management,Unemployed,Better Career Prospects,No,No,No,No,No,No,No,No,Ringing,,No,No,Mumbai,02.Medium,02.Medium,14.0,15.0,No,Yes,SMS Sent
1294,4490,4,Cold,0.0361182,0,0,API,Olark Chat,No,No,0.0,0,0.0,Olark Chat Conversation,,,,,No,No,No,No,No,No,No,No,,,No,No,,,,,,No,No,Modified
1295,3067,4,Cold,0.03959711,0,0,Landing Page Submission,Google,No,No,6.0,239,6.0,Email Opened,India,Human Resource Management,Unemployed,Better Career Prospects,No,No,No,No,No,No,No,No,Ringing,Not Sure,No,No,Mumbai,,,,,No,No,Email Opened
1296,6909,4,Cold,0.03859278,0,0,Landing Page Submission,Direct Traffic,Yes,No,10.0,307,2.5,Page Visited on Website,India,Services Excellence,,,No,No,No,No,No,No,No,No,,,No,No,Other Cities,,,,,No,Yes,Page Visited on Website
1297,2635,4,Cold,0.04333052,0,0,API,Google,No,No,3.0,49,3.0,Converted to Lead,India,,,,No,No,No,No,No,No,No,No,,,No,No,,,,,,No,No,Modified
1298,9121,4,Cold,0.04100876,0,0,Landing Page Submission,Google,No,No,3.0,314,3.0,SMS Sent,India,Retail Management,Unemployed,Better Career Prospects,No,No,No,No,No,No,No,No,switched off,Not Sure,No,No,Mumbai,02.Medium,01.High,14.0,20.0,No,No,SMS Sent
1299,407,4,Cold,0.044657115,0,1,API,Organic Search,No,No,4.0,1341,2.0,Email Opened,India,,Unemployed,Better Career Prospects,No,No,No,No,No,No,No,No,Interested in other courses,Worst,No,No,,02.Medium,02.Medium,15.0,15.0,No,No,Email Opened
1300,3043,4,Cold,0.037521377,0,0,API,Google,No,No,2.0,312,2.0,Olark Chat Conversation,India,,,,No,No,No,No,No,No,No,No,,,No,No,,,,,,No,No,Modified
1301,3061,4,Cold,0.0361182,0,0,API,Olark Chat,No,No,0.0,0,0.0,Olark Chat Conversation,,,,,No,No,No,No,No,No,No,No,,,No,No,,,,,,No,No,Modified
1302,5905,4,Cold,0.03587568,0,0,Landing Page Submission,Direct Traffic,No,No,4.0,241,2.0,SMS Sent,India,"Banking, Investment And Insurance",Unemployed,Better Career Prospects,No,No,No,No,No,No,No,No,switched off,Not Sure,No,No,Mumbai,,,,,No,Yes,SMS Sent
1303,2255,4,Cold,0.039270695,0,0,API,Olark Chat,No,No,0.0,0,0.0,Olark Chat Conversation,,,Unemployed,Better Career Prospects,No,No,No,No,No,No,No,No,Interested in other courses,,No,No,,02.Medium,02.Medium,15.0,15.0,No,No,Modified
1304,495,4,Cold,0.036778275,0,0,Landing Page Submission,Direct Traffic,No,No,2.0,13,2.0,Email Opened,India,"Banking, Investment And Insurance",,,No,No,No,No,No,No,No,No,,,No,No,Mumbai,02.Medium,01.High,13.0,18.0,No,Yes,Email Opened
1305,3091,4,Cold,0.04056151,0,0,Landing Page Submission,Organic Search,Yes,No,3.0,443,1.5,Unreachable,India,Supply Chain Management,,,No,No,No,No,No,No,No,No,,,No,No,Other Cities,03.Low,02.Medium,12.0,16.0,No,No,Modified
1306,5852,4,Cold,0.0361182,0,0,API,Olark Chat,No,No,0.0,0,0.0,Olark Chat Conversation,,,Unemployed,Better Career Prospects,No,No,No,No,No,No,No,No,,,No,No,,,,,,No,No,Modified
1307,8102,4,Cold,0.037478916,0,0,API,Olark Chat,No,No,0.0,0,0.0,Email Link Clicked,,,Unemployed,Better Career Prospects,No,No,No,No,No,No,No,No,,,No,No,,02.Medium,02.Medium,13.0,15.0,No,No,Modified
1308,4020,4,Cold,0.04291241,0,0,Landing Page Submission,Direct Traffic,No,No,3.0,458,1.5,Email Opened,India,Media and Advertising,Unemployed,Better Career Prospects,No,No,No,No,No,No,No,No,Interested in other courses,Not Sure,No,No,Mumbai,,,,,No,Yes,Email Opened
1309,8893,4,Cold,0.043031145,0,0,Landing Page Submission,Direct Traffic,No,No,4.0,79,4.0,Olark Chat Conversation,India,Hospitality Management,Unemployed,Better Career Prospects,No,No,No,No,No,No,No,No,Interested in other courses,Not Sure,No,No,Mumbai,02.Medium,02.Medium,15.0,15.0,No,Yes,Modified
1310,4235,4,Cold,0.037521377,0,0,API,Google,No,No,2.0,305,2.0,Olark Chat Conversation,India,,,,No,No,No,No,No,No,No,No,,,No,No,,,,,,No,No,Modified
1311,8688,4,Cold,0.03981828,0,0,Landing Page Submission,Google,No,No,5.0,189,2.5,Email Opened,India,Media and Advertising,,,No,No,No,No,No,No,No,No,,,No,No,Mumbai,03.Low,01.High,10.0,17.0,No,No,Email Opened
1312,3433,4,Cold,0.042385515,0,0,API,Olark Chat,No,No,0.0,0,0.0,Olark Chat Conversation,,,,,No,No,No,No,No,No,No,No,,,No,No,,,,,,No,No,Olark Chat Conversation
1313,6132,4,Cold,0.0361182,0,0,API,Olark Chat,No,No,0.0,0,0.0,Olark Chat Conversation,,,,,No,No,No,No,No,No,No,No,,,No,No,,,,,,No,No,Modified
1314,4162,4,Cold,0.043936655,0,0,API,Olark Chat,No,No,0.0,0,0.0,Email Opened,,,Unemployed,Better Career Prospects,No,No,No,No,No,No,No,No,opp hangup,,No,No,,,,,,No,No,Email Opened
1315,2218,4,Cold,0.044861887,0,0,Landing Page Submission,Organic Search,No,No,3.0,291,3.0,Page Visited on Website,India,Travel and Tourism,Unemployed,Better Career Prospects,No,No,No,No,No,No,No,No,Interested  in full time MBA,Not Sure,No,No,Other Metro Cities,02.Medium,02.Medium,15.0,14.0,No,Yes,Modified
1316,227,4,Cold,0.03827472,0,0,Landing Page Submission,Google,No,No,2.0,1816,2.0,Converted to Lead,India,,Unemployed,Better Career Prospects,No,No,No,No,No,No,No,No,Interested in other courses,,No,No,Thane & Outskirts,02.Medium,01.High,14.0,17.0,No,No,Modified
1317,6079,4,Cold,0.04486444,0,0,Landing Page Submission,Organic Search,No,No,3.0,206,3.0,Converted to Lead,India,IT Projects Management,,,No,No,No,No,No,No,No,No,,,No,No,Thane & Outskirts,,,,,No,Yes,Modified
1318,3571,4,Cold,0.0361182,0,0,API,Olark Chat,No,No,0.0,0,0.0,Olark Chat Conversation,,,,,No,No,No,No,No,No,No,No,,,No,No,,,,,,No,No,Modified
1319,481,4,Cold,0.04374725,0,0,API,Referral Sites,No,No,3.0,345,1.5,Email Opened,India,,,,No,No,No,No,No,No,No,No,,,No,No,,03.Low,02.Medium,12.0,13.0,No,No,Email Opened
1320,2739,4,Cold,0.0361182,0,0,API,Olark Chat,No,No,0.0,0,0.0,Olark Chat Conversation,,,,,No,No,No,No,No,No,No,No,,,No,No,,,,,,No,No,Modified
1321,3260,4,Cold,0.0361182,0,0,API,Olark Chat,No,No,0.0,0,0.0,Olark Chat Conversation,,,,,No,No,No,No,No,No,No,No,,,No,No,,,,,,No,No,Modified
1322,3547,4,Cold,0.0361182,0,0,API,Olark Chat,No,No,0.0,0,0.0,Olark Chat Conversation,,,,,No,No,No,No,No,No,No,No,,,No,No,,,,,,No,No,Modified
1323,7607,4,Cold,0.039499953,0,0,Landing Page Submission,Direct Traffic,No,No,2.0,1391,2.0,Email Opened,India,IT Projects Management,Unemployed,Better Career Prospects,No,No,No,No,No,No,No,No,Ringing,,No,No,Other Cities,01.High,02.Medium,16.0,13.0,No,Yes,Modified
1324,4315,4,Cold,0.042385515,0,0,API,Olark Chat,No,No,0.0,0,0.0,Olark Chat Conversation,,,,,No,No,No,No,No,No,No,No,,,No,No,,,,,,No,No,Olark Chat Conversation
1325,5014,4,Cold,0.043082327,0,0,API,Olark Chat,No,No,1.0,119,1.0,Olark Chat Conversation,,,,,No,No,No,No,No,No,No,No,,,No,No,,,,,,No,No,Olark Chat Conversation
1326,8884,4,Cold,0.03736773,0,0,API,Google,No,No,2.0,951,2.0,Email Opened,India,,Unemployed,Better Career Prospects,No,No,No,No,No,No,No,No,Interested in other courses,Low in Relevance,No,No,,02.Medium,02.Medium,13.0,16.0,No,No,Modified
1327,3375,4,Cold,0.038257517,0,0,Landing Page Submission,Direct Traffic,No,No,2.0,498,2.0,Email Opened,India,Business Administration,Unemployed,Better Career Prospects,No,No,No,No,No,No,No,No,Ringing,Not Sure,No,No,Mumbai,,,,,No,Yes,Email Opened
1328,3048,4,Cold,0.035498574,0,0,API,Google,No,No,2.0,130,1.0,SMS Sent,India,,Unemployed,Better Career Prospects,No,No,No,No,No,No,No,No,Diploma holder (Not Eligible),Might be,No,No,,,,,,No,No,Modified
1329,2170,4,Cold,0.035724934,0,0,Landing Page Submission,Direct Traffic,No,No,9.0,41,2.25,Page Visited on Website,India,Business Administration,,,No,No,No,No,No,No,No,No,,,No,No,Mumbai,02.Medium,01.High,13.0,18.0,No,No,Page Visited on Website
1330,5522,4,Cold,0.03576767,0,0,API,Google,No,No,1.0,493,1.0,Converted to Lead,India,,,,No,No,No,No,No,No,No,No,,,No,No,,,,,,No,No,Modified
1331,5927,4,Cold,0.040492542,0,0,Landing Page Submission,Google,No,No,13.0,62,2.17,Page Visited on Website,India,Media and Advertising,,,No,No,No,No,No,No,No,No,,,No,No,Mumbai,02.Medium,01.High,13.0,17.0,No,Yes,Page Visited on Website
1332,3597,4,Cold,0.0361182,0,0,API,Olark Chat,No,No,0.0,0,0.0,Olark Chat Conversation,,,,,No,No,No,No,No,No,No,No,,,No,No,,,,,,No,No,Modified
1333,6130,4,Cold,0.0361182,0,0,API,Olark Chat,No,No,0.0,0,0.0,Olark Chat Conversation,,,,,No,No,No,No,No,No,No,No,,,No,No,,,,,,No,No,Modified
1334,248,4,Cold,0.039270695,0,0,API,Olark Chat,No,No,0.0,0,0.0,Olark Chat Conversation,,,Unemployed,Better Career Prospects,No,No,No,No,No,No,No,No,Interested in other courses,,No,No,,02.Medium,02.Medium,15.0,15.0,No,No,Modified
1335,3948,4,Cold,0.0361182,0,0,API,Olark Chat,No,No,0.0,0,0.0,Olark Chat Conversation,,,,,No,No,No,No,No,No,No,No,,,No,No,,,,,,No,No,Modified
1336,3962,4,Cold,0.042385515,0,0,API,Olark Chat,No,No,0.0,0,0.0,Olark Chat Conversation,,,,,No,No,No,No,No,No,No,No,,,No,No,,,,,,No,No,Olark Chat Conversation
1337,4709,4,Cold,0.035448257,0,0,Landing Page Submission,Direct Traffic,No,No,1.0,45,1.0,Converted to Lead,India,Human Resource Management,Unemployed,Better Career Prospects,No,No,No,No,No,No,No,No,,,No,No,Other Metro Cities,,,,,No,Yes,Modified
1338,3552,4,Cold,0.0361182,0,0,API,Olark Chat,No,No,0.0,0,0.0,Olark Chat Conversation,,,,,No,No,No,No,No,No,No,No,,,No,No,,,,,,No,No,Modified
1339,5771,4,Cold,0.036715865,0,0,API,Organic Search,Yes,No,10.0,371,3.33,Page Visited on Website,India,,,,No,No,No,No,No,No,No,No,,,No,No,,,,,,No,No,Page Visited on Website
1340,6849,4,Cold,0.042385515,0,0,API,Olark Chat,No,No,0.0,0,0.0,Olark Chat Conversation,,,,,No,No,No,No,No,No,No,No,,,No,No,,,,,,No,No,Olark Chat Conversation
1341,1530,4,Cold,0.0398886,0,0,Landing Page Submission,Google,No,No,8.0,367,2.67,SMS Sent,India,Finance Management,Unemployed,Better Career Prospects,No,No,No,No,No,No,No,No,Ringing,Might be,No,No,Other Cities of Maharashtra,02.Medium,01.High,14.0,17.0,No,No,Modified
1342,202,4,Cold,0.039270695,0,0,API,Olark Chat,No,No,0.0,0,0.0,Olark Chat Conversation,,,Unemployed,Better Career Prospects,No,No,No,No,No,No,No,No,Interested in other courses,,No,No,,02.Medium,02.Medium,15.0,15.0,No,No,Modified
1343,8401,4,Cold,0.04154234,0,0,API,Organic Search,No,No,3.0,130,3.0,Email Opened,India,,Unemployed,Better Career Prospects,No,No,No,No,No,No,No,No,,,No,No,,03.Low,02.Medium,12.0,15.0,No,No,Email Opened
1344,4967,4,Cold,0.039035153,0,0,API,Google,No,No,2.0,221,2.0,Olark Chat Conversation,India,Human Resource Management,Working Professional,Better Career Prospects,No,No,No,No,No,No,No,No,Interested in other courses,Not Sure,No,No,,,,,,No,No,Modified
1345,3138,4,Cold,0.0361182,0,0,API,Olark Chat,No,No,0.0,0,0.0,Olark Chat Conversation,,,,,No,No,No,No,No,No,No,No,,,No,No,,,,,,No,No,Modified
1346,3279,3,Cold,0.03266395,0,0,API,Google,No,No,2.0,117,2.0,Page Visited on Website,India,,,,No,No,No,No,No,No,No,No,,,No,No,,,,,,No,No,Modified
1347,6469,3,Cold,0.028341552,0,0,Landing Page Submission,Direct Traffic,No,No,2.0,199,2.0,Email Opened,India,Operations Management,Unemployed,Better Career Prospects,No,No,No,No,No,No,No,No,Ringing,Not Sure,No,No,Mumbai,,,,,No,Yes,Email Opened
1348,389,3,Cold,0.029069807,0,0,API,Google,No,No,7.0,277,3.5,Email Opened,India,,,,No,No,No,No,No,No,No,No,,,No,No,,02.Medium,02.Medium,13.0,15.0,No,No,Email Opened
1349,9114,3,Cold,0.03030298,0,0,API,Olark Chat,No,No,0.0,0,0.0,Email Opened,,,,,No,No,No,No,No,No,No,No,,,No,No,,01.High,02.Medium,17.0,15.0,No,No,Email Opened
1350,7972,3,Cold,0.030171597,0,0,Landing Page Submission,Direct Traffic,Yes,No,1.0,144,1.0,Email Bounced,India,IT Projects Management,,,No,No,No,No,No,No,No,No,,,No,No,Other Cities of Maharashtra,02.Medium,02.Medium,15.0,14.0,No,Yes,Modified
1351,526,3,Cold,0.031787146,0,0,Landing Page Submission,Google,No,No,3.0,1132,3.0,Unreachable,India,Marketing Management,Unemployed,Better Career Prospects,No,No,No,No,No,No,No,No,Ringing,Might be,No,No,Thane & Outskirts,02.Medium,01.High,13.0,17.0,No,No,Modified
1352,8167,3,Cold,0.03030298,0,0,API,Olark Chat,No,No,0.0,0,0.0,Email Opened,,,,,No,No,No,No,No,No,No,No,,,No,No,,01.High,02.Medium,17.0,15.0,No,No,Email Opened
1353,7007,3,Cold,0.026503604,0,0,API,Organic Search,No,No,3.0,105,1.0,Email Opened,,,Working Professional,Better Career Prospects,No,No,No,No,No,No,No,No,Already a student,Worst,No,No,,,,,,No,No,Email Opened
1354,4828,3,Cold,0.02914293,0,0,Landing Page Submission,Organic Search,No,No,3.0,1174,3.0,Converted to Lead,India,Supply Chain Management,Unemployed,Better Career Prospects,No,No,No,No,No,No,No,No,switched off,,No,No,Other Cities,,,,,No,Yes,Modified
1355,8136,3,Cold,0.02701249,0,0,API,Google,No,No,2.0,726,2.0,Email Opened,India,,Unemployed,Better Career Prospects,No,No,No,No,No,No,No,No,Ringing,,No,No,,02.Medium,02.Medium,13.0,15.0,No,No,Email Opened
1356,7446,3,Cold,0.034530517,0,0,API,Olark Chat,No,No,0.0,0,0.0,Olark Chat Conversation,,,,,No,No,No,No,No,No,No,No,,,No,No,,02.Medium,02.Medium,14.0,15.0,No,No,Modified
1357,8529,3,Cold,0.027452946,0,0,Landing Page Submission,Google,No,No,5.0,4,5.0,SMS Sent,India,Operations Management,Unemployed,Better Career Prospects,No,No,No,No,No,No,No,No,Ringing,Not Sure,No,No,Other Cities of Maharashtra,02.Medium,01.High,13.0,17.0,No,No,SMS Sent
1358,2200,3,Cold,0.03420956,0,0,API,Direct Traffic,No,No,5.0,129,2.5,Olark Chat Conversation,India,,Unemployed,Better Career Prospects,No,No,No,No,No,No,No,No,Interested in other courses,Might be,No,No,,02.Medium,02.Medium,15.0,15.0,No,No,Modified
1359,5310,3,Cold,0.027281735,0,0,Landing Page Submission,Direct Traffic,No,No,4.0,101,4.0,SMS Sent,Qatar,International Business,Unemployed,Better Career Prospects,No,No,No,No,No,No,No,No,Ringing,,No,No,Other Cities,,,,,No,Yes,SMS Sent
1360,2842,3,Cold,0.030356241,0,0,Landing Page Submission,Direct Traffic,No,No,6.0,52,2.0,Email Opened,India,International Business,Unemployed,Better Career Prospects,No,No,No,No,No,No,No,No,Ringing,Not Sure,No,No,Other Cities,,,,,No,Yes,Email Opened
1361,1684,3,Cold,0.030056642,0,0,Landing Page Submission,Google,No,No,5.0,240,5.0,Email Opened,India,"Banking, Investment And Insurance",Unemployed,Better Career Prospects,No,No,No,No,No,No,No,No,Ringing,Not Sure,No,No,Mumbai,02.Medium,01.High,14.0,18.0,No,No,Modified
1362,90,3,Cold,0.028529122,0,0,API,Organic Search,No,No,3.0,214,3.0,Page Visited on Website,India,,Unemployed,Better Career Prospects,No,No,No,No,No,No,No,No,Interested in other courses,,No,No,,02.Medium,02.Medium,15.0,15.0,No,No,Modified
1363,5404,3,Cold,0.027691472,0,0,Landing Page Submission,Direct Traffic,Yes,No,3.0,300,3.0,SMS Sent,India,Marketing Management,Unemployed,Better Career Prospects,No,No,No,No,No,No,No,No,Ringing,,No,No,Thane & Outskirts,,,,,No,Yes,SMS Sent
1364,6569,3,Cold,0.028712118,0,0,Landing Page Submission,Direct Traffic,No,No,2.0,40,2.0,SMS Sent,United Arab Emirates,"Banking, Investment And Insurance",Unemployed,Better Career Prospects,No,No,No,No,No,No,No,No,switched off,Not Sure,No,No,Mumbai,,,,,No,No,SMS Sent
1365,182,3,Cold,0.028480474,0,0,API,Referral Sites,No,No,4.0,904,4.0,Olark Chat Conversation,,,Unemployed,Better Career Prospects,No,No,No,No,No,No,No,No,Already a student,,No,No,,01.High,02.Medium,17.0,13.0,No,No,Modified
1366,7638,3,Cold,0.028213104,0,0,Landing Page Submission,Direct Traffic,No,No,5.0,355,5.0,SMS Sent,India,Media and Advertising,,,No,No,No,No,No,No,No,No,,,No,No,Mumbai,02.Medium,01.High,13.0,17.0,No,Yes,Modified
1367,5834,3,Cold,0.03242608,0,0,API,Google,No,No,2.0,287,2.0,Converted to Lead,India,,,,No,No,No,No,No,No,No,No,,,No,No,,,,,,No,No,Modified
1368,5121,3,Cold,0.034604985,0,0,Landing Page Submission,Direct Traffic,No,No,5.0,38,2.5,Email Opened,India,Retail Management,Unemployed,Better Career Prospects,No,No,No,No,No,No,No,No,in touch with EINS,Not Sure,No,No,Mumbai,,,,,No,Yes,Email Opened
1369,1384,3,Cold,0.02935345,0,0,Landing Page Submission,Google,No,No,5.0,286,5.0,Email Opened,India,Human Resource Management,,,No,No,No,No,No,No,No,No,,,No,No,Thane & Outskirts,02.Medium,01.High,13.0,17.0,No,No,Email Opened
1370,1295,3,Cold,0.03055903,0,0,API,Google,No,No,4.0,113,4.0,Email Link Clicked,India,,Unemployed,Better Career Prospects,No,No,No,No,No,No,No,No,,,No,No,,03.Low,02.Medium,11.0,15.0,No,No,Email Link Clicked
1371,6599,3,Cold,0.034569424,0,0,Landing Page Submission,Organic Search,No,No,10.0,7,3.33,Email Opened,India,Hospitality Management,Unemployed,Better Career Prospects,No,No,No,No,No,No,No,No,Ringing,Not Sure,No,No,Thane & Outskirts,,,,,No,Yes,Email Opened
1372,5626,3,Cold,0.027446667,0,0,Landing Page Submission,Google,No,No,3.0,264,3.0,SMS Sent,India,Marketing Management,Unemployed,Better Career Prospects,No,No,No,No,No,No,No,No,switched off,,No,No,Mumbai,,,,,No,No,SMS Sent
1373,4529,3,Cold,0.030092515,0,0,Landing Page Submission,Direct Traffic,No,No,4.0,419,1.33,Email Opened,India,Marketing Management,Unemployed,Better Career Prospects,No,No,No,No,No,No,No,No,invalid number,,No,No,Mumbai,,,,,No,Yes,Email Opened
1374,5989,3,Cold,0.025699204,0,0,Landing Page Submission,Organic Search,Yes,No,8.0,139,8.0,SMS Sent,India,Marketing Management,Unemployed,Better Career Prospects,No,No,No,No,No,No,No,No,switched off,Not Sure,No,No,Mumbai,,,,,No,Yes,SMS Sent
1375,7955,3,Cold,0.034530517,0,0,API,Olark Chat,No,No,0.0,0,0.0,Olark Chat Conversation,,,,,No,No,No,No,No,No,No,No,,,No,No,,02.Medium,02.Medium,14.0,15.0,No,No,Modified
1376,733,3,Cold,0.025287399,0,0,API,Referral Sites,No,No,7.0,103,3.5,Page Visited on Website,India,,,,No,No,No,No,No,No,No,No,Interested in other courses,,No,No,,02.Medium,02.Medium,15.0,13.0,No,No,Modified
1377,5580,3,Cold,0.027833872,0,0,Landing Page Submission,Organic Search,Yes,No,4.0,252,4.0,Email Bounced,India,Finance Management,,,No,No,No,No,No,No,No,No,,,No,No,Other Cities,,,,,No,Yes,Modified
1378,1610,3,Cold,0.03191606,0,0,Landing Page Submission,Google,No,No,4.0,416,4.0,SMS Sent,India,Media and Advertising,Unemployed,Better Career Prospects,No,No,No,No,No,No,No,No,Interested in other courses,,No,No,Mumbai,02.Medium,01.High,14.0,17.0,No,No,Modified
1379,1441,3,Cold,0.03324068,0,0,API,Google,No,No,6.0,529,3.0,Email Opened,India,"Banking, Investment And Insurance",Unemployed,Better Career Prospects,No,No,No,No,No,No,No,No,Ringing,,No,No,Thane & Outskirts,02.Medium,02.Medium,14.0,15.0,No,No,Email Opened
1380,5257,3,Cold,0.031093823,0,0,API,Olark Chat,No,No,0.0,0,0.0,Email Opened,,,Unemployed,Better Career Prospects,No,No,No,No,No,No,No,No,Ringing,,No,No,,,,,,No,No,Email Opened
1381,993,3,Cold,0.034543045,0,0,API,Organic Search,No,No,5.0,388,5.0,Email Opened,India,Marketing Management,Unemployed,Better Career Prospects,No,No,No,No,No,No,No,No,opp hangup,Not Sure,No,No,,02.Medium,02.Medium,14.0,14.0,No,No,Email Opened
1382,6864,3,Cold,0.028982831,0,0,API,Olark Chat,No,No,0.0,0,0.0,Email Opened,,Healthcare Management,Unemployed,Better Career Prospects,No,No,No,No,No,No,No,No,Diploma holder (Not Eligible),Worst,No,No,,,,,,No,No,Email Opened
1383,5596,3,Cold,0.029129483,0,0,Landing Page Submission,Direct Traffic,No,No,2.0,295,2.0,Email Link Clicked,Tanzania,Operations Management,Unemployed,Better Career Prospects,No,No,No,No,No,No,No,No,Ringing,Not Sure,No,No,Other Metro Cities,,,,,No,Yes,Email Link Clicked
1384,7922,3,Cold,0.028263584,0,0,API,Olark Chat,Yes,No,0.0,0,0.0,Email Bounced,,,,,No,No,No,No,No,No,No,No,,,No,No,,01.High,02.Medium,17.0,15.0,No,No,Email Bounced
1385,1633,3,Cold,0.030061278,0,0,Lead Import,Facebook,No,No,0.0,0,0.0,SMS Sent,,Hospitality Management,Unemployed,Better Career Prospects,No,No,No,No,No,No,No,No,switched off,,No,No,Other Cities of Maharashtra,02.Medium,03.Low,14.0,11.0,No,No,Modified
1386,3453,3,Cold,0.031620342,0,0,Landing Page Submission,Google,No,No,3.0,407,3.0,Email Opened,India,Operations Management,Unemployed,Better Career Prospects,No,No,No,No,No,No,No,No,Interested in other courses,Might be,No,No,Mumbai,,,,,No,No,Email Opened
1387,5590,3,Cold,0.031481236,0,0,API,Organic Search,No,No,3.0,871,3.0,Email Opened,India,Finance Management,Unemployed,Better Career Prospects,No,No,No,No,No,No,No,No,Interested  in full time MBA,Worst,No,No,Mumbai,,,,,No,No,Email Opened
1388,8548,3,Cold,0.03178899,0,0,API,Organic Search,No,No,6.0,1,6.0,SMS Sent,India,,Unemployed,Better Career Prospects,No,No,No,No,No,No,No,No,Ringing,Might be,No,No,,02.Medium,02.Medium,14.0,15.0,No,No,SMS Sent
1389,8584,3,Cold,0.033486918,0,0,Landing Page Submission,Organic Search,No,No,6.0,68,6.0,Email Opened,India,Finance Management,Unemployed,Better Career Prospects,No,No,No,No,No,No,No,No,Interested in other courses,Not Sure,No,No,Other Cities of Maharashtra,02.Medium,01.High,14.0,17.0,No,Yes,Email Opened
1390,7571,3,Cold,0.026453275,0,0,Landing Page Submission,Google,No,No,3.0,139,3.0,Olark Chat Conversation,India,Marketing Management,,,No,No,No,No,No,No,No,No,,,No,No,Mumbai,01.High,01.High,17.0,18.0,No,No,Modified
1391,4354,3,Cold,0.030376405,0,0,Landing Page Submission,Direct Traffic,No,No,1.0,301,1.0,Converted to Lead,India,Finance Management,,,No,No,No,No,No,No,No,No,,,No,No,Mumbai,,,,,No,Yes,Modified
1392,7527,3,Cold,0.026649168,0,0,API,Olark Chat,Yes,No,0.0,0,0.0,Olark Chat Conversation,,,,,No,No,No,No,No,No,No,No,,,No,No,,02.Medium,02.Medium,14.0,15.0,No,No,Olark Chat Conversation
1393,8305,3,Cold,0.03030298,0,0,API,Olark Chat,No,No,0.0,0,0.0,Email Opened,,,,,No,No,No,No,No,No,No,No,,,No,No,,01.High,02.Medium,17.0,15.0,No,No,Email Opened
1394,1685,3,Cold,0.03271179,0,0,API,Olark Chat,No,No,0.0,0,0.0,Email Opened,,,Unemployed,Better Career Prospects,No,No,No,No,No,No,No,No,Ringing,Not Sure,No,No,,02.Medium,02.Medium,14.0,15.0,No,No,Email Opened
1395,2582,3,Cold,0.029770546,0,0,API,Google,No,No,2.0,889,2.0,Email Opened,India,,,,No,No,No,No,No,No,No,No,Interested in other courses,,No,No,,02.Medium,02.Medium,13.0,15.0,No,No,Modified
1396,7861,3,Cold,0.026548844,0,0,Landing Page Submission,Direct Traffic,No,No,4.0,138,4.0,SMS Sent,India,Finance Management,Unemployed,Better Career Prospects,No,No,No,No,No,No,No,No,Ringing,Might be,No,No,Mumbai,02.Medium,01.High,14.0,18.0,No,Yes,SMS Sent
1397,9131,3,Cold,0.027563866,0,0,API,Google,No,No,2.0,539,2.0,Olark Chat Conversation,India,,Unemployed,Better Career Prospects,No,No,No,No,No,No,No,No,Ringing,Not Sure,No,No,,02.Medium,02.Medium,14.0,16.0,No,No,Modified
1398,7533,3,Cold,0.026987197,0,0,API,Organic Search,Yes,No,2.0,261,2.0,Email Bounced,India,,,,No,No,No,No,No,No,No,No,,,No,No,,02.Medium,02.Medium,14.0,15.0,No,No,Modified
1399,7147,3,Cold,0.029848978,0,0,API,Organic Search,No,No,5.0,168,2.5,Email Opened,United Arab Emirates,,Unemployed,Better Career Prospects,No,No,No,No,No,No,No,No,Ringing,,No,No,,,,,,No,No,Email Opened
1400,7868,3,Cold,0.026114717,0,0,Landing Page Submission,Google,No,No,5.0,24,5.0,Email Opened,India,Marketing Management,Unemployed,Better Career Prospects,No,No,No,No,No,No,No,No,Ringing,Not Sure,No,No,Mumbai,02.Medium,01.High,14.0,18.0,No,No,Email Opened
1401,4351,3,Cold,0.030202791,0,0,API,Olark Chat,No,No,0.0,0,0.0,Email Opened,,,Unemployed,Better Career Prospects,No,No,No,No,No,No,No,No,Already a student,,No,No,,,,,,No,No,Email Opened
1402,6905,3,Cold,0.026072495,0,0,Landing Page Submission,Direct Traffic,No,No,2.0,32,2.0,Email Opened,Saudi Arabia,Business Administration,Unemployed,Better Career Prospects,No,No,No,No,No,No,No,No,wrong number given,,No,No,Other Cities,,,,,No,Yes,Email Opened
1403,1426,3,Cold,0.034530517,0,0,API,Olark Chat,No,No,0.0,0,0.0,Olark Chat Conversation,,,,,No,No,No,No,No,No,No,No,,,No,No,,02.Medium,02.Medium,14.0,15.0,No,No,Modified
1404,6820,3,Cold,0.025988614,0,0,Landing Page Submission,Google,No,No,4.0,434,4.0,Email Opened,India,Finance Management,Unemployed,Better Career Prospects,No,No,No,No,No,No,No,No,Ringing,,No,No,Mumbai,,,,,No,No,Email Opened
1405,6397,3,Cold,0.025896832,0,0,API,Google,No,No,2.0,24,2.0,Email Link Clicked,India,,Unemployed,Better Career Prospects,No,No,No,No,No,No,No,No,Ringing,Not Sure,No,No,,,,,,No,No,Email Link Clicked
1406,5663,3,Cold,0.02613635,0,0,Landing Page Submission,Google,No,No,5.0,498,5.0,Email Opened,India,"Banking, Investment And Insurance",Unemployed,Better Career Prospects,No,No,No,No,No,No,No,No,Ringing,,No,No,Mumbai,,,,,No,No,Email Opened
1407,759,3,Cold,0.034981053,0,0,API,Referral Sites,No,No,4.0,1203,2.0,Email Opened,India,,Unemployed,Better Career Prospects,No,No,No,No,No,No,No,No,Interested in other courses,Might be,No,No,,02.Medium,02.Medium,13.0,13.0,No,No,Modified
1408,7616,3,Cold,0.03030298,0,0,API,Olark Chat,No,No,0.0,0,0.0,Email Opened,,,,,No,No,No,No,No,No,No,No,,,No,No,,01.High,02.Medium,17.0,15.0,No,No,Email Opened
1409,8559,3,Cold,0.025020977,0,0,Landing Page Submission,Organic Search,No,No,3.0,521,3.0,Converted to Lead,India,Travel and Tourism,,,No,No,No,No,No,No,No,No,,,No,No,Mumbai,03.Low,02.Medium,11.0,16.0,No,Yes,Modified
1410,8446,3,Cold,0.02891725,0,0,Landing Page Submission,Organic Search,Yes,No,17.0,96,5.67,SMS Sent,Saudi Arabia,Retail Management,Unemployed,Better Career Prospects,No,No,No,No,No,No,No,No,Ringing,Might be,No,No,Other Cities,02.Medium,02.Medium,15.0,16.0,No,Yes,SMS Sent
1411,8784,3,Cold,0.03030298,0,0,API,Olark Chat,No,No,0.0,0,0.0,Email Opened,,,,,No,No,No,No,No,No,No,No,,,No,No,,01.High,02.Medium,17.0,15.0,No,No,Email Opened
1412,8828,3,Cold,0.033736568,0,0,Landing Page Submission,Direct Traffic,No,No,2.0,783,2.0,Email Opened,India,Business Administration,Unemployed,Better Career Prospects,No,No,No,No,No,No,No,No,Interested in other courses,Worst,No,No,Thane & Outskirts,02.Medium,01.High,14.0,19.0,No,Yes,Email Opened
1413,3334,3,Cold,0.02939629,0,0,API,Google,Yes,No,2.0,27,1.0,Email Bounced,India,,,,No,No,No,No,No,No,No,No,,,No,No,,,,,,No,No,Modified
1414,8965,3,Cold,0.02634361,0,0,API,Olark Chat,No,No,2.0,189,1.0,Email Opened,,,,,No,No,No,No,No,No,No,No,,,No,No,,01.High,02.Medium,17.0,15.0,No,No,Email Opened
1415,2821,3,Cold,0.030843947,0,0,Landing Page Submission,Direct Traffic,No,No,6.0,94,2.0,Email Opened,India,Finance Management,Unemployed,Better Career Prospects,Yes,No,No,No,No,No,Yes,No,Ringing,Not Sure,No,No,Other Metro Cities,,,,,No,Yes,Email Opened
1416,3752,3,Cold,0.031126194,0,0,Landing Page Submission,Google,No,No,5.0,239,5.0,Email Opened,India,Operations Management,Unemployed,Better Career Prospects,No,No,No,No,No,No,No,No,Ringing,Might be,No,No,Other Cities of Maharashtra,,,,,No,No,Email Opened
1417,8844,3,Cold,0.028166074,0,1,Landing Page Submission,Direct Traffic,Yes,No,1.0,869,1.0,Email Bounced,India,Marketing Management,Unemployed,Better Career Prospects,No,No,No,No,No,No,No,No,switched off,,No,No,Mumbai,02.Medium,01.High,14.0,20.0,No,Yes,Modified
1418,3902,3,Cold,0.025985053,0,0,Landing Page Submission,Direct Traffic,No,No,4.0,234,4.0,Email Link Clicked,India,Finance Management,Unemployed,Better Career Prospects,No,No,No,No,No,No,No,No,Ringing,Not Sure,No,No,Thane & Outskirts,,,,,No,Yes,Email Link Clicked
1419,6444,3,Cold,0.034215808,0,0,API,Olark Chat,No,No,6.0,168,1.2,Page Visited on Website,,,Unemployed,Better Career Prospects,No,No,No,No,No,No,No,No,Interested in other courses,Low in Relevance,No,No,,,,,,No,No,Page Visited on Website
1420,473,3,Cold,0.03468572,0,0,Landing Page Submission,Organic Search,No,No,5.0,255,2.5,SMS Sent,India,Human Resource Management,,,No,No,No,No,No,No,No,No,,,No,No,Mumbai,02.Medium,01.High,13.0,18.0,No,Yes,Modified
1421,6857,3,Cold,0.027111335,0,0,Landing Page Submission,Google,No,No,2.0,543,2.0,Email Opened,India,Media and Advertising,Unemployed,Better Career Prospects,No,No,No,No,No,No,No,No,Ringing,,No,No,Mumbai,,,,,No,No,Email Opened
1422,7896,3,Cold,0.029655544,0,0,Landing Page Submission,Direct Traffic,No,No,2.0,1198,2.0,Page Visited on Website,India,Human Resource Management,Unemployed,Better Career Prospects,No,No,No,No,No,No,No,No,Ringing,Might be,No,No,Other Cities of Maharashtra,02.Medium,01.High,14.0,17.0,No,Yes,Modified
1423,7590,3,Cold,0.02775279,0,0,Landing Page Submission,Organic Search,No,No,11.0,282,11.0,Olark Chat Conversation,India,Travel and Tourism,Unemployed,Better Career Prospects,No,No,No,No,No,No,No,No,Not doing further education,Worst,No,No,Tier II Cities,01.High,02.Medium,17.0,15.0,No,No,Modified
1424,1789,3,Cold,0.030733306,0,0,API,Google,No,No,3.0,121,3.0,Email Opened,India,,,,No,No,No,No,No,No,No,No,,,No,No,,02.Medium,02.Medium,13.0,15.0,No,No,Email Opened
1425,970,3,Cold,0.033882257,0,0,Landing Page Submission,Direct Traffic,No,No,2.0,590,2.0,Email Opened,India,Operations Management,Unemployed,Better Career Prospects,No,No,No,No,No,No,No,No,Diploma holder (Not Eligible),,No,No,Other Metro Cities,03.Low,02.Medium,10.0,16.0,No,Yes,Email Opened
1426,5070,2,Cold,0.02269844,0,0,Landing Page Submission,Direct Traffic,No,No,2.0,288,2.0,SMS Sent,India,Marketing Management,Unemployed,Better Career Prospects,No,No,No,No,No,No,No,No,switched off,Might be,No,No,Mumbai,,,,,No,Yes,SMS Sent
1427,8151,2,Cold,0.015048466,0,0,Landing Page Submission,Direct Traffic,No,No,2.0,24,2.0,SMS Sent,India,Finance Management,Unemployed,Better Career Prospects,No,No,No,No,No,No,No,No,switched off,,No,No,Mumbai,02.Medium,01.High,14.0,18.0,No,Yes,SMS Sent
1428,5294,2,Cold,0.021732073,0,0,Landing Page Submission,Google,No,No,4.0,107,4.0,SMS Sent,India,Media and Advertising,Unemployed,Better Career Prospects,No,No,No,No,No,No,No,No,switched off,Not Sure,No,No,Mumbai,,,,,No,No,SMS Sent
1429,4563,2,Cold,0.015606962,0,0,Landing Page Submission,Google,No,No,8.0,68,8.0,Email Opened,India,Human Resource Management,Unemployed,Better Career Prospects,No,No,No,No,No,No,No,No,Ringing,,No,No,Other Cities,,,,,No,No,Email Opened
1430,8498,2,Cold,0.022120688,0,0,Landing Page Submission,Direct Traffic,Yes,No,3.0,178,3.0,Email Bounced,India,Supply Chain Management,,,No,No,No,No,No,No,No,No,,,No,No,Thane & Outskirts,02.Medium,01.High,14.0,17.0,No,Yes,Modified
1431,8283,2,Cold,0.019351166,0,0,API,Olark Chat,No,No,0.0,0,0.0,Olark Chat Conversation,,,Unemployed,Better Career Prospects,No,No,No,No,No,No,No,No,,,No,No,,03.Low,02.Medium,12.0,15.0,No,No,Modified
1432,1782,2,Cold,0.017306445,0,0,API,Olark Chat,No,No,0.0,0,0.0,Email Opened,,,Unemployed,Better Career Prospects,No,No,No,No,No,No,No,No,in touch with EINS,,No,No,,03.Low,02.Medium,11.0,15.0,No,No,Email Opened
1433,4558,2,Cold,0.015252324,0,0,Landing Page Submission,Google,No,No,3.0,35,3.0,Email Opened,India,Marketing Management,Unemployed,Better Career Prospects,No,No,No,No,No,No,No,No,Ringing,,No,No,Mumbai,,,,,No,Yes,Email Opened
1434,5261,2,Cold,0.02084381,0,0,Landing Page Submission,Direct Traffic,No,No,10.0,360,2.5,Email Opened,India,Finance Management,Unemployed,Better Career Prospects,No,No,No,No,No,No,No,No,Ringing,,No,No,Other Metro Cities,,,,,No,Yes,Email Opened
1435,6656,2,Cold,0.021725893,0,0,Landing Page Submission,Google,No,No,4.0,27,4.0,SMS Sent,India,Finance Management,Unemployed,Better Career Prospects,No,No,No,No,No,No,No,No,Ringing,,No,No,Mumbai,,,,,No,No,SMS Sent
1436,3653,2,Cold,0.015534106,0,0,Landing Page Submission,Google,No,No,4.0,345,4.0,Form Submitted on Website,India,IT Projects Management,,,No,No,No,No,No,No,No,No,,,No,No,Thane & Outskirts,02.Medium,02.Medium,13.0,14.0,No,No,Modified
1437,7757,2,Cold,0.017168177,0,0,Landing Page Submission,Direct Traffic,No,No,7.0,28,2.33,Email Link Clicked,India,Operations Management,Unemployed,Better Career Prospects,No,No,No,No,No,No,No,No,Already a student,,No,No,Mumbai,01.High,01.High,16.0,18.0,No,Yes,Email Link Clicked
1438,7294,2,Cold,0.018005587,0,0,Landing Page Submission,Direct Traffic,No,No,1.0,24,1.0,Converted to Lead,India,Supply Chain Management,Unemployed,Better Career Prospects,No,No,No,No,No,No,No,No,Already a student,,No,No,Mumbai,01.High,01.High,16.0,18.0,No,Yes,Modified
1439,8454,2,Cold,0.021031447,0,0,Landing Page Submission,Direct Traffic,No,No,5.0,392,5.0,Email Opened,India,E-Business,Unemployed,Better Career Prospects,No,No,No,No,No,No,No,No,Ringing,,No,No,Mumbai,02.Medium,01.High,14.0,18.0,No,Yes,Email Opened
1440,6218,2,Cold,0.018934062,0,0,Landing Page Submission,Direct Traffic,No,No,2.0,144,2.0,Email Opened,India,Operations Management,Unemployed,Better Career Prospects,No,No,No,No,No,No,No,No,Ringing,,No,No,Mumbai,,,,,No,No,Email Opened
1441,2864,2,Cold,0.023757385,0,0,Landing Page Submission,Direct Traffic,No,No,2.0,403,2.0,Email Opened,India,,Working Professional,Better Career Prospects,No,No,No,No,No,No,No,No,Already a student,Worst,No,No,Mumbai,,,,,No,No,Email Opened
1442,5861,2,Cold,0.015416212,0,0,Landing Page Submission,Direct Traffic,No,No,3.0,62,3.0,Email Opened,India,Healthcare Management,Unemployed,Better Career Prospects,No,No,No,No,No,No,No,No,Ringing,,No,No,Other Metro Cities,,,,,No,Yes,Email Opened
1443,4077,2,Cold,0.018304143,0,0,Landing Page Submission,Direct Traffic,No,No,2.0,323,2.0,Email Opened,India,Human Resource Management,Unemployed,Better Career Prospects,No,No,No,No,No,No,No,No,Ringing,,No,No,Mumbai,,,,,No,Yes,Email Opened
1444,968,2,Cold,0.021146145,0,0,Landing Page Submission,Pay per Click Ads,No,No,3.0,125,3.0,Email Opened,India,Operations Management,Unemployed,Better Career Prospects,No,No,No,No,No,No,No,No,Ringing,,No,No,Thane & Outskirts,02.Medium,01.High,14.0,17.0,No,No,Email Opened
1445,1438,2,Cold,0.021448452,0,0,Landing Page Submission,Organic Search,No,No,8.0,419,8.0,Email Link Clicked,India,Marketing Management,Unemployed,Better Career Prospects,No,No,No,No,No,No,No,No,number not provided,Low in Relevance,No,No,Mumbai,02.Medium,01.High,13.0,18.0,No,Yes,Email Link Clicked
1446,8534,2,Cold,0.024718689,0,1,Landing Page Submission,Organic Search,No,No,3.0,125,3.0,Email Opened,India,Finance Management,,,No,No,No,No,No,No,No,No,,,No,No,Mumbai,02.Medium,01.High,13.0,18.0,No,Yes,Modified
1447,7097,2,Cold,0.023386149,0,0,Landing Page Submission,Direct Traffic,No,No,2.0,465,2.0,Email Opened,India,Human Resource Management,Unemployed,Better Career Prospects,No,No,No,No,No,No,No,No,Ringing,,No,No,Other Metro Cities,,,,,No,Yes,Email Opened
1448,5368,2,Cold,0.024011262,0,0,Landing Page Submission,Direct Traffic,No,No,6.0,184,6.0,SMS Sent,India,Human Resource Management,Unemployed,Better Career Prospects,No,No,No,No,No,No,No,No,Ringing,Might be,No,No,Mumbai,,,,,No,Yes,SMS Sent
1449,4951,2,Cold,0.02121557,0,0,API,Google,No,No,3.0,937,1.5,Email Opened,India,Marketing Management,Unemployed,Better Career Prospects,No,No,No,No,No,No,No,No,Already a student,Worst,No,No,,,,,,No,No,Email Opened
1450,339,2,Cold,0.020628182,0,0,API,Google,No,No,3.0,199,1.5,Email Opened,India,"Banking, Investment And Insurance",Unemployed,Better Career Prospects,No,No,No,No,No,No,No,No,Diploma holder (Not Eligible),Low in Relevance,No,No,Thane & Outskirts,03.Low,01.High,10.0,17.0,No,No,Modified
1451,9151,2,Cold,0.016371028,0,0,Landing Page Submission,Google,No,No,7.0,133,7.0,SMS Sent,India,Marketing Management,Unemployed,Better Career Prospects,No,No,No,No,No,No,No,No,Ringing,Not Sure,No,No,Mumbai,02.Medium,01.High,13.0,20.0,No,No,SMS Sent
1452,8285,2,Cold,0.018205909,0,0,Landing Page Submission,Google,No,No,9.0,78,9.0,SMS Sent,India,Supply Chain Management,Unemployed,Better Career Prospects,No,No,No,No,No,No,No,No,Already a student,Worst,No,No,Mumbai,01.High,01.High,16.0,18.0,No,Yes,Modified
1453,2429,2,Cold,0.02330501,0,0,Landing Page Submission,Google,No,No,5.0,261,5.0,SMS Sent,India,,Unemployed,Better Career Prospects,No,No,No,No,No,No,No,No,Not doing further education,,No,No,Other Cities,02.Medium,02.Medium,14.0,13.0,No,No,Modified
1454,4376,2,Cold,0.015511123,0,0,API,Organic Search,No,No,2.0,579,1.0,Email Opened,India,,Student,Better Career Prospects,No,No,No,No,No,No,No,No,Already a student,Worst,No,No,,,,,,No,No,Email Opened
1455,2388,2,Cold,0.01645249,0,0,Landing Page Submission,Direct Traffic,No,No,2.0,158,2.0,Email Opened,India,Rural and Agribusiness,,,No,No,No,No,No,No,No,No,,,No,No,Other Cities,02.Medium,02.Medium,13.0,13.0,No,Yes,Modified
1456,5608,2,Cold,0.020133669,0,0,Landing Page Submission,Referral Sites,Yes,No,115.0,187,8.21,Page Visited on Website,India,Rural and Agribusiness,Unemployed,,No,No,No,No,No,No,No,No,,,No,No,Mumbai,,,,,No,No,Page Visited on Website
1457,6510,2,Cold,0.017911045,0,0,Landing Page Submission,Direct Traffic,No,No,4.0,213,4.0,SMS Sent,India,Business Administration,Unemployed,Better Career Prospects,No,No,No,No,No,No,No,No,switched off,Might be,No,No,Thane & Outskirts,,,,,No,Yes,SMS Sent
1458,5533,2,Cold,0.020466512,0,0,Landing Page Submission,Direct Traffic,Yes,No,6.0,134,6.0,Page Visited on Website,,Operations Management,,,No,No,No,No,No,No,No,No,,,No,No,Tier II Cities,,,,,No,No,Modified
1459,6841,2,Cold,0.018867414,0,0,Landing Page Submission,Direct Traffic,No,No,2.0,412,2.0,Email Opened,India,Finance Management,Unemployed,Better Career Prospects,No,No,No,No,No,No,No,No,Ringing,,No,No,Mumbai,,,,,No,No,Email Opened
1460,2187,2,Cold,0.023767838,0,0,Landing Page Submission,Direct Traffic,No,No,2.0,133,2.0,SMS Sent,India,Finance Management,Unemployed,Better Career Prospects,No,No,No,No,No,No,No,No,Already a student,Worst,No,No,Mumbai,02.Medium,01.High,15.0,18.0,No,Yes,Modified
1461,3109,2,Cold,0.020920109,0,0,Landing Page Submission,Direct Traffic,No,No,5.0,2,2.5,Form Submitted on Website,India,Human Resource Management,Unemployed,Better Career Prospects,No,No,No,No,No,No,No,No,Ringing,Not Sure,No,No,Mumbai,02.Medium,01.High,13.0,20.0,No,Yes,Modified
1462,6224,2,Cold,0.021830026,0,0,Landing Page Submission,Direct Traffic,No,No,2.0,213,2.0,Email Opened,India,Operations Management,Unemployed,Better Career Prospects,No,No,No,No,No,No,No,No,Ringing,,No,No,Other Cities,,,,,No,No,Email Opened
1463,2776,2,Cold,0.019876096,0,0,API,Google,No,No,2.0,70,1.0,SMS Sent,India,,Unemployed,Better Career Prospects,No,No,No,No,No,No,No,No,Interested  in full time MBA,,No,No,,02.Medium,02.Medium,14.0,15.0,No,No,Modified
1464,8506,2,Cold,0.019103188,0,0,Landing Page Submission,Direct Traffic,No,No,2.0,70,2.0,SMS Sent,India,Media and Advertising,Unemployed,Better Career Prospects,No,No,No,No,No,No,No,No,Ringing,Not Sure,No,No,Other Metro Cities,03.Low,02.Medium,12.0,15.0,No,Yes,SMS Sent
1465,2885,2,Cold,0.01643623,0,0,Landing Page Submission,Direct Traffic,Yes,No,1.0,1185,1.0,Email Bounced,India,Human Resource Management,Unemployed,Better Career Prospects,No,No,No,No,No,No,No,No,Ringing,Not Sure,No,No,Other Metro Cities,,,,,No,Yes,Modified
1466,1830,2,Cold,0.019286036,0,0,API,Olark Chat,No,No,3.0,226,1.5,Email Opened,India,Human Resource Management,Unemployed,Better Career Prospects,No,No,No,No,No,No,No,No,Ringing,,No,No,Mumbai,02.Medium,02.Medium,14.0,16.0,No,Yes,Email Opened
1467,4110,2,Cold,0.016183417,0,0,API,Olark Chat,No,No,0.0,0,0.0,Email Opened,,,Unemployed,Better Career Prospects,No,No,No,No,No,No,No,No,Interested in other courses,,No,No,,,,,,No,No,Modified
1468,6669,2,Cold,0.01734798,0,0,Landing Page Submission,Organic Search,Yes,No,7.0,24,7.0,Email Bounced,India,IT Projects Management,,,No,No,No,No,No,No,No,No,,,No,No,Mumbai,,,,,No,Yes,Modified
1469,6971,2,Cold,0.016113637,0,0,Landing Page Submission,Direct Traffic,Yes,No,1.0,468,1.0,Email Bounced,Liberia,IT Projects Management,,,No,No,No,No,No,No,No,No,,,No,No,Other Metro Cities,,,,,No,No,Modified
1470,2595,2,Cold,0.021913921,0,0,Landing Page Submission,Organic Search,No,No,4.0,246,4.0,Email Opened,India,Finance Management,Unemployed,Better Career Prospects,No,No,No,No,No,No,No,No,Ringing,Not Sure,No,No,Other Metro Cities,02.Medium,02.Medium,14.0,16.0,No,Yes,Modified
1471,5566,2,Cold,0.01694543,0,0,API,Organic Search,No,No,2.0,271,2.0,Email Opened,India,,Unemployed,Better Career Prospects,No,No,No,No,No,No,No,No,Ringing,,No,No,,,,,,No,No,Email Opened
1472,7257,2,Cold,0.022530055,0,0,Landing Page Submission,Direct Traffic,No,No,3.0,1613,3.0,Email Opened,India,Business Administration,Unemployed,Better Career Prospects,No,No,No,No,No,No,No,No,Already a student,Worst,No,No,Mumbai,,,,,No,Yes,Email Opened
1473,4510,2,Cold,0.024667311,0,0,Landing Page Submission,Direct Traffic,No,No,7.0,250,1.4,Email Link Clicked,India,Healthcare Management,Unemployed,Better Career Prospects,No,No,No,No,No,No,No,No,switched off,,No,No,Other Cities,,,,,No,No,Email Link Clicked
1474,716,2,Cold,0.017143711,0,0,Landing Page Submission,Google,No,No,2.0,169,2.0,Email Opened,India,Finance Management,,,No,No,No,No,No,No,No,No,,,No,No,Thane & Outskirts,02.Medium,01.High,13.0,17.0,No,No,Modified
1475,5511,2,Cold,0.016652877,0,0,Landing Page Submission,Direct Traffic,Yes,No,2.0,289,2.0,Email Bounced,India,Marketing Management,,,No,No,No,No,No,No,No,No,,,No,No,Mumbai,,,,,No,No,Modified
1476,8913,2,Cold,0.023236869,0,0,API,Olark Chat,No,No,0.0,0,0.0,Email Link Clicked,,,Unemployed,Better Career Prospects,No,No,No,No,No,No,No,No,Interested in other courses,,No,No,,02.Medium,02.Medium,15.0,16.0,No,No,Email Link Clicked
1477,5023,2,Cold,0.024117446,0,0,Landing Page Submission,Google,Yes,No,4.0,291,4.0,Email Bounced,India,Marketing Management,,,No,No,No,No,No,No,No,No,,,No,No,Mumbai,,,,,No,No,Modified
1478,7481,2,Cold,0.02351456,0,0,API,Olark Chat,No,No,0.0,0,0.0,Email Link Clicked,,,,,No,No,No,No,No,No,No,No,,,No,No,,01.High,02.Medium,17.0,15.0,No,No,Email Link Clicked
1479,5982,2,Cold,0.018681929,0,0,Landing Page Submission,Google,No,No,1.0,183,1.0,Converted to Lead,India,Retail Management,Unemployed,Better Career Prospects,No,No,No,No,No,No,No,No,Interested in other courses,Not Sure,No,No,Mumbai,,,,,No,No,Modified
1480,6307,2,Cold,0.015908727,0,0,Landing Page Submission,Google,No,No,5.0,153,2.5,Page Visited on Website,India,Media and Advertising,Unemployed,Better Career Prospects,No,No,No,No,No,No,No,No,Interested in other courses,,No,No,Mumbai,,,,,No,Yes,Page Visited on Website
1481,8377,2,Cold,0.020627987,0,0,API,Google,Yes,No,4.0,65,4.0,Unsubscribed,India,Operations Management,Unemployed,Better Career Prospects,No,No,No,No,No,No,No,No,Ringing,,No,No,Mumbai,02.Medium,02.Medium,14.0,16.0,No,No,Unsubscribed
1482,1218,2,Cold,0.024432404,0,0,Landing Page Submission,bing,No,No,3.0,138,3.0,Email Opened,India,Operations Management,Unemployed,Better Career Prospects,No,No,No,No,No,No,No,No,Already a student,,No,No,Mumbai,02.Medium,01.High,15.0,18.0,No,Yes,Email Opened
1483,2051,2,Cold,0.016837051,0,0,Landing Page Submission,Direct Traffic,No,No,4.0,166,4.0,Email Opened,India,,Unemployed,Better Career Prospects,No,No,No,No,No,No,No,No,Will revert after reading the email,Might be,No,No,Mumbai,03.Low,01.High,10.0,18.0,No,No,Modified
1484,4071,2,Cold,0.023720024,0,0,Landing Page Submission,Direct Traffic,No,No,14.0,1047,1.4,Page Visited on Website,India,Business Administration,Unemployed,Better Career Prospects,No,No,No,No,No,No,No,No,Already a student,Worst,No,No,Mumbai,01.High,01.High,16.0,18.0,No,Yes,Page Visited on Website
1485,5171,2,Cold,0.015260397,0,0,Landing Page Submission,Google,No,No,5.0,44,2.5,Email Opened,Australia,Human Resource Management,Unemployed,Better Career Prospects,No,No,No,No,No,No,No,No,Ringing,,No,No,Thane & Outskirts,,,,,No,No,Email Opened
1486,7862,2,Cold,0.018749619,0,0,Landing Page Submission,Google,No,No,27.0,340,3.38,Email Opened,India,Hospitality Management,Unemployed,Better Career Prospects,No,No,No,No,No,No,No,No,Ringing,,No,No,Mumbai,,,,,No,No,Email Opened
1487,8139,2,Cold,0.015838396,0,0,API,Google,No,No,2.0,36,2.0,Email Opened,India,,Unemployed,Better Career Prospects,No,No,No,No,No,No,No,No,opp hangup,,No,No,,02.Medium,02.Medium,14.0,15.0,No,No,Email Opened
1488,6940,2,Cold,0.019351166,0,0,API,Olark Chat,No,No,0.0,0,0.0,Olark Chat Conversation,,,,,No,No,No,No,No,No,No,No,,,No,No,,03.Low,02.Medium,12.0,15.0,No,No,Modified
1489,8708,2,Cold,0.017656427,0,0,Landing Page Submission,Direct Traffic,No,No,2.0,327,2.0,Email Opened,India,Operations Management,Unemployed,Better Career Prospects,No,No,No,No,No,No,No,No,Already a student,,No,No,Mumbai,01.High,01.High,16.0,20.0,No,Yes,Modified
1490,898,2,Cold,0.019348266,0,0,Landing Page Submission,Google,No,No,2.0,164,2.0,Converted to Lead,India,"Banking, Investment And Insurance",Unemployed,Better Career Prospects,No,No,No,No,No,No,No,No,Ringing,Not Sure,No,No,Mumbai,02.Medium,01.High,14.0,18.0,No,No,Modified
1491,7318,2,Cold,0.02208107,0,0,Landing Page Submission,Direct Traffic,Yes,No,2.0,16,2.0,SMS Sent,Qatar,Human Resource Management,Unemployed,Better Career Prospects,No,No,No,No,No,No,No,No,Ringing,,No,No,Mumbai,02.Medium,01.High,14.0,18.0,No,Yes,SMS Sent
1492,4522,2,Cold,0.020878756,0,0,Landing Page Submission,Direct Traffic,No,No,2.0,80,2.0,Email Opened,India,E-COMMERCE,Unemployed,Better Career Prospects,No,No,No,No,No,No,No,No,Not doing further education,,No,No,Mumbai,,,,,No,Yes,Email Opened
1493,2771,2,Cold,0.018012665,0,0,Landing Page Submission,Direct Traffic,No,No,3.0,73,3.0,Email Opened,India,E-COMMERCE,Unemployed,Better Career Prospects,No,No,No,No,No,No,No,No,Ringing,,No,No,Thane & Outskirts,,,,,No,Yes,Email Opened
1494,4260,2,Cold,0.017043967,0,0,Landing Page Submission,Direct Traffic,No,No,1.0,2,1.0,Converted to Lead,India,Hospitality Management,Unemployed,Better Career Prospects,No,No,No,No,No,No,No,No,Ringing,Not Sure,No,No,Mumbai,,,,,No,Yes,Modified
1495,4972,2,Cold,0.016183417,0,0,API,Olark Chat,No,No,0.0,0,0.0,Email Opened,,Finance Management,Unemployed,Better Career Prospects,No,No,No,No,No,No,No,No,Interested in other courses,Might be,No,No,,,,,,No,No,Modified
1496,1492,2,Cold,0.01986441,0,0,Landing Page Submission,Direct Traffic,No,No,3.0,30,1.5,Email Opened,India,Marketing Management,Unemployed,Better Career Prospects,No,No,No,No,No,No,No,No,Ringing,,No,No,Mumbai,02.Medium,01.High,14.0,18.0,No,Yes,Email Opened
1497,4932,2,Cold,0.015811125,0,0,Landing Page Submission,Google,Yes,No,2.0,1016,2.0,Email Bounced,India,"Banking, Investment And Insurance",Unemployed,Better Career Prospects,No,No,No,No,No,No,No,No,Ringing,,No,No,Mumbai,,,,,No,No,Modified
1498,710,2,Cold,0.017067606,0,0,Landing Page Submission,Google,No,No,4.0,92,4.0,Email Opened,India,Business Administration,Unemployed,Better Career Prospects,No,No,No,No,No,No,No,No,Will revert after reading the email,Might be,No,No,Thane & Outskirts,02.Medium,01.High,13.0,17.0,No,No,Modified
1499,6588,2,Cold,0.02499407,0,0,Landing Page Submission,Direct Traffic,Yes,No,2.0,359,2.0,Olark Chat Conversation,India,Business Administration,,,No,No,No,No,No,No,No,No,,,No,No,Mumbai,,,,,No,Yes,Olark Chat Conversation
1500,858,2,Cold,0.022202658,0,0,Landing Page Submission,Google,No,No,3.0,293,3.0,Form Submitted on Website,India,Marketing Management,,,No,No,No,No,No,No,No,No,,,No,No,Mumbai,03.Low,01.High,12.0,18.0,No,No,Modified
1501,4100,2,Cold,0.017014425,0,0,Landing Page Submission,Direct Traffic,Yes,No,1.0,233,1.0,Email Bounced,India,,Student,Better Career Prospects,No,No,No,No,No,No,No,No,Not doing further education,Low in Relevance,No,No,Mumbai,,,,,No,No,Modified
1502,4876,2,Cold,0.015077768,0,0,Landing Page Submission,Direct Traffic,No,No,5.0,91,2.5,Olark Chat Conversation,India,,Unemployed,Better Career Prospects,No,No,No,No,No,No,No,No,Already a student,Not Sure,No,No,Mumbai,,,,,No,No,Olark Chat Conversation
1503,89,2,Cold,0.022479486,0,0,Landing Page Submission,Organic Search,No,No,2.0,1085,2.0,Converted to Lead,India,Rural and Agribusiness,Unemployed,Better Career Prospects,No,No,No,No,No,No,No,No,Interested in other courses,,No,No,Other Cities of Maharashtra,02.Medium,02.Medium,13.0,14.0,No,Yes,Modified
1504,5039,2,Cold,0.023657825,0,0,Landing Page Submission,Direct Traffic,No,No,2.0,74,2.0,SMS Sent,India,Operations Management,Unemployed,Better Career Prospects,No,No,No,No,No,No,No,No,switched off,Not Sure,No,No,Mumbai,,,,,No,Yes,SMS Sent
1505,4704,2,Cold,0.02479383,0,0,API,Olark Chat,No,No,0.0,0,0.0,Email Opened,,,Unemployed,Better Career Prospects,No,No,No,No,No,No,No,No,switched off,Not Sure,No,No,,,,,,No,No,Email Opened
1506,2867,2,Cold,0.022356072,0,0,Landing Page Submission,Organic Search,No,No,8.0,297,8.0,Email Opened,India,Healthcare Management,Unemployed,Better Career Prospects,No,No,No,No,No,No,No,No,Ringing,,No,No,Other Cities of Maharashtra,,,,,No,Yes,Email Opened
1507,1815,2,Cold,0.016544601,0,0,Landing Page Submission,Organic Search,Yes,No,5.0,75,5.0,Unsubscribed,India,Business Administration,,,No,No,No,No,No,No,No,No,,,No,No,Other Cities,03.Low,02.Medium,12.0,16.0,No,Yes,Modified
1508,8744,2,Cold,0.022370981,0,0,Landing Page Submission,Google,No,No,4.0,30,4.0,Olark Chat Conversation,India,"Banking, Investment And Insurance",Unemployed,Better Career Prospects,No,No,No,No,No,No,No,No,Interested in other courses,Worst,No,No,Mumbai,02.Medium,01.High,15.0,20.0,No,No,Modified
1509,7430,2,Cold,0.016389174,0,0,Landing Page Submission,Google,No,No,4.0,173,4.0,Olark Chat Conversation,India,Finance Management,Unemployed,Better Career Prospects,No,No,No,No,No,No,No,No,Interested in other courses,Not Sure,No,No,Mumbai,02.Medium,01.High,14.0,18.0,No,No,Modified
1510,665,2,Cold,0.019401351,0,0,API,Organic Search,Yes,No,4.0,489,2.0,Olark Chat Conversation,India,,,,No,No,No,No,No,No,No,No,,,No,No,,01.High,02.Medium,17.0,15.0,No,No,Modified
1511,1251,2,Cold,0.021826794,0,0,Landing Page Submission,Direct Traffic,No,No,2.0,19,2.0,Email Opened,India,Human Resource Management,Unemployed,Better Career Prospects,No,No,No,No,No,No,No,No,Already a student,,No,No,Mumbai,02.Medium,01.High,15.0,18.0,No,Yes,Email Opened
1512,2059,2,Cold,0.022829833,0,0,Landing Page Submission,Google,No,No,3.0,1157,3.0,Email Opened,India,Business Administration,Unemployed,Better Career Prospects,No,No,No,No,No,No,No,No,switched off,Not Sure,No,No,Mumbai,02.Medium,01.High,13.0,18.0,No,No,Email Opened
1513,5811,2,Cold,0.017172363,0,0,Landing Page Submission,Google,No,No,4.0,225,4.0,Email Opened,India,Operations Management,Unemployed,Better Career Prospects,No,No,No,No,No,No,No,No,Ringing,,No,No,Thane & Outskirts,,,,,No,No,Email Opened
1514,5267,2,Cold,0.022976862,0,0,Landing Page Submission,Direct Traffic,No,No,2.0,65,2.0,SMS Sent,India,Travel and Tourism,Unemployed,Better Career Prospects,No,No,No,No,No,No,No,No,switched off,Not Sure,No,No,Mumbai,,,,,No,Yes,SMS Sent
1515,6991,2,Cold,0.016081939,0,0,API,Olark Chat,No,No,0.0,0,0.0,Email Opened,,,Unemployed,Better Career Prospects,No,No,No,No,No,No,No,No,Already a student,,No,No,,02.Medium,02.Medium,13.0,15.0,No,No,Email Opened
1516,5888,2,Cold,0.02354532,0,0,Landing Page Submission,Direct Traffic,No,No,2.0,45,2.0,Email Opened,India,Finance Management,Unemployed,Better Career Prospects,No,No,No,No,No,No,No,No,Ringing,Not Sure,No,No,Mumbai,,,,,No,Yes,Email Opened
1517,1695,2,Cold,0.022897722,0,0,API,Olark Chat,No,No,0.0,0,0.0,Email Opened,,,Unemployed,Better Career Prospects,No,No,No,No,No,No,No,No,Ringing,Might be,No,No,,02.Medium,02.Medium,14.0,15.0,No,No,Email Opened
1518,6382,2,Cold,0.02272518,0,0,Landing Page Submission,Direct Traffic,No,No,4.0,361,1.33,SMS Sent,India,Travel and Tourism,Unemployed,Better Career Prospects,No,No,No,No,No,No,No,No,Already a student,Might be,No,No,Mumbai,,,,,No,Yes,Modified
1519,3592,2,Cold,0.023604037,0,0,API,Google,No,No,4.0,229,1.33,Email Opened,India,,Unemployed,Better Career Prospects,No,No,No,No,No,No,No,No,,,No,No,,02.Medium,02.Medium,13.0,15.0,No,No,Modified
1520,391,2,Cold,0.019351166,0,0,API,Olark Chat,No,No,0.0,0,0.0,Olark Chat Conversation,,,Unemployed,Better Career Prospects,No,No,No,No,No,No,No,No,,,No,No,,03.Low,02.Medium,12.0,15.0,No,No,Modified
1521,3391,2,Cold,0.018610606,0,0,Landing Page Submission,Direct Traffic,No,No,9.0,426,4.5,Page Visited on Website,India,International Business,Unemployed,Better Career Prospects,No,No,No,No,No,No,No,No,Interested  in full time MBA,Worst,No,No,Other Cities,02.Medium,02.Medium,15.0,16.0,No,Yes,Page Visited on Website
1522,2117,2,Cold,0.024471018,0,0,Landing Page Submission,Google,No,No,2.0,151,2.0,SMS Sent,India,,,,No,No,No,No,No,No,No,No,,,No,No,,02.Medium,01.High,13.0,17.0,No,No,Modified
1523,1002,2,Cold,0.02105969,0,0,API,Organic Search,No,No,2.0,73,1.0,Olark Chat Conversation,India,,,,No,No,No,No,No,No,No,No,,,No,No,,03.Low,02.Medium,12.0,15.0,No,No,Modified
1524,7663,2,Cold,0.02351456,0,0,API,Olark Chat,No,No,0.0,0,0.0,Email Link Clicked,,,,,No,No,No,No,No,No,No,No,,,No,No,,01.High,02.Medium,17.0,15.0,No,No,Email Link Clicked
1525,8222,2,Cold,0.02349673,0,0,API,Olark Chat,No,No,0.0,0,0.0,Olark Chat Conversation,,Media and Advertising,Unemployed,Better Career Prospects,No,No,No,No,No,No,No,No,Interested in other courses,Worst,No,No,Thane & Outskirts,02.Medium,02.Medium,15.0,14.0,No,No,Modified
1526,1084,2,Cold,0.016325066,0,0,API,Organic Search,No,No,1.0,225,1.0,Converted to Lead,India,,,,No,No,No,No,No,No,No,No,,,No,No,,03.Low,02.Medium,11.0,15.0,No,No,Modified
1527,4311,2,Cold,0.02449951,0,0,API,Organic Search,No,No,3.0,268,3.0,Email Opened,India,,Unemployed,Better Career Prospects,No,No,No,No,No,No,No,No,Ringing,Might be,No,No,,,,,,No,No,Email Opened
1528,6677,2,Cold,0.024292149,0,0,API,Olark Chat,Yes,No,0.0,0,0.0,Olark Chat Conversation,,,,,No,No,No,No,No,No,No,No,,,No,No,,,,,,No,No,Modified
1529,1239,2,Cold,0.02040383,0,0,Landing Page Submission,Direct Traffic,No,No,2.0,97,2.0,Email Opened,India,Supply Chain Management,Unemployed,Better Career Prospects,No,No,No,No,No,No,No,No,switched off,Not Sure,No,No,Other Cities of Maharashtra,02.Medium,01.High,13.0,17.0,No,Yes,Email Opened
1530,8485,2,Cold,0.020699214,0,0,Landing Page Submission,Google,Yes,No,4.0,43,2.0,SMS Sent,India,Marketing Management,Unemployed,Better Career Prospects,No,No,No,No,No,No,No,No,Ringing,Not Sure,No,No,Thane & Outskirts,02.Medium,01.High,13.0,17.0,No,No,SMS Sent
1531,1941,2,Cold,0.020412872,0,0,API,Google,No,No,3.0,382,1.5,Email Opened,India,Human Resource Management,Unemployed,Better Career Prospects,No,No,No,No,No,No,No,No,Interested in other courses,Low in Relevance,No,No,Mumbai,02.Medium,01.High,13.0,18.0,No,No,Email Opened
1532,1835,2,Cold,0.01857107,0,0,Landing Page Submission,Direct Traffic,Yes,No,1.0,191,1.0,Email Bounced,India,IT Projects Management,,,No,No,No,No,No,No,No,No,,,No,No,Mumbai,02.Medium,02.Medium,15.0,15.0,No,Yes,Modified
1533,4220,2,Cold,0.020482134,0,0,API,Olark Chat,No,No,0.0,0,0.0,Email Opened,,,Unemployed,Better Career Prospects,No,No,No,No,No,No,No,No,Not doing further education,,No,No,,,,,,No,No,Modified
1534,1504,2,Cold,0.020415157,0,0,Landing Page Submission,Direct Traffic,No,No,3.0,250,3.0,SMS Sent,India,Marketing Management,Unemployed,Better Career Prospects,No,No,No,No,No,No,No,No,Not doing further education,Worst,No,No,Mumbai,02.Medium,01.High,14.0,18.0,No,Yes,Modified
1535,362,2,Cold,0.022577476,0,0,API,Organic Search,No,No,4.0,71,4.0,Olark Chat Conversation,India,,,,No,No,No,No,No,No,No,No,,,No,No,,03.Low,02.Medium,11.0,15.0,No,No,Modified
1536,7676,2,Cold,0.019351166,0,0,API,Olark Chat,No,No,0.0,0,0.0,Olark Chat Conversation,,,Unemployed,Better Career Prospects,No,No,No,No,No,No,No,No,,,No,No,,03.Low,02.Medium,12.0,15.0,No,No,Modified
1537,903,2,Cold,0.01714339,0,0,Landing Page Submission,Google,No,No,4.0,12,4.0,Form Submitted on Website,India,"Banking, Investment And Insurance",,,No,No,No,No,No,No,No,No,,,No,No,Mumbai,02.Medium,01.High,13.0,18.0,No,No,Modified
1538,9123,2,Cold,0.021352038,0,0,Landing Page Submission,Direct Traffic,No,No,2.0,290,2.0,Email Opened,India,Media and Advertising,Unemployed,Better Career Prospects,No,No,No,No,No,No,No,No,Ringing,,No,No,Mumbai,02.Medium,01.High,14.0,19.0,No,Yes,Email Opened
1539,1662,2,Cold,0.01880538,0,0,API,Google,No,No,14.0,174,2.8,Page Visited on Website,India,Marketing Management,Unemployed,Better Career Prospects,No,No,No,No,No,No,No,No,Ringing,Might be,No,No,,02.Medium,02.Medium,14.0,16.0,No,No,Page Visited on Website
1540,8693,2,Cold,0.020924548,0,0,Landing Page Submission,Direct Traffic,No,No,2.0,346,2.0,Email Opened,United States,Human Resource Management,,,No,No,No,No,No,No,No,No,,,No,No,Mumbai,02.Medium,01.High,13.0,18.0,No,Yes,Modified
1541,5730,2,Cold,0.022412017,0,0,Landing Page Submission,Organic Search,No,No,11.0,30,5.5,Email Opened,India,Retail Management,Unemployed,Better Career Prospects,No,No,No,No,No,No,No,No,Already a student,Not Sure,No,No,Mumbai,,,,,No,Yes,Email Opened
1542,5157,2,Cold,0.02075003,0,0,API,Google,No,No,2.0,371,2.0,Email Opened,India,,Unemployed,Better Career Prospects,No,No,No,No,No,No,No,No,Interested in other courses,,No,No,,,,,,No,No,Email Opened
1543,2129,2,Cold,0.017788129,0,0,Landing Page Submission,Direct Traffic,No,No,6.0,34,3.0,Unreachable,India,IT Projects Management,,,No,No,No,No,No,No,No,No,,,No,No,Other Cities,02.Medium,02.Medium,13.0,13.0,No,Yes,Modified
1544,4043,2,Cold,0.01780299,0,0,Landing Page Submission,Direct Traffic,Yes,No,1.0,2,1.0,Email Bounced,India,,Student,,No,No,No,No,No,No,No,No,,,No,No,Other Cities,,,,,No,No,Modified
1545,6206,2,Cold,0.015822899,0,0,Landing Page Submission,Direct Traffic,No,No,2.0,205,2.0,Email Opened,India,Operations Management,Unemployed,Better Career Prospects,No,No,No,No,No,No,No,No,Ringing,,No,No,Mumbai,,,,,No,Yes,Email Opened
1546,8723,2,Cold,0.015061341,0,0,API,Organic Search,No,No,2.0,228,2.0,Email Opened,India,,Unemployed,Better Career Prospects,No,No,No,No,No,No,No,No,Ringing,,No,No,,02.Medium,02.Medium,14.0,16.0,No,No,Email Opened
1547,4712,2,Cold,0.015964117,0,0,API,Organic Search,No,No,4.0,16,4.0,Email Link Clicked,India,,Unemployed,Better Career Prospects,No,No,No,No,No,No,No,No,Ringing,,No,No,,,,,,No,No,Email Link Clicked
1548,4410,1,Cold,0.013669797,0,0,Landing Page Submission,Organic Search,No,No,3.0,151,3.0,Email Opened,India,Marketing Management,Unemployed,Better Career Prospects,No,No,No,No,No,No,No,No,Interested  in full time MBA,,No,No,,,,,,No,No,Email Opened
1549,1606,1,Cold,0.012106902,0,0,API,Google,No,No,5.0,108,5.0,Email Opened,India,,Unemployed,Better Career Prospects,No,No,No,No,No,No,No,No,Ringing,,No,No,,02.Medium,02.Medium,14.0,15.0,No,No,Email Opened
1550,950,1,Cold,0.006537549,0,0,Landing Page Submission,Google,No,No,5.0,28,2.5,SMS Sent,India,Marketing Management,Unemployed,Better Career Prospects,No,No,No,No,No,No,No,No,Graduation in progress,,No,No,Mumbai,03.Low,01.High,11.0,18.0,No,No,Modified
1551,3584,1,Cold,0.009130179,0,0,API,Google,No,No,2.0,230,1.0,Email Opened,India,,Unemployed,Better Career Prospects,No,No,No,No,No,No,No,No,Interested  in full time MBA,,No,No,,,,,,No,No,Modified
1552,2996,1,Cold,0.014267314,0,0,Landing Page Submission,Direct Traffic,No,No,3.0,307,3.0,Email Opened,India,Finance Management,Unemployed,Better Career Prospects,No,No,No,No,No,No,No,No,switched off,Not Sure,No,No,Mumbai,,,,,No,Yes,Email Opened
1553,8569,1,Cold,0.0063491026,0,0,API,Organic Search,No,No,6.0,45,3.0,Olark Chat Conversation,India,,Unemployed,Better Career Prospects,No,No,No,No,No,No,No,No,Graduation in progress,,No,No,,03.Low,02.Medium,11.0,15.0,No,No,Modified
1554,8291,1,Cold,0.013963081,0,0,API,Google,No,No,1.0,200,1.0,Converted to Lead,India,,Unemployed,Better Career Prospects,No,No,No,No,No,No,No,No,Ringing,Not Sure,No,No,,02.Medium,02.Medium,14.0,15.0,No,No,Modified
1555,8600,1,Cold,0.009457395,0,0,Landing Page Submission,Direct Traffic,No,No,3.0,173,3.0,SMS Sent,India,Marketing Management,Unemployed,Better Career Prospects,No,No,No,No,No,No,No,No,switched off,Not Sure,No,No,Mumbai,02.Medium,01.High,13.0,18.0,No,Yes,SMS Sent
1556,8131,1,Cold,0.008966973,0,0,Landing Page Submission,Direct Traffic,Yes,No,2.0,2,2.0,Unsubscribed,India,Marketing Management,Unemployed,Better Career Prospects,No,No,No,No,No,No,No,No,switched off,,No,No,Mumbai,03.Low,01.High,12.0,18.0,No,Yes,Unsubscribed
1557,8660,1,Cold,0.012265509,0,0,API,Olark Chat,No,No,0.0,0,0.0,Olark Chat Conversation,,,,,No,No,No,No,No,No,No,No,,,No,No,,01.High,02.Medium,17.0,15.0,No,No,Modified
1558,1430,1,Cold,0.009784878,0,0,Landing Page Submission,Direct Traffic,No,No,6.0,95,2.0,Email Opened,Canada,Marketing Management,Unemployed,Better Career Prospects,No,No,No,No,No,No,No,No,Ringing,,No,No,Mumbai,02.Medium,01.High,13.0,18.0,No,Yes,Email Opened
1559,7303,1,Cold,0.0073626013,0,0,API,Google,No,No,5.0,431,1.25,Email Opened,India,,Unemployed,Better Career Prospects,No,No,No,No,No,No,No,No,Already a student,Worst,No,No,,,,,,No,No,Modified
1560,5517,1,Cold,0.012649057,0,0,Landing Page Submission,Direct Traffic,No,No,2.0,143,2.0,Converted to Lead,India,Business Administration,Unemployed,Better Career Prospects,No,No,No,No,No,No,No,No,Interested in other courses,,No,No,Tier II Cities,,,,,No,Yes,Modified
1561,3644,1,Cold,0.008569687,0,0,Landing Page Submission,Google,No,No,6.0,14,3.0,Page Visited on Website,India,Finance Management,Unemployed,Better Career Prospects,No,No,No,No,No,No,No,No,Ringing,,No,No,Mumbai,,,,,No,No,Modified
1562,9163,1,Cold,0.0144787915,0,0,Landing Page Submission,Direct Traffic,No,No,2.0,12,2.0,SMS Sent,India,Marketing Management,Unemployed,Better Career Prospects,No,No,No,No,No,No,No,No,Ringing,,No,No,Mumbai,02.Medium,01.High,13.0,20.0,No,Yes,SMS Sent
1563,8364,1,Cold,0.00866116,0,0,Landing Page Submission,Direct Traffic,No,No,4.0,334,2.0,Email Opened,India,Finance Management,Student,Better Career Prospects,No,No,No,No,No,No,No,No,Already a student,Worst,No,No,Thane & Outskirts,01.High,01.High,16.0,17.0,No,Yes,Email Opened
1564,8896,1,Cold,0.011352173,0,0,API,Olark Chat,No,No,0.0,0,0.0,Olark Chat Conversation,,,,,No,No,No,No,No,No,No,No,,,No,No,,01.High,02.Medium,17.0,15.0,No,No,Olark Chat Conversation
1565,1937,1,Cold,0.0060624937,0,0,API,Google,No,No,1.0,362,1.0,Converted to Lead,India,Marketing Management,Unemployed,Better Career Prospects,No,No,No,No,No,No,No,No,Not doing further education,Worst,No,No,,02.Medium,02.Medium,14.0,14.0,No,No,Modified
1566,6648,1,Cold,0.0070194257,0,0,Landing Page Submission,Direct Traffic,No,No,2.0,314,2.0,Email Opened,India,Marketing Management,Unemployed,Better Career Prospects,No,No,No,No,No,No,No,No,Already a student,Worst,No,No,Mumbai,,,,,No,Yes,Email Opened
1567,5174,1,Cold,0.0132503435,0,0,Landing Page Submission,Direct Traffic,Yes,No,1.0,322,1.0,Email Bounced,India,IT Projects Management,,,No,No,No,No,No,No,No,No,,,No,No,Mumbai,,,,,No,No,Modified
1568,8917,1,Cold,0.012265509,0,0,API,Olark Chat,No,No,0.0,0,0.0,Olark Chat Conversation,,,,,No,No,No,No,No,No,No,No,,,No,No,,01.High,02.Medium,17.0,15.0,No,No,Modified
1569,2647,1,Cold,0.0055748317,0,0,API,Olark Chat,No,No,0.0,0,0.0,Olark Chat Conversation,,,Unemployed,Better Career Prospects,No,No,No,No,No,No,No,No,Graduation in progress,,No,No,,03.Low,02.Medium,12.0,15.0,No,No,Modified
1570,4439,1,Cold,0.008627722,0,0,Landing Page Submission,Organic Search,No,No,5.0,37,5.0,Page Visited on Website,India,Retail Management,Unemployed,Better Career Prospects,No,No,No,No,No,No,No,No,invalid number,,No,No,,,,,,No,No,Modified
1571,4392,1,Cold,0.010926526,0,0,API,Olark Chat,No,No,0.0,0,0.0,Email Opened,,,Student,Better Career Prospects,No,No,No,No,No,No,No,No,Already a student,Worst,No,No,,,,,,No,No,Email Opened
1572,7783,1,Cold,0.0059409454,0,0,Landing Page Submission,Direct Traffic,No,No,4.0,236,4.0,Email Opened,India,Human Resource Management,Unemployed,Better Career Prospects,No,No,No,No,No,No,No,No,Graduation in progress,Might be,No,No,Mumbai,03.Low,01.High,10.0,18.0,No,Yes,Email Opened
1573,4644,1,Cold,0.0069238814,0,0,Landing Page Submission,Direct Traffic,No,No,5.0,138,5.0,Email Opened,India,Human Resource Management,Unemployed,Better Career Prospects,No,No,No,No,No,No,No,No,Interested in other courses,Worst,No,No,Mumbai,,,,,No,No,Email Opened
1574,1895,1,Cold,0.012990688,0,0,Landing Page Submission,Google,No,No,9.0,171,9.0,Email Opened,India,Human Resource Management,Unemployed,Better Career Prospects,No,No,No,No,No,No,No,No,Ringing,,No,No,Thane & Outskirts,02.Medium,01.High,14.0,17.0,No,No,Email Opened
1575,6875,1,Cold,0.012398396,0,0,Landing Page Submission,Organic Search,No,No,4.0,1134,4.0,Converted to Lead,India,Hospitality Management,Unemployed,Better Career Prospects,No,No,No,No,No,No,No,No,Ringing,,No,No,Other Cities,,,,,No,Yes,Modified
1576,2137,1,Cold,0.005898303,0,0,Landing Page Submission,Direct Traffic,No,No,4.0,66,1.33,Email Opened,United States,IT Projects Management,Unemployed,Better Career Prospects,No,No,No,No,No,No,No,No,Ringing,,No,No,Other Cities,02.Medium,02.Medium,13.0,13.0,No,Yes,Email Opened
1577,5581,1,Cold,0.008984036,0,0,API,Olark Chat,No,No,0.0,0,0.0,Olark Chat Conversation,,Operations Management,Unemployed,Better Career Prospects,No,No,No,No,No,No,No,No,Interested  in full time MBA,Worst,No,No,,,,,,No,No,Modified
1578,2205,1,Cold,0.010723162,0,0,Landing Page Submission,Direct Traffic,No,No,3.0,349,3.0,Email Opened,India,IT Projects Management,Unemployed,Better Career Prospects,No,No,No,No,No,No,No,No,Ringing,Might be,No,No,Other Metro Cities,02.Medium,02.Medium,14.0,13.0,No,Yes,Email Opened
1579,1495,1,Cold,0.0068902546,0,0,API,Google,No,No,2.0,279,2.0,Email Opened,India,,Unemployed,Better Career Prospects,No,No,No,No,No,No,No,No,Ringing,,No,No,,02.Medium,02.Medium,13.0,15.0,No,No,Email Opened
1580,4270,1,Cold,0.013551839,0,0,Landing Page Submission,Google,No,No,6.0,49,2.0,Email Opened,India,Operations Management,Unemployed,Better Career Prospects,No,No,No,No,No,No,No,No,Ringing,,No,No,Mumbai,02.Medium,01.High,14.0,18.0,No,Yes,Modified
1581,4041,1,Cold,0.0062418925,0,0,Landing Page Submission,Direct Traffic,Yes,No,1.0,400,1.0,Email Bounced,India,Human Resource Management,Student,Better Career Prospects,No,No,No,No,No,No,No,No,Not doing further education,Worst,No,No,,,,,,No,No,Email Bounced
1582,8287,1,Cold,0.012265509,0,0,API,Olark Chat,No,No,0.0,0,0.0,Olark Chat Conversation,,,,,No,No,No,No,No,No,No,No,,,No,No,,01.High,02.Medium,17.0,15.0,No,No,Modified
1583,2883,1,Cold,0.009788506,0,0,Landing Page Submission,Direct Traffic,No,No,1.0,44,1.0,Converted to Lead,India,Business Administration,Unemployed,Better Career Prospects,No,No,No,No,No,No,No,No,switched off,Not Sure,No,No,Other Cities,02.Medium,02.Medium,14.0,16.0,No,Yes,Modified
1584,5660,1,Cold,0.012067739,0,0,Landing Page Submission,Direct Traffic,No,No,2.0,43,2.0,SMS Sent,India,IT Projects Management,Unemployed,Better Career Prospects,No,No,No,No,No,No,No,No,switched off,Might be,No,No,Mumbai,,,,,No,Yes,SMS Sent
1585,4567,1,Cold,0.008979898,0,0,API,Olark Chat,No,No,0.0,0,0.0,Olark Chat Conversation,,,Unemployed,Better Career Prospects,No,No,No,No,No,No,No,No,Ringing,,No,No,,,,,,No,No,Modified
1586,8626,1,Cold,0.014940263,0,0,Landing Page Submission,Direct Traffic,No,No,2.0,122,2.0,SMS Sent,India,"Banking, Investment And Insurance",Unemployed,Better Career Prospects,No,No,No,No,No,No,No,No,Ringing,,No,No,Mumbai,02.Medium,01.High,13.0,20.0,No,Yes,SMS Sent
1587,8390,1,Cold,0.012265509,0,0,API,Olark Chat,No,No,0.0,0,0.0,Olark Chat Conversation,,,,,No,No,No,No,No,No,No,No,,,No,No,,01.High,02.Medium,17.0,15.0,No,No,Modified
1588,3394,1,Cold,0.013601425,0,0,API,Olark Chat,No,No,2.0,370,1.0,Page Visited on Website,India,Finance Management,Unemployed,Better Career Prospects,No,No,No,No,No,No,No,No,Interested in other courses,,No,No,Mumbai,,,,,No,No,Page Visited on Website
1589,8952,1,Cold,0.00785667,0,0,Landing Page Submission,Direct Traffic,Yes,No,2.0,153,2.0,Email Bounced,India,IT Projects Management,,,No,No,No,No,No,No,No,No,,,No,No,Other Metro Cities,02.Medium,02.Medium,14.0,13.0,No,Yes,Modified
1590,5609,1,Cold,0.009893653,0,0,Landing Page Submission,Direct Traffic,No,No,7.0,171,2.33,Page Visited on Website,India,Human Resource Management,Unemployed,Better Career Prospects,No,No,No,No,No,No,No,No,Diploma holder (Not Eligible),Worst,No,No,Thane & Outskirts,,,,,No,Yes,Page Visited on Website
1591,2731,1,Cold,0.0080742985,0,0,API,Direct Traffic,No,No,1.0,263,1.0,Converted to Lead,India,,,,No,No,No,No,No,No,No,No,Interested in other courses,,No,No,,,,,,No,No,Modified
1592,6401,1,Cold,0.0069205775,0,0,Landing Page Submission,Direct Traffic,Yes,No,2.0,269,2.0,Page Visited on Website,India,Finance Management,Unemployed,Better Career Prospects,No,No,No,No,No,No,No,No,Ringing,,No,No,Thane & Outskirts,,,,,No,Yes,Page Visited on Website
1593,8770,1,Cold,0.014539569,0,0,API,Google,No,No,2.0,126,1.0,Olark Chat Conversation,India,,,,No,No,No,No,No,No,No,No,,,No,No,,03.Low,02.Medium,12.0,15.0,No,No,Modified
1594,3564,1,Cold,0.0069511775,0,0,Landing Page Submission,Direct Traffic,No,No,6.0,88,6.0,Converted to Lead,India,"Banking, Investment And Insurance",Unemployed,Better Career Prospects,No,No,No,No,No,No,No,No,Not doing further education,Worst,No,No,Mumbai,,,,,No,Yes,Modified
1595,5545,1,Cold,0.0061816606,0,0,Landing Page Submission,Direct Traffic,No,No,2.0,248,2.0,Page Visited on Website,India,IT Projects Management,Unemployed,Better Career Prospects,No,No,No,No,No,No,No,No,Not doing further education,Worst,No,No,Other Cities,,,,,No,Yes,Modified
1596,1244,1,Cold,0.012265509,0,0,API,Olark Chat,No,No,0.0,0,0.0,Olark Chat Conversation,,,,,No,No,No,No,No,No,No,No,,,No,No,,01.High,02.Medium,17.0,15.0,No,No,Modified
1597,7401,1,Cold,0.012794758,0,0,Landing Page Submission,Direct Traffic,Yes,No,3.0,38,3.0,SMS Sent,India,Business Administration,,,No,No,No,No,No,No,No,No,,,No,No,Other Metro Cities,02.Medium,02.Medium,13.0,16.0,No,No,Modified
1598,7705,1,Cold,0.007666774,0,0,API,Organic Search,No,No,7.0,384,3.5,Email Opened,India,,Unemployed,Better Career Prospects,No,No,No,No,No,No,No,No,Interested in other courses,Not Sure,No,No,,02.Medium,02.Medium,13.0,15.0,No,No,Email Opened
1599,3869,1,Cold,0.005618675,0,0,Landing Page Submission,Direct Traffic,No,No,2.0,79,2.0,Email Opened,India,"Banking, Investment And Insurance",Student,Better Career Prospects,No,No,No,No,No,No,No,No,Already a student,Worst,No,No,Mumbai,,,,,No,Yes,Email Opened
1600,4754,1,Cold,0.012544366,0,0,API,Olark Chat,Yes,No,0.0,0,0.0,Email Bounced,,,Unemployed,Better Career Prospects,No,No,No,No,No,No,No,No,Graduation in progress,,No,No,,,,,,No,No,Modified
1601,106,1,Cold,0.009703132,0,0,API,Google,No,No,9.0,125,3.0,Page Visited on Website,India,,,,No,No,No,No,No,No,No,No,Interested in other courses,,No,No,,02.Medium,02.Medium,14.0,15.0,No,No,Modified
1602,8826,1,Cold,0.011471987,0,0,Landing Page Submission,Organic Search,No,No,8.0,39,2.67,Page Visited on Website,India,E-Business,Unemployed,Better Career Prospects,No,No,No,No,No,No,No,No,Not doing further education,Worst,No,No,Tier II Cities,01.High,01.High,17.0,19.0,No,Yes,Page Visited on Website
1603,1338,1,Cold,0.0068579325,0,0,Landing Page Submission,Direct Traffic,No,No,2.0,31,2.0,Email Opened,Saudi Arabia,Marketing Management,Unemployed,Better Career Prospects,No,No,No,No,No,No,No,No,Interested in other courses,Might be,No,No,Mumbai,03.Low,01.High,10.0,18.0,No,Yes,Email Opened
1604,8557,1,Cold,0.012265509,0,0,API,Olark Chat,No,No,0.0,0,0.0,Olark Chat Conversation,,,,,No,No,No,No,No,No,No,No,,,No,No,,01.High,02.Medium,17.0,15.0,No,No,Modified
1605,8132,1,Cold,0.0069096466,0,0,Landing Page Submission,Google,No,No,3.0,60,3.0,Form Submitted on Website,India,Marketing Management,Unemployed,Better Career Prospects,No,No,No,No,No,No,No,No,Interested in other courses,Not Sure,No,No,Thane & Outskirts,03.Low,01.High,10.0,17.0,No,No,Modified
1606,6897,1,Cold,0.007543563,0,0,API,Direct Traffic,No,No,4.0,65,4.0,Converted to Lead,India,,Unemployed,Better Career Prospects,No,No,No,No,No,No,No,No,Already a student,,No,No,,,,,,No,No,Modified
1607,103,1,Cold,0.01340639,0,0,Landing Page Submission,Direct Traffic,No,No,2.0,638,2.0,Page Visited on Website,Oman,Healthcare Management,Unemployed,Better Career Prospects,No,No,No,No,No,No,No,No,switched off,,No,No,Mumbai,02.Medium,02.Medium,14.0,15.0,No,Yes,Modified
1608,6604,1,Cold,0.0061151343,0,0,Landing Page Submission,Direct Traffic,No,No,2.0,228,2.0,Email Opened,India,Human Resource Management,Unemployed,Better Career Prospects,No,No,No,No,No,No,No,No,Already a student,Worst,No,No,Other Cities of Maharashtra,,,,,No,Yes,Email Opened
1609,6273,1,Cold,0.009517153,0,0,API,Google,No,No,7.0,469,7.0,Olark Chat Conversation,India,Human Resource Management,Unemployed,Better Career Prospects,No,No,No,No,No,No,No,No,Interested in other courses,Worst,No,No,Other Cities,,,,,No,Yes,Modified
1610,1687,1,Cold,0.0061739404,0,0,Landing Page Submission,Organic Search,No,No,3.0,155,3.0,Page Visited on Website,India,Media and Advertising,Unemployed,Better Career Prospects,No,No,No,No,No,No,No,No,Not doing further education,Worst,No,No,Other Metro Cities,02.Medium,02.Medium,14.0,15.0,No,Yes,Modified
1611,8517,1,Cold,0.012265509,0,0,API,Olark Chat,No,No,0.0,0,0.0,Olark Chat Conversation,,,,,No,No,No,No,No,No,No,No,,,No,No,,01.High,02.Medium,17.0,15.0,No,No,Modified
1612,6195,1,Cold,0.01436573,0,0,API,Google,Yes,No,4.0,247,4.0,Email Bounced,India,,Unemployed,Better Career Prospects,No,No,No,No,No,No,No,No,Diploma holder (Not Eligible),Worst,No,No,,,,,,No,No,Email Bounced
1613,1348,1,Cold,0.012265509,0,0,API,Olark Chat,No,No,0.0,0,0.0,Olark Chat Conversation,,,,,No,No,No,No,No,No,No,No,,,No,No,,01.High,02.Medium,17.0,15.0,No,No,Modified
1614,8585,1,Cold,0.012265509,0,0,API,Olark Chat,No,No,0.0,0,0.0,Olark Chat Conversation,,,,,No,No,No,No,No,No,No,No,,,No,No,,01.High,02.Medium,17.0,15.0,No,No,Modified
1615,743,1,Cold,0.010826372,0,0,Landing Page Submission,Google,No,No,1.0,583,1.0,Converted to Lead,India,IT Projects Management,Unemployed,Better Career Prospects,No,No,No,No,No,No,No,No,Interested in other courses,,No,No,Other Cities,02.Medium,02.Medium,14.0,13.0,No,No,Modified
1616,1484,1,Cold,0.007896268,0,0,Landing Page Submission,Google,Yes,No,4.0,125,4.0,SMS Sent,India,Operations Management,Unemployed,Better Career Prospects,No,No,No,No,No,No,No,No,Ringing,Not Sure,No,No,Thane & Outskirts,02.Medium,01.High,13.0,17.0,No,No,Modified
1617,8036,1,Cold,0.012265509,0,0,API,Olark Chat,No,No,0.0,0,0.0,Olark Chat Conversation,,,,,No,No,No,No,No,No,No,No,,,No,No,,01.High,02.Medium,17.0,15.0,No,No,Modified
1618,1382,1,Cold,0.009519549,0,0,Landing Page Submission,Google,No,No,3.0,240,3.0,Email Opened,India,International Business,Unemployed,Better Career Prospects,No,No,No,No,No,No,No,No,Ringing,,No,No,Other Cities,02.Medium,02.Medium,13.0,16.0,No,No,Email Opened
1619,6164,1,Cold,0.005727604,0,0,API,Olark Chat,No,No,0.0,0,0.0,Email Opened,,,Student,Better Career Prospects,No,No,No,No,No,No,No,No,Already a student,Worst,No,No,,,,,,No,No,Modified
1620,597,1,Cold,0.005250145,0,0,Lead Import,Facebook,No,No,,103,,,,,Unemployed,Better Career Prospects,No,No,No,No,No,No,No,No,Ringing,Might be,No,No,Mumbai,02.Medium,02.Medium,13.0,15.0,No,No,Modified
1621,1822,1,Cold,0.008803109,0,0,Landing Page Submission,Google,No,No,2.0,51,2.0,Email Opened,India,Operations Management,Unemployed,Better Career Prospects,No,No,No,No,No,No,No,No,Ringing,,No,No,Mumbai,02.Medium,01.High,13.0,18.0,No,No,Email Opened
1622,7589,1,Cold,0.006235164,0,0,Landing Page Submission,Direct Traffic,No,No,1.0,1077,1.0,Converted to Lead,India,"Banking, Investment And Insurance",Unemployed,Better Career Prospects,No,No,No,No,No,No,No,No,Already a student,Worst,No,No,Mumbai,01.High,01.High,16.0,18.0,No,Yes,Modified
1623,6398,1,Cold,0.01113393,0,0,Landing Page Submission,Direct Traffic,Yes,No,2.0,329,2.0,Converted to Lead,India,Human Resource Management,Unemployed,Better Career Prospects,No,No,No,No,No,No,No,No,,,No,No,Mumbai,,,,,No,Yes,Modified
1624,9009,1,Cold,0.010611216,0,0,API,Google,No,No,6.0,158,3.0,Olark Chat Conversation,India,,Student,Better Career Prospects,No,No,No,No,No,No,No,No,Already a student,Worst,No,No,,01.High,02.Medium,16.0,16.0,No,No,Modified
1625,7402,1,Cold,0.0060505355,0,0,API,Olark Chat,No,No,0.0,0,0.0,Email Opened,,,Student,Better Career Prospects,No,No,No,No,No,No,No,No,Already a student,Worst,No,No,,01.High,02.Medium,16.0,15.0,No,No,Email Opened
1626,7317,1,Cold,0.008343811,0,0,Landing Page Submission,Direct Traffic,No,No,6.0,277,2.0,Page Visited on Website,India,Finance Management,Unemployed,Better Career Prospects,No,No,No,No,No,No,No,No,Already a student,Worst,No,No,Mumbai,02.Medium,01.High,13.0,18.0,No,Yes,Page Visited on Website
1627,5153,1,Cold,0.009483411,0,0,API,Olark Chat,No,No,0.0,0,0.0,Olark Chat Conversation,,,Unemployed,Better Career Prospects,No,No,No,No,No,No,No,No,in touch with EINS,,No,No,,,,,,No,No,Modified
1628,5760,1,Cold,0.014382227,0,0,Landing Page Submission,Direct Traffic,No,No,2.0,128,2.0,Email Opened,India,Finance Management,Unemployed,Better Career Prospects,No,No,No,No,No,No,No,No,Ringing,,No,No,Thane & Outskirts,,,,,No,Yes,Email Opened
1629,7933,1,Cold,0.012265509,0,0,API,Olark Chat,No,No,0.0,0,0.0,Olark Chat Conversation,,,,,No,No,No,No,No,No,No,No,,,No,No,,01.High,02.Medium,17.0,15.0,No,No,Modified
1630,241,1,Cold,0.012265509,0,0,API,Olark Chat,No,No,0.0,0,0.0,Olark Chat Conversation,,,,,No,No,No,No,No,No,No,No,,,No,No,,01.High,02.Medium,17.0,15.0,No,No,Modified
1631,6753,1,Cold,0.010926526,0,0,API,Olark Chat,No,No,0.0,0,0.0,Email Opened,,,Student,Better Career Prospects,No,No,No,No,No,No,No,No,Already a student,Worst,No,No,,,,,,No,No,Email Opened
1632,7948,1,Cold,0.008168076,0,0,Landing Page Submission,Direct Traffic,Yes,No,1.0,303,1.0,Email Bounced,India,Media and Advertising,Unemployed,Better Career Prospects,No,No,No,No,No,No,No,No,Not doing further education,Worst,No,No,Mumbai,02.Medium,01.High,15.0,17.0,No,No,Email Bounced
1633,2741,1,Cold,0.012265509,0,0,API,Olark Chat,No,No,0.0,0,0.0,Olark Chat Conversation,,,,,No,No,No,No,No,No,No,No,,,No,No,,01.High,02.Medium,17.0,15.0,No,No,Modified
1634,6814,1,Cold,0.013694166,0,0,Landing Page Submission,Direct Traffic,Yes,No,4.0,104,4.0,SMS Sent,India,Supply Chain Management,Unemployed,Better Career Prospects,No,No,No,No,No,No,No,No,switched off,Not Sure,No,No,Other Cities of Maharashtra,,,,,No,Yes,SMS Sent
1635,7645,1,Cold,0.012265509,0,0,API,Olark Chat,No,No,0.0,0,0.0,Olark Chat Conversation,,,,,No,No,No,No,No,No,No,No,,,No,No,,01.High,02.Medium,17.0,15.0,No,No,Modified
1636,5493,1,Cold,0.00920626,0,0,Landing Page Submission,Direct Traffic,No,No,2.0,96,2.0,Email Opened,India,Finance Management,Unemployed,Better Career Prospects,No,No,No,No,No,No,No,No,Ringing,,No,No,Mumbai,,,,,No,Yes,Modified
1637,2648,1,Cold,0.006511592,0,0,Landing Page Submission,Google,No,No,3.0,26,3.0,SMS Sent,India,"Banking, Investment And Insurance",Unemployed,Better Career Prospects,No,No,No,No,No,No,No,No,Graduation in progress,,No,No,Mumbai,03.Low,01.High,10.0,18.0,No,No,Modified
1638,7141,1,Cold,0.0064597125,0,0,API,Olark Chat,Yes,No,0.0,0,0.0,Olark Chat Conversation,,,Unemployed,Better Career Prospects,No,No,No,No,No,No,No,No,Interested in other courses,,No,No,,,,,,No,No,Olark Chat Conversation
1639,2261,1,Cold,0.0137600135,0,0,Landing Page Submission,Direct Traffic,No,No,1.0,102,1.0,Converted to Lead,India,Business Administration,Unemployed,Better Career Prospects,No,No,No,No,No,No,No,No,Interested in other courses,,No,No,Other Cities,02.Medium,02.Medium,14.0,16.0,No,No,Modified
1640,9220,1,Cold,0.006324087,0,0,Landing Page Submission,Direct Traffic,No,No,5.0,20,2.5,SMS Sent,India,Finance Management,Unemployed,Better Career Prospects,No,No,No,No,No,No,No,No,wrong number given,,No,No,Thane & Outskirts,02.Medium,01.High,13.0,19.0,No,Yes,Modified
1641,6161,1,Cold,0.014961436,0,0,Landing Page Submission,Direct Traffic,No,No,3.0,90,3.0,Email Link Clicked,India,Finance Management,Unemployed,Better Career Prospects,No,No,No,No,No,No,No,No,Ringing,,No,No,Mumbai,,,,,No,Yes,Email Link Clicked
1642,5897,1,Cold,0.014591009,0,0,Landing Page Submission,Direct Traffic,Yes,No,1.0,124,1.0,Email Bounced,India,Rural and Agribusiness,,,No,No,No,No,No,No,No,No,,,No,No,Tier II Cities,,,,,No,No,Modified
1643,4156,1,Cold,0.012151955,0,0,API,Google,No,No,3.0,51,1.5,Email Opened,India,,Unemployed,Better Career Prospects,No,No,No,No,No,No,No,No,Interested in other courses,,No,No,,,,,,No,No,Modified
1644,6578,1,Cold,0.010410332,0,0,Landing Page Submission,Direct Traffic,No,No,3.0,200,1.5,Email Opened,India,Marketing Management,Unemployed,Better Career Prospects,No,No,No,No,No,No,No,No,Already a student,Worst,No,No,Mumbai,02.Medium,01.High,15.0,18.0,No,Yes,Modified
1645,7369,1,Cold,0.011755641,0,0,Landing Page Submission,Direct Traffic,Yes,No,2.0,141,2.0,SMS Sent,India,"Banking, Investment And Insurance",,,No,No,No,No,No,No,No,No,,,No,No,Other Cities,02.Medium,02.Medium,13.0,16.0,No,No,Modified
1646,9045,1,Cold,0.0064319167,0,0,Landing Page Submission,Direct Traffic,Yes,No,2.0,119,2.0,Page Visited on Website,India,IT Projects Management,Unemployed,Better Career Prospects,No,No,No,No,No,No,No,No,Not doing further education,Worst,No,No,Mumbai,02.Medium,01.High,15.0,17.0,No,Yes,Page Visited on Website
1647,6122,1,Cold,0.014308339,0,0,Landing Page Submission,Direct Traffic,No,No,7.0,66,7.0,Email Opened,India,Human Resource Management,Unemployed,Better Career Prospects,No,No,No,No,No,No,No,No,Interested in other courses,,No,No,Mumbai,,,,,No,Yes,Email Opened
1648,1613,1,Cold,0.010947421,0,0,Landing Page Submission,Google,No,No,4.0,255,4.0,Page Visited on Website,India,Business Administration,Unemployed,Better Career Prospects,No,No,No,No,No,No,No,No,switched off,Not Sure,No,No,Other Cities of Maharashtra,02.Medium,01.High,13.0,17.0,No,No,Page Visited on Website
1649,2038,1,Cold,0.011269101,0,0,Landing Page Submission,Google,No,No,5.0,301,5.0,Email Opened,India,Marketing Management,Unemployed,Better Career Prospects,No,No,No,No,No,No,No,No,Ringing,Not Sure,No,No,Thane & Outskirts,03.Low,01.High,12.0,17.0,No,Yes,Email Opened
1650,8378,1,Cold,0.014296252,0,0,Landing Page Submission,Organic Search,Yes,No,10.0,408,3.33,Page Visited on Website,India,Supply Chain Management,Unemployed,Better Career Prospects,No,No,No,No,No,No,No,No,Not doing further education,Not Sure,No,No,Other Metro Cities,03.Low,01.High,12.0,18.0,No,Yes,Page Visited on Website
1651,250,1,Cold,0.010247509,0,0,Landing Page Submission,Google,No,No,1.0,302,1.0,Converted to Lead,India,Human Resource Management,,,No,No,No,No,No,No,No,No,Interested in other courses,,No,No,Thane & Outskirts,02.Medium,01.High,14.0,17.0,No,No,Modified
1652,7079,1,Cold,0.013660021,0,0,Landing Page Submission,Direct Traffic,No,No,2.0,293,2.0,Email Opened,India,IT Projects Management,Unemployed,Better Career Prospects,No,No,No,No,No,No,No,No,Already a student,,No,No,Thane & Outskirts,,,,,No,Yes,Email Opened
1653,8247,1,Cold,0.005221082,0,0,Landing Page Submission,Direct Traffic,No,No,2.0,383,2.0,Email Opened,India,Human Resource Management,Unemployed,Better Career Prospects,No,No,No,No,No,No,No,No,Interested in other courses,Worst,No,No,Mumbai,02.Medium,01.High,13.0,18.0,No,Yes,Email Opened
1654,7071,1,Cold,0.010595689,0,0,Landing Page Submission,Google,No,No,4.0,275,4.0,Page Visited on Website,India,Marketing Management,Unemployed,Better Career Prospects,No,No,No,No,No,No,No,No,Ringing,,No,No,Thane & Outskirts,,,,,No,No,Modified
1655,2724,1,Cold,0.014944089,0,0,API,Google,No,No,3.0,55,3.0,Email Opened,India,,Unemployed,Better Career Prospects,No,No,No,No,No,No,No,No,Ringing,,No,No,,,,,,No,No,Email Opened
1656,5829,1,Cold,0.011509488,0,0,Landing Page Submission,Direct Traffic,No,No,2.0,68,2.0,Email Opened,India,Travel and Tourism,Unemployed,Better Career Prospects,No,No,No,No,No,No,No,No,switched off,Not Sure,No,No,Mumbai,,,,,No,Yes,Email Opened
1657,6689,1,Cold,0.012428741,0,0,Landing Page Submission,Direct Traffic,No,No,2.0,84,2.0,Email Opened,India,IT Projects Management,Unemployed,Better Career Prospects,No,No,No,No,No,No,No,No,Ringing,,No,No,Mumbai,,,,,No,Yes,Email Opened
1658,7375,1,Cold,0.008020226,0,0,API,Organic Search,No,No,3.0,306,3.0,Email Opened,India,,Unemployed,Better Career Prospects,No,No,No,No,No,No,No,No,In confusion whether part time or DLP,,No,No,,02.Medium,02.Medium,13.0,15.0,No,No,Email Opened
1659,198,1,Cold,0.012265509,0,0,API,Olark Chat,No,No,0.0,0,0.0,Olark Chat Conversation,,,,,No,No,No,No,No,No,No,No,,,No,No,,01.High,02.Medium,17.0,15.0,No,No,Modified
1660,8615,1,Cold,0.0075312573,0,0,Landing Page Submission,Direct Traffic,Yes,No,2.0,267,2.0,SMS Sent,India,Operations Management,Unemployed,Better Career Prospects,No,No,No,No,No,No,No,No,switched off,Not Sure,No,No,Mumbai,02.Medium,01.High,13.0,18.0,No,No,SMS Sent
1661,6225,1,Cold,0.012414481,0,0,Landing Page Submission,Organic Search,No,No,2.0,61,2.0,Converted to Lead,India,Operations Management,Unemployed,Better Career Prospects,No,No,No,No,No,No,No,No,invalid number,,No,No,Other Cities of Maharashtra,,,,,No,Yes,Modified
1662,5494,1,Cold,0.0053545833,0,0,Landing Page Submission,Direct Traffic,No,No,13.0,293,3.25,Page Visited on Website,India,IT Projects Management,Unemployed,Better Career Prospects,No,No,No,No,No,No,No,No,Already a student,Worst,No,No,Other Cities,,,,,No,No,Modified
1663,8116,1,Cold,0.010699535,0,0,Landing Page Submission,Direct Traffic,No,No,3.0,451,3.0,SMS Sent,India,Human Resource Management,Unemployed,Better Career Prospects,No,No,No,No,No,No,No,No,switched off,Not Sure,No,No,Mumbai,02.Medium,01.High,13.0,18.0,No,Yes,SMS Sent
1664,6072,1,Cold,0.012265509,0,0,API,Olark Chat,No,No,0.0,0,0.0,Olark Chat Conversation,,,,,No,No,No,No,No,No,No,No,,,No,No,,01.High,02.Medium,17.0,15.0,No,No,Modified
1665,1097,1,Cold,0.005785074,0,0,Landing Page Submission,Google,No,No,4.0,75,4.0,Email Link Clicked,India,Operations Management,Unemployed,Better Career Prospects,No,No,No,No,No,No,No,No,Ringing,,No,No,Thane & Outskirts,02.Medium,01.High,13.0,17.0,No,No,Modified
1666,7740,1,Cold,0.0060459515,0,0,Landing Page Submission,Direct Traffic,No,No,1.0,281,1.0,Converted to Lead,India,Human Resource Management,Unemployed,Better Career Prospects,No,No,No,No,No,No,No,No,Already a student,Worst,No,No,Other Cities of Maharashtra,01.High,01.High,16.0,17.0,No,Yes,Modified
1667,7747,1,Cold,0.0057206564,0,0,Landing Page Submission,Direct Traffic,No,No,1.0,312,1.0,Converted to Lead,United Arab Emirates,Business Administration,Unemployed,Better Career Prospects,No,No,No,No,No,No,No,No,Graduation in progress,Worst,No,No,Mumbai,03.Low,01.High,11.0,18.0,No,Yes,Modified
1668,4192,1,Cold,0.008502588,0,0,Landing Page Submission,Google,No,No,2.0,315,2.0,Converted to Lead,India,Human Resource Management,Unemployed,Better Career Prospects,No,No,No,No,No,No,No,No,Interested in other courses,,No,No,Mumbai,,,,,No,No,Modified
1669,8751,1,Cold,0.008283012,0,0,Landing Page Submission,Direct Traffic,No,No,4.0,74,4.0,SMS Sent,India,"Banking, Investment And Insurance",Unemployed,Better Career Prospects,No,No,No,No,No,No,No,No,Ringing,,No,No,Other Cities,02.Medium,01.High,13.0,18.0,No,Yes,SMS Sent
1670,2646,1,Cold,0.009483411,0,0,API,Olark Chat,No,No,0.0,0,0.0,Olark Chat Conversation,,,Unemployed,Better Career Prospects,No,No,No,No,No,No,No,No,Diploma holder (Not Eligible),,No,No,,,,,,No,No,Modified
1671,1554,1,Cold,0.0054061254,0,0,API,Google,Yes,No,2.0,96,2.0,Email Bounced,India,Marketing Management,Unemployed,Better Career Prospects,No,No,No,No,No,No,No,No,switched off,Not Sure,No,No,,03.Low,02.Medium,12.0,15.0,No,No,Modified
1672,6908,1,Cold,0.0076567065,0,0,Landing Page Submission,Direct Traffic,No,No,5.0,369,5.0,Email Opened,India,Finance Management,Unemployed,Better Career Prospects,No,No,No,No,No,No,No,No,Already a student,Worst,No,No,Mumbai,,,,,No,No,Email Opened
1673,8553,1,Cold,0.012624105,0,0,API,Organic Search,No,No,5.0,124,5.0,SMS Sent,India,,Unemployed,Better Career Prospects,No,No,No,No,No,No,No,No,Ringing,Might be,No,No,,02.Medium,02.Medium,13.0,15.0,No,No,SMS Sent
1674,9055,1,Cold,0.0072533744,0,0,Landing Page Submission,Direct Traffic,No,No,2.0,345,2.0,SMS Sent,India,E-COMMERCE,Unemployed,Better Career Prospects,No,No,No,No,No,No,No,No,switched off,Might be,No,No,Mumbai,02.Medium,01.High,13.0,17.0,No,Yes,SMS Sent
1675,8605,1,Cold,0.014285721,0,0,Landing Page Submission,Direct Traffic,No,No,2.0,182,2.0,Email Opened,India,Human Resource Management,Unemployed,Better Career Prospects,No,No,No,No,No,No,No,No,Ringing,,No,No,Other Cities of Maharashtra,02.Medium,01.High,13.0,17.0,No,No,Email Opened
1676,7393,1,Cold,0.009603564,0,0,Landing Page Submission,Direct Traffic,No,No,5.0,3,5.0,SMS Sent,India,Human Resource Management,Unemployed,Better Career Prospects,No,No,No,No,No,No,No,No,Ringing,Might be,No,No,Mumbai,02.Medium,01.High,13.0,18.0,No,Yes,SMS Sent
1677,7871,1,Cold,0.010050462,0,0,Landing Page Submission,Google,Yes,No,10.0,271,5.0,SMS Sent,India,Travel and Tourism,Unemployed,Better Career Prospects,No,No,No,No,No,No,No,No,Ringing,Might be,No,No,Mumbai,02.Medium,02.Medium,13.0,16.0,No,Yes,SMS Sent
1678,1690,1,Cold,0.012265509,0,0,API,Olark Chat,No,No,0.0,0,0.0,Olark Chat Conversation,,,,,No,No,No,No,No,No,No,No,,,No,No,,01.High,02.Medium,17.0,15.0,No,No,Modified
1679,5204,1,Cold,0.009896382,0,0,Landing Page Submission,Google,No,No,4.0,165,4.0,Email Opened,India,Finance Management,Unemployed,Better Career Prospects,No,No,No,No,No,No,No,No,switched off,,No,No,Thane & Outskirts,,,,,No,Yes,Email Opened
1680,499,1,Cold,0.0066572283,0,0,API,Olark Chat,No,No,0.0,0,0.0,Email Opened,,,Unemployed,Better Career Prospects,No,No,No,No,No,No,No,No,Interested in other courses,Worst,No,No,,02.Medium,02.Medium,14.0,14.0,No,No,Modified
1681,1191,1,Cold,0.013203089,0,0,API,Organic Search,No,No,5.0,199,5.0,Email Opened,India,,Unemployed,Better Career Prospects,No,No,No,No,No,No,No,No,Graduation in progress,Low in Relevance,No,No,Mumbai,03.Low,01.High,12.0,17.0,No,No,Email Opened
1682,5161,1,Cold,0.007813331,0,0,Landing Page Submission,Direct Traffic,Yes,No,4.0,209,4.0,Email Bounced,India,"Banking, Investment And Insurance",Unemployed,Better Career Prospects,No,No,No,No,No,No,No,No,Already a student,Not Sure,No,No,Thane & Outskirts,,,,,No,Yes,Modified
1683,7350,1,Cold,0.0055213836,0,0,Landing Page Submission,Direct Traffic,No,No,8.0,106,8.0,Email Opened,India,Human Resource Management,Unemployed,Better Career Prospects,No,No,No,No,No,No,No,No,invalid number,,No,No,Mumbai,02.Medium,01.High,13.0,18.0,No,Yes,Email Opened
1684,7484,1,Cold,0.013589626,0,0,Landing Page Submission,Direct Traffic,No,No,4.0,54,4.0,SMS Sent,India,Finance Management,Unemployed,Better Career Prospects,No,No,No,No,No,No,No,No,switched off,Might be,No,No,Mumbai,02.Medium,01.High,14.0,18.0,No,Yes,SMS Sent
1685,1691,1,Cold,0.0076672677,0,0,Landing Page Submission,Direct Traffic,No,No,2.0,59,2.0,SMS Sent,India,Supply Chain Management,Unemployed,Better Career Prospects,No,No,No,No,No,No,No,No,Interested in other courses,,No,No,Thane & Outskirts,02.Medium,01.High,13.0,17.0,No,No,Modified
1686,8165,1,Cold,0.012265509,0,0,API,Olark Chat,No,No,0.0,0,0.0,Olark Chat Conversation,,,,,No,No,No,No,No,No,No,No,,,No,No,,01.High,02.Medium,17.0,15.0,No,No,Modified
1687,817,1,Cold,0.012265509,0,0,API,Olark Chat,No,No,0.0,0,0.0,Olark Chat Conversation,,,,,No,No,No,No,No,No,No,No,,,No,No,,01.High,02.Medium,17.0,15.0,No,No,Modified
1688,290,1,Cold,0.012265509,0,0,API,Olark Chat,No,No,0.0,0,0.0,Olark Chat Conversation,,,,,No,No,No,No,No,No,No,No,,,No,No,,01.High,02.Medium,17.0,15.0,No,No,Modified
1689,8653,1,Cold,0.012265509,0,0,API,Olark Chat,No,No,0.0,0,0.0,Olark Chat Conversation,,,,,No,No,No,No,No,No,No,No,,,No,No,,01.High,02.Medium,17.0,15.0,No,No,Modified
1690,1172,1,Cold,0.00649056,0,0,API,Referral Sites,No,No,2.0,491,2.0,Converted to Lead,India,,,,No,No,No,No,No,No,No,No,Interested in other courses,,No,No,,02.Medium,02.Medium,13.0,13.0,No,No,Modified
1691,16,1,Cold,0.012265509,0,0,API,Olark Chat,No,No,0.0,0,0.0,Olark Chat Conversation,,,,,No,No,No,No,No,No,No,No,,,No,No,,01.High,02.Medium,17.0,15.0,No,No,Modified
1692,4964,1,Cold,0.008476894,0,0,Landing Page Submission,Direct Traffic,No,No,3.0,219,3.0,Email Opened,India,Finance Management,Unemployed,Better Career Prospects,No,No,No,No,No,No,No,No,Already a student,Might be,No,No,Mumbai,,,,,No,Yes,Modified
1693,1688,1,Cold,0.008637201,0,0,API,Google,No,No,2.0,11,2.0,Olark Chat Conversation,Singapore,,Unemployed,Better Career Prospects,No,No,No,No,No,No,No,No,Interested in other courses,,No,No,,02.Medium,02.Medium,14.0,15.0,No,No,Modified
1694,7940,1,Cold,0.014721585,0,0,Landing Page Submission,Direct Traffic,No,No,7.0,236,7.0,Email Opened,India,International Business,Unemployed,Better Career Prospects,No,No,No,No,No,No,No,No,Ringing,,No,No,Mumbai,02.Medium,01.High,14.0,18.0,No,Yes,Email Opened
1695,7398,1,Cold,0.014005536,0,0,Landing Page Submission,Direct Traffic,Yes,No,15.0,77,2.14,Page Visited on Website,India,IT Projects Management,Unemployed,Better Career Prospects,No,No,No,No,No,No,No,No,Already a student,Worst,No,No,Other Metro Cities,01.High,02.Medium,17.0,13.0,No,Yes,Page Visited on Website
1696,196,1,Cold,0.008522042,0,0,API,Organic Search,No,No,4.0,342,4.0,Email Opened,India,,Unemployed,Better Career Prospects,No,No,No,No,No,No,No,No,switched off,,No,No,,02.Medium,02.Medium,14.0,15.0,No,No,Modified
1697,7161,1,Cold,0.012499295,0,0,Landing Page Submission,Organic Search,Yes,No,5.0,623,5.0,Email Bounced,India,International Business,Unemployed,Better Career Prospects,No,No,No,No,No,No,No,No,Ringing,,No,No,Mumbai,,,,,No,Yes,Modified
1698,5514,1,Cold,0.0108163515,0,0,Landing Page Submission,Direct Traffic,Yes,No,18.0,84,4.5,Page Visited on Website,India,Travel and Tourism,,,No,No,No,No,No,No,No,No,,,No,No,Other Metro Cities,,,,,No,No,Modified
1699,1312,1,Cold,0.012265509,0,0,API,Olark Chat,No,No,0.0,0,0.0,Olark Chat Conversation,,,,,No,No,No,No,No,No,No,No,,,No,No,,01.High,02.Medium,17.0,15.0,No,No,Modified
1700,4622,1,Cold,0.009232551,0,0,API,Google,No,No,3.0,518,3.0,Olark Chat Conversation,India,Operations Management,Unemployed,Better Career Prospects,No,No,No,No,No,No,No,No,Interested in other courses,Worst,No,No,,,,,,No,No,Modified
1701,5583,1,Cold,0.014143501,0,0,Landing Page Submission,Direct Traffic,No,No,2.0,52,2.0,Email Opened,India,Human Resource Management,Unemployed,Better Career Prospects,No,No,No,No,No,No,No,No,Ringing,,No,No,Mumbai,,,,,No,Yes,Email Opened
1702,9144,1,Cold,0.011929273,0,0,Landing Page Submission,Direct Traffic,No,No,2.0,1017,2.0,Converted to Lead,India,Business Administration,Unemployed,Better Career Prospects,No,No,No,No,No,No,No,No,Interested in other courses,Worst,No,No,Other Metro Cities,03.Low,01.High,11.0,18.0,No,Yes,Modified
1703,1706,1,Cold,0.0136583,0,0,Landing Page Submission,Organic Search,No,No,5.0,314,5.0,Email Opened,India,Media and Advertising,Unemployed,Better Career Prospects,No,No,No,No,No,No,No,No,Ringing,Not Sure,No,No,Mumbai,02.Medium,01.High,13.0,19.0,No,Yes,Email Opened
1704,5908,1,Cold,0.009483411,0,0,API,Olark Chat,No,No,0.0,0,0.0,Olark Chat Conversation,,,Unemployed,Better Career Prospects,No,No,No,No,No,No,No,No,Diploma holder (Not Eligible),,No,No,,,,,,No,No,Modified
1705,6639,1,Cold,0.008111554,0,0,API,Olark Chat,No,No,0.0,0,0.0,Olark Chat Conversation,,,Unemployed,Better Career Prospects,No,No,No,No,No,No,No,No,Already a student,,No,No,,,,,,No,No,Modified
1706,4790,1,Cold,0.013688409,0,0,Landing Page Submission,Direct Traffic,No,No,4.0,12,2.0,Email Opened,India,Services Excellence,Unemployed,Better Career Prospects,No,No,No,No,No,No,No,No,Already a student,,No,No,Other Metro Cities,,,,,No,Yes,Email Opened
1707,9204,1,Cold,0.014763426,0,0,API,Google,No,No,2.0,12,2.0,Email Opened,India,,Unemployed,Better Career Prospects,No,No,No,No,No,No,No,No,Ringing,,No,No,,02.Medium,02.Medium,14.0,16.0,No,No,Email Opened
1708,1087,1,Cold,0.012265509,0,0,API,Olark Chat,No,No,0.0,0,0.0,Olark Chat Conversation,,,,,No,No,No,No,No,No,No,No,,,No,No,,01.High,02.Medium,17.0,15.0,No,No,Modified
1709,7824,1,Cold,0.0059398613,0,0,Landing Page Submission,Direct Traffic,No,No,1.0,186,1.0,Converted to Lead,India,Operations Management,Unemployed,Better Career Prospects,No,No,No,No,No,No,No,No,Already a student,Worst,No,No,Mumbai,01.High,01.High,16.0,18.0,No,No,Modified
1710,7617,1,Cold,0.011352173,0,0,API,Olark Chat,No,No,0.0,0,0.0,Olark Chat Conversation,,,,,No,No,No,No,No,No,No,No,,,No,No,,01.High,02.Medium,17.0,15.0,No,No,Olark Chat Conversation
1711,5446,1,Cold,0.012371398,0,0,Landing Page Submission,Direct Traffic,Yes,No,2.0,165,2.0,Email Bounced,India,IT Projects Management,,,No,No,No,No,No,No,No,No,,,No,No,Thane & Outskirts,,,,,No,Yes,Modified
1712,148,1,Cold,0.0064867144,0,0,Landing Page Submission,Google,No,No,5.0,232,2.5,Email Opened,India,Human Resource Management,Unemployed,Better Career Prospects,No,No,No,No,No,No,No,No,Interested in other courses,Might be,No,No,Other Cities,02.Medium,02.Medium,13.0,16.0,No,No,Email Opened
1713,8482,1,Cold,0.0064653303,0,0,Landing Page Submission,Google,Yes,No,3.0,103,3.0,SMS Sent,India,Supply Chain Management,Unemployed,Better Career Prospects,No,No,No,No,No,No,No,No,Ringing,,No,No,Mumbai,02.Medium,01.High,13.0,18.0,No,No,SMS Sent
1714,5,1,Cold,0.012265509,0,0,API,Olark Chat,No,No,0.0,0,0.0,Olark Chat Conversation,,,,,No,No,No,No,No,No,No,No,,,No,No,,01.High,02.Medium,17.0,15.0,No,No,Modified
1715,8560,1,Cold,0.01372456,0,0,API,Google,No,No,2.0,455,1.0,Page Visited on Website,India,,Unemployed,Better Career Prospects,No,No,No,No,No,No,No,No,,,No,No,,03.Low,02.Medium,12.0,15.0,No,No,Modified
1716,1160,1,Cold,0.007001932,0,0,Landing Page Submission,Direct Traffic,No,No,43.0,57,3.91,Email Opened,India,Marketing Management,Unemployed,Better Career Prospects,No,No,No,No,No,No,No,No,Not doing further education,Not Sure,No,No,Thane & Outskirts,03.Low,01.High,11.0,17.0,No,No,Email Opened
1717,6734,1,Cold,0.014667954,0,0,Landing Page Submission,Direct Traffic,Yes,No,3.0,95,3.0,Email Bounced,United States,IT Projects Management,,,No,No,No,No,No,No,No,No,,,No,No,Mumbai,,,,,No,Yes,Modified
1718,2228,1,Cold,0.01008653,0,0,Landing Page Submission,Direct Traffic,No,No,2.0,317,2.0,Email Opened,India,Operations Management,Unemployed,Better Career Prospects,No,No,No,No,No,No,No,No,Ringing,,No,No,Other Metro Cities,02.Medium,02.Medium,13.0,16.0,No,Yes,Email Opened
1719,2220,1,Cold,0.009034001,0,0,Landing Page Submission,Direct Traffic,No,No,2.0,447,2.0,Email Opened,India,Finance Management,Student,Better Career Prospects,No,No,No,No,No,No,No,No,Already a student,Worst,No,No,Other Cities,02.Medium,02.Medium,15.0,16.0,No,Yes,Email Opened
1720,7500,1,Cold,0.008124182,0,1,Landing Page Submission,Google,No,No,4.0,117,4.0,SMS Sent,India,Human Resource Management,Unemployed,Better Career Prospects,No,No,No,No,No,No,No,No,Ringing,Might be,No,No,Mumbai,03.Low,01.High,12.0,18.0,No,No,SMS Sent
1721,7502,1,Cold,0.013643,0,0,Landing Page Submission,Direct Traffic,No,No,2.0,155,2.0,Page Visited on Website,India,Retail Management,Unemployed,Better Career Prospects,No,No,No,No,No,No,No,No,Ringing,,No,No,Mumbai,02.Medium,01.High,14.0,18.0,No,Yes,Page Visited on Website
1722,1520,1,Cold,0.0067347335,0,0,Landing Page Submission,Google,No,No,12.0,348,3.0,Converted to Lead,India,Finance Management,Unemployed,Better Career Prospects,No,No,No,No,No,No,No,No,Interested in other courses,Worst,No,No,Mumbai,02.Medium,01.High,14.0,18.0,No,No,Modified
1723,4542,1,Cold,0.0057449928,0,0,Landing Page Submission,Direct Traffic,No,No,6.0,168,6.0,Email Opened,India,IT Projects Management,Unemployed,Better Career Prospects,No,No,No,No,No,No,No,No,Already a student,Worst,No,No,Mumbai,,,,,No,Yes,Modified
1724,2442,1,Cold,0.009212756,0,0,API,Organic Search,No,No,2.0,402,2.0,SMS Sent,India,,Unemployed,Better Career Prospects,No,No,No,No,No,No,No,No,Ringing,Might be,No,No,,02.Medium,02.Medium,13.0,15.0,No,No,Modified
1725,8109,1,Cold,0.014087999,0,0,API,Organic Search,No,No,2.0,189,1.0,Olark Chat Conversation,India,,,,No,No,No,No,No,No,No,No,,,No,No,,01.High,02.Medium,17.0,15.0,No,No,Modified
1726,7983,1,Cold,0.011352173,0,0,API,Olark Chat,No,No,0.0,0,0.0,Olark Chat Conversation,,,,,No,No,No,No,No,No,No,No,,,No,No,,01.High,02.Medium,17.0,15.0,No,No,Olark Chat Conversation
1727,8215,1,Cold,0.012265509,0,0,API,Olark Chat,No,No,0.0,0,0.0,Olark Chat Conversation,,,,,No,No,No,No,No,No,No,No,,,No,No,,01.High,02.Medium,17.0,15.0,No,No,Modified
1728,8699,1,Cold,0.0058134515,0,0,Landing Page Submission,Google,No,No,4.0,137,2.0,Email Opened,India,Business Administration,Unemployed,Better Career Prospects,No,No,No,No,No,No,No,No,Graduation in progress,Worst,No,No,Mumbai,03.Low,01.High,12.0,18.0,No,No,Email Opened
1729,4463,1,Cold,0.007475948,0,0,API,Olark Chat,No,No,0.0,0,0.0,Olark Chat Conversation,,,Unemployed,Better Career Prospects,No,No,No,No,No,No,No,No,Already a student,,No,No,,,,,,No,No,Olark Chat Conversation
1730,1551,1,Cold,0.011300891,0,0,Landing Page Submission,Direct Traffic,No,No,6.0,326,6.0,Email Opened,India,Human Resource Management,Unemployed,Better Career Prospects,No,No,No,No,No,No,No,No,Ringing,,No,No,Other Metro Cities,02.Medium,02.Medium,14.0,16.0,No,Yes,Modified
1731,231,1,Cold,0.011875089,0,0,Landing Page Submission,Direct Traffic,No,No,3.0,66,3.0,Email Opened,India,IT Projects Management,Unemployed,Better Career Prospects,No,No,No,No,No,No,No,No,switched off,Not Sure,No,No,Thane & Outskirts,02.Medium,02.Medium,14.0,14.0,No,Yes,Email Opened
1732,2718,1,Cold,0.01011623,0,0,Landing Page Submission,Google,No,No,2.0,389,2.0,Email Opened,Singapore,Human Resource Management,Unemployed,Better Career Prospects,No,No,No,No,No,No,No,No,Ringing,Not Sure,No,No,Mumbai,02.Medium,01.High,13.0,18.0,No,No,Modified
1733,7103,1,Cold,0.013152291,0,0,API,Olark Chat,No,No,0.0,0,0.0,Email Opened,,,Unemployed,Better Career Prospects,No,No,No,No,No,No,No,No,Interested in other courses,Worst,No,No,,02.Medium,02.Medium,14.0,15.0,No,No,Email Opened
1734,3309,1,Cold,0.014758356,0,0,Landing Page Submission,Direct Traffic,No,No,3.0,145,3.0,Email Bounced,India,Finance Management,Unemployed,Better Career Prospects,No,No,No,No,No,No,No,No,Interested in other courses,Low in Relevance,No,No,Mumbai,,,,,No,Yes,Modified
1735,8789,1,Cold,0.011352173,0,0,API,Olark Chat,No,No,0.0,0,0.0,Olark Chat Conversation,,,,,No,No,No,No,No,No,No,No,,,No,No,,01.High,02.Medium,17.0,15.0,No,No,Olark Chat Conversation
1736,31,1,Cold,0.006240026,0,0,API,Google,No,No,3.0,88,1.5,Email Opened,India,,Unemployed,Better Career Prospects,No,No,No,No,No,No,No,No,Interested in other courses,Not Sure,No,No,,02.Medium,02.Medium,13.0,15.0,No,No,Modified
1737,1238,1,Cold,0.012265509,0,0,API,Olark Chat,No,No,0.0,0,0.0,Olark Chat Conversation,,,,,No,No,No,No,No,No,No,No,,,No,No,,01.High,02.Medium,17.0,15.0,No,No,Modified
1738,7787,1,Cold,0.0100155,0,0,Landing Page Submission,Google,Yes,No,3.0,1158,3.0,Email Bounced,India,Operations Management,Unemployed,Better Career Prospects,No,No,No,No,No,No,No,No,Already a student,Worst,No,No,Thane & Outskirts,03.Low,01.High,12.0,17.0,No,No,Modified
1739,1707,1,Cold,0.012265509,0,0,API,Olark Chat,No,No,0.0,0,0.0,Olark Chat Conversation,,,,,No,No,No,No,No,No,No,No,,,No,No,,01.High,02.Medium,17.0,15.0,No,No,Modified
1740,1059,1,Cold,0.010028041,0,0,API,Organic Search,No,No,3.0,50,3.0,SMS Sent,India,,Unemployed,Better Career Prospects,No,No,No,No,No,No,No,No,Ringing,Might be,No,No,,02.Medium,02.Medium,13.0,15.0,No,No,Modified
1741,6144,1,Cold,0.012458638,0,0,Landing Page Submission,Google,No,No,4.0,913,4.0,Olark Chat Conversation,India,International Business,Unemployed,Better Career Prospects,No,No,No,No,No,No,No,No,Interested in other courses,Worst,No,No,Mumbai,,,,,No,No,Modified
1742,6081,1,Cold,0.01159246,0,0,Landing Page Submission,Organic Search,No,No,6.0,30,6.0,Email Opened,India,Media and Advertising,Unemployed,Better Career Prospects,No,No,No,No,No,No,No,No,Ringing,,No,No,Other Metro Cities,,,,,No,Yes,Email Opened
1743,442,1,Cold,0.00563678,0,0,API,Referral Sites,No,No,3.0,64,3.0,Email Opened,India,,Unemployed,Better Career Prospects,No,No,No,No,No,No,No,No,switched off,,No,No,,02.Medium,02.Medium,14.0,13.0,No,No,Modified
1744,5624,1,Cold,0.014838562,0,0,Landing Page Submission,Organic Search,No,No,6.0,160,6.0,Email Opened,India,Supply Chain Management,Unemployed,Better Career Prospects,No,No,No,No,No,No,No,No,Ringing,,No,No,Mumbai,,,,,No,Yes,Email Opened
1745,7353,1,Cold,0.012265509,0,0,API,Olark Chat,No,No,0.0,0,0.0,Olark Chat Conversation,,,,,No,No,No,No,No,No,No,No,,,No,No,,01.High,02.Medium,17.0,15.0,No,No,Modified
1746,2164,1,Cold,0.010236087,0,0,API,Google,No,No,2.0,393,2.0,Olark Chat Conversation,India,,Unemployed,Better Career Prospects,No,No,No,No,No,No,No,No,Interested in other courses,,No,No,,02.Medium,02.Medium,14.0,15.0,No,No,Modified
1747,1136,1,Cold,0.009072631,0,0,Lead Import,Facebook,No,No,,238,,,,,Unemployed,Better Career Prospects,No,No,No,No,No,No,No,No,Interested in other courses,Low in Relevance,No,No,Other Cities of Maharashtra,02.Medium,02.Medium,13.0,14.0,No,No,Modified
1748,1161,1,Cold,0.005468769,0,0,Landing Page Submission,Direct Traffic,No,No,10.0,124,5.0,Email Link Clicked,United Arab Emirates,Human Resource Management,Unemployed,Better Career Prospects,No,No,No,No,No,No,No,No,switched off,,No,No,Other Cities,02.Medium,02.Medium,13.0,16.0,No,Yes,Email Link Clicked
1749,6901,1,Cold,0.005993108,0,0,Landing Page Submission,Organic Search,No,No,7.0,168,3.5,Page Visited on Website,India,Healthcare Management,Unemployed,Better Career Prospects,No,No,No,No,No,No,No,No,Already a student,Worst,No,No,Other Cities,,,,,No,Yes,Modified
1750,3930,1,Cold,0.013846461,0,0,Landing Page Submission,Google,No,No,4.0,74,4.0,Email Opened,India,IT Projects Management,Unemployed,Better Career Prospects,No,No,No,No,No,No,No,No,Ringing,,No,No,Thane & Outskirts,,,,,No,No,Email Opened
1751,5243,1,Cold,0.0060335053,0,0,API,Google,No,No,2.0,161,2.0,Unsubscribed,India,,Unemployed,Better Career Prospects,No,No,No,No,No,No,No,No,Interested in other courses,Worst,No,No,,,,,,No,No,Modified
1752,781,1,Cold,0.010555901,0,0,API,Referral Sites,No,No,13.0,24,6.5,Page Visited on Website,India,,,,No,No,No,No,No,No,No,No,,,No,No,,03.Low,02.Medium,12.0,13.0,No,No,Modified
1753,5798,1,Cold,0.0110500185,0,0,Landing Page Submission,Google,No,No,9.0,367,2.25,Email Link Clicked,India,Human Resource Management,Unemployed,Better Career Prospects,No,No,No,No,No,No,No,No,Interested in other courses,Worst,No,No,Mumbai,,,,,No,No,Email Link Clicked
1754,5344,1,Cold,0.012265509,0,0,API,Olark Chat,No,No,0.0,0,0.0,Olark Chat Conversation,,,,,No,No,No,No,No,No,No,No,,,No,No,,01.High,02.Medium,17.0,15.0,No,No,Modified
1755,5848,1,Cold,0.0075608827,0,0,Landing Page Submission,Direct Traffic,No,No,4.0,329,2.0,Email Opened,India,Finance Management,Unemployed,Better Career Prospects,No,No,No,No,No,No,No,No,Already a student,Worst,No,No,Mumbai,,,,,No,No,Email Opened
1756,338,1,Cold,0.0055748317,0,0,API,Olark Chat,No,No,0.0,0,0.0,Olark Chat Conversation,,,Unemployed,Better Career Prospects,No,No,No,No,No,No,No,No,Diploma holder (Not Eligible),,No,No,,03.Low,02.Medium,12.0,15.0,No,No,Modified
1757,2003,1,Cold,0.0050165066,0,0,API,Google,No,No,1.0,54,1.0,Converted to Lead,India,,Unemployed,Better Career Prospects,No,No,No,No,No,No,No,No,Not doing further education,Worst,No,No,,02.Medium,02.Medium,14.0,14.0,No,No,Modified
1758,4638,1,Cold,0.013912129,0,0,API,Olark Chat,No,No,0.0,0,0.0,Email Opened,,,Unemployed,Better Career Prospects,No,No,No,No,No,No,No,No,Interested  in full time MBA,,No,No,,,,,,No,No,Modified
1759,5951,1,Cold,0.0067066196,0,0,API,Google,No,No,3.0,279,3.0,Email Opened,India,,Unemployed,Better Career Prospects,No,No,No,No,No,No,No,No,Already a student,Worst,No,No,,,,,,No,No,Email Opened
1760,7551,1,Cold,0.008038061,0,0,API,Google,No,No,5.0,404,5.0,Olark Chat Conversation,India,,Unemployed,Better Career Prospects,No,No,No,No,No,No,No,No,Already a student,Worst,No,No,,01.High,02.Medium,16.0,14.0,No,No,Olark Chat Conversation
1761,4122,1,Cold,0.008549393,0,0,API,Google,No,No,1.0,339,1.0,Converted to Lead,India,,Unemployed,Better Career Prospects,No,No,No,No,No,No,No,No,Interested in other courses,,No,No,,,,,,No,No,Modified
1762,3534,1,Cold,0.013346398,0,0,Landing Page Submission,Organic Search,No,No,3.0,129,3.0,Email Opened,India,Operations Management,Unemployed,Better Career Prospects,No,No,No,No,No,No,No,No,switched off,Not Sure,No,No,Mumbai,,,,,No,Yes,Email Opened
1763,7758,1,Cold,0.010953335,0,0,API,Organic Search,No,No,1.0,127,1.0,Converted to Lead,India,,Unemployed,Better Career Prospects,No,No,No,No,No,No,No,No,Interested in other courses,,No,No,,02.Medium,02.Medium,14.0,15.0,No,No,Modified
1764,1837,1,Cold,0.009359108,0,0,Landing Page Submission,Google,No,No,6.0,213,6.0,Email Opened,India,Marketing Management,Unemployed,Better Career Prospects,No,No,No,No,No,No,No,No,Ringing,,No,No,,02.Medium,01.High,14.0,17.0,No,No,Modified
1765,7205,1,Cold,0.007889043,0,0,API,Olark Chat,No,No,0.0,0,0.0,Email Opened,,,Unemployed,Better Career Prospects,No,No,No,No,No,No,No,No,Already a student,,No,No,,02.Medium,02.Medium,13.0,15.0,No,No,Modified
1766,183,1,Cold,0.00954839,0,0,API,Google,No,No,1.0,164,1.0,Converted to Lead,India,,,,No,No,No,No,No,No,No,No,Interested in other courses,,No,No,,02.Medium,02.Medium,14.0,15.0,No,No,Modified
1767,2586,1,Cold,0.012265509,0,0,API,Olark Chat,No,No,0.0,0,0.0,Olark Chat Conversation,,,,,No,No,No,No,No,No,No,No,,,No,No,,01.High,02.Medium,17.0,15.0,No,No,Modified
1768,5876,1,Cold,0.008075589,0,0,Landing Page Submission,Direct Traffic,No,No,9.0,63,4.5,Olark Chat Conversation,India,Marketing Management,Student,Better Career Prospects,No,No,No,No,No,No,No,No,Already a student,Worst,No,No,Mumbai,,,,,No,Yes,Modified
1769,7623,1,Cold,0.012265509,0,0,API,Olark Chat,No,No,0.0,0,0.0,Olark Chat Conversation,,,,,No,No,No,No,No,No,No,No,,,No,No,,01.High,02.Medium,17.0,15.0,No,No,Modified
1770,7242,1,Cold,0.013268049,0,0,API,Olark Chat,No,No,1.0,192,1.0,Olark Chat Conversation,,,,,No,No,No,No,No,No,No,No,,,No,No,,01.High,02.Medium,17.0,15.0,No,No,Olark Chat Conversation
1771,7587,1,Cold,0.010824839,0,0,Landing Page Submission,Direct Traffic,No,No,2.0,308,2.0,Email Link Clicked,India,Human Resource Management,Unemployed,Better Career Prospects,No,No,No,No,No,No,No,No,Already a student,Might be,No,No,Tier II Cities,02.Medium,01.High,14.0,17.0,No,Yes,Modified
1772,6659,1,Cold,0.014687187,0,0,Landing Page Submission,Google,No,No,4.0,113,4.0,Email Opened,India,Finance Management,Unemployed,Better Career Prospects,No,No,No,No,No,No,No,No,Ringing,,No,No,Mumbai,,,,,No,No,Email Opened
1773,5766,1,Cold,0.01495632,0,0,Landing Page Submission,Google,No,No,4.0,22,4.0,Email Opened,India,Human Resource Management,Unemployed,Better Career Prospects,No,No,No,No,No,No,No,No,Ringing,,No,No,Mumbai,,,,,No,No,Email Opened
1774,7779,1,Cold,0.014427714,0,0,API,Google,No,No,2.0,312,2.0,Olark Chat Conversation,India,Supply Chain Management,Unemployed,Better Career Prospects,No,No,No,No,No,No,No,No,Interested in other courses,Not Sure,No,No,,02.Medium,02.Medium,14.0,15.0,No,No,Modified
1775,1854,1,Cold,0.0055787694,0,0,API,Google,No,No,1.0,238,1.0,Converted to Lead,Sweden,Marketing Management,Unemployed,Better Career Prospects,No,No,No,No,No,No,No,No,Already a student,Worst,No,No,,01.High,02.Medium,16.0,14.0,No,No,Modified
1776,6612,1,Cold,0.010756497,0,0,Landing Page Submission,Organic Search,Yes,No,5.0,296,5.0,SMS Sent,India,Media and Advertising,Unemployed,Better Career Prospects,No,No,No,No,No,No,No,No,switched off,,No,No,Other Cities of Maharashtra,,,,,No,No,SMS Sent
1777,7200,1,Cold,0.00964266,0,0,API,Google,No,No,1.0,150,1.0,Converted to Lead,India,,Unemployed,Better Career Prospects,No,No,No,No,No,No,No,No,Interested in other courses,,No,No,,,,,,No,No,Modified
1778,7875,1,Cold,0.011352173,0,0,API,Olark Chat,No,No,0.0,0,0.0,Olark Chat Conversation,,,,,No,No,No,No,No,No,No,No,,,No,No,,01.High,02.Medium,17.0,15.0,No,No,Olark Chat Conversation
1779,375,1,Cold,0.011868517,0,0,API,Referral Sites,No,No,10.0,66,10.0,Email Opened,India,,Unemployed,Better Career Prospects,No,No,No,No,No,No,No,No,Interested in other courses,Not Sure,No,No,,02.Medium,02.Medium,14.0,13.0,No,No,Modified
1780,8350,1,Cold,0.0060707196,0,0,Landing Page Submission,Direct Traffic,No,No,3.0,159,3.0,Email Opened,Philippines,Marketing Management,Unemployed,Better Career Prospects,No,No,No,No,No,No,No,No,Ringing,,No,No,Other Cities,03.Low,02.Medium,10.0,16.0,No,Yes,Email Opened
1781,5238,1,Cold,0.007854592,0,0,Landing Page Submission,Direct Traffic,Yes,No,4.0,383,4.0,SMS Sent,,IT Projects Management,Unemployed,Better Career Prospects,No,No,No,No,No,No,No,No,switched off,,No,No,Other Cities of Maharashtra,,,,,No,No,SMS Sent
1782,823,1,Cold,0.013758797,0,0,API,Google,No,No,3.0,97,3.0,Converted to Lead,India,,,,No,No,No,No,No,No,No,No,,,No,No,,03.Low,02.Medium,10.0,15.0,No,No,Modified
1783,2482,1,Cold,0.0051790564,0,0,Landing Page Submission,Google,No,No,5.0,432,5.0,Email Opened,India,Media and Advertising,Unemployed,Better Career Prospects,No,No,No,No,No,No,No,No,Interested in other courses,,No,No,Mumbai,02.Medium,01.High,13.0,17.0,No,No,Modified
1784,605,1,Cold,0.011237268,0,0,Landing Page Submission,Organic Search,No,No,6.0,81,6.0,Email Opened,India,Travel and Tourism,Unemployed,Better Career Prospects,No,No,No,No,No,No,No,No,Ringing,,No,No,Other Metro Cities,02.Medium,02.Medium,14.0,14.0,No,Yes,Email Opened
1785,694,1,Cold,0.010413339,0,0,API,Referral Sites,No,No,9.0,81,4.5,Email Opened,India,,Unemployed,Better Career Prospects,No,No,No,No,No,No,No,No,Ringing,Might be,No,No,,02.Medium,02.Medium,14.0,13.0,No,No,Email Opened
1786,6210,1,Cold,0.007114604,0,0,API,Olark Chat,No,No,2.0,198,1.0,Olark Chat Conversation,Saudi Arabia,Healthcare Management,Unemployed,Better Career Prospects,No,No,No,No,No,No,No,No,invalid number,,No,No,Other Cities,,,,,No,Yes,Olark Chat Conversation
1787,7164,1,Cold,0.011921563,0,0,API,Olark Chat,No,No,0.0,0,0.0,Email Link Clicked,,,Unemployed,Better Career Prospects,No,No,No,No,No,No,No,No,Already a student,,No,No,,02.Medium,02.Medium,14.0,15.0,No,No,Modified
1788,217,0,Cold,0.0041132313,0,0,API,Organic Search,No,No,4.0,331,4.0,Unreachable,India,,Unemployed,Better Career Prospects,No,No,No,No,No,No,No,No,switched off,Might be,No,No,,03.Low,02.Medium,12.0,15.0,No,No,Modified
1789,7488,0,Cold,0.0014389099,0,0,API,Google,Yes,No,2.0,86,1.0,Olark Chat Conversation,India,,Unemployed,Better Career Prospects,No,No,No,No,No,No,No,No,Already a student,Worst,No,No,,01.High,02.Medium,17.0,14.0,No,No,Modified
1790,6174,0,Cold,0.0037601746,0,0,API,Olark Chat,No,No,0.0,0,0.0,Olark Chat Conversation,,,Student,Better Career Prospects,No,No,No,No,No,No,No,No,Already a student,Worst,No,No,,,,,,No,No,Modified
1791,8926,0,Cold,0.0021928386,0,0,API,Google,No,No,1.0,14,1.0,Converted to Lead,India,,Unemployed,Better Career Prospects,No,No,No,No,No,No,No,No,Graduation in progress,Worst,No,No,,03.Low,02.Medium,11.0,14.0,No,No,Modified
1792,1392,0,Cold,0.0036644328,0,0,Landing Page Submission,Google,No,No,3.0,172,3.0,Form Submitted on Website,India,IT Projects Management,Unemployed,Better Career Prospects,No,No,No,No,No,No,No,No,Graduation in progress,,No,No,Other Cities,03.Low,02.Medium,10.0,13.0,No,No,Modified
1793,8357,0,Cold,0.0046819313,0,0,Landing Page Submission,Organic Search,Yes,No,3.0,278,3.0,Email Bounced,India,Marketing Management,Unemployed,Better Career Prospects,No,No,No,No,No,No,No,No,Already a student,Worst,No,No,Mumbai,02.Medium,01.High,14.0,18.0,No,Yes,Modified
1794,8856,0,Cold,0.0037045327,0,0,API,Olark Chat,No,No,0.0,0,0.0,Email Opened,,,Unemployed,Better Career Prospects,No,No,No,No,No,No,No,No,Already a student,,No,No,,01.High,02.Medium,17.0,16.0,No,No,Email Opened
1795,543,0,Cold,0.0033740168,0,0,API,Organic Search,No,No,7.0,133,3.5,Email Opened,India,,Unemployed,Better Career Prospects,No,No,No,No,No,No,No,No,switched off,Might be,No,No,,02.Medium,02.Medium,13.0,15.0,No,No,Email Opened
1796,6237,0,Cold,0.0034609144,0,0,API,Olark Chat,No,No,0.0,0,0.0,Olark Chat Conversation,,,Unemployed,Better Career Prospects,No,No,No,No,No,No,No,No,Interested in other courses,Worst,No,No,,,,,,No,No,Modified
1797,4835,0,Cold,0.003531502,0,0,API,Olark Chat,No,No,0.0,0,0.0,Olark Chat Conversation,,,Unemployed,Better Career Prospects,No,No,No,No,No,No,No,No,Already a student,Worst,No,No,,,,,,No,No,Modified
1798,5472,0,Cold,0.003838164,0,0,Landing Page Submission,Direct Traffic,Yes,No,2.0,18,2.0,Email Bounced,India,IT Projects Management,Unemployed,Better Career Prospects,No,No,No,No,No,No,No,No,Not doing further education,Worst,No,No,Other Cities of Maharashtra,02.Medium,02.Medium,15.0,14.0,No,Yes,Modified
1799,5906,0,Cold,0.0037497482,0,0,Landing Page Submission,Direct Traffic,No,No,2.0,739,2.0,Converted to Lead,India,Finance Management,Unemployed,Better Career Prospects,No,No,No,No,No,No,No,No,Already a student,Worst,No,No,Mumbai,,,,,No,Yes,Modified
1800,6609,0,Cold,0.0045708213,0,0,Landing Page Submission,Direct Traffic,No,No,7.0,202,7.0,Page Visited on Website,India,IT Projects Management,Unemployed,Better Career Prospects,No,No,No,No,No,No,No,No,Already a student,Worst,No,No,Mumbai,,,,,No,No,Modified
1801,2048,0,Cold,0.0043482347,0,0,Landing Page Submission,Direct Traffic,No,No,3.0,413,3.0,Email Opened,India,Marketing Management,Unemployed,Better Career Prospects,No,No,No,No,No,No,No,No,switched off,Not Sure,No,No,Mumbai,02.Medium,01.High,13.0,18.0,No,Yes,Modified
1802,6623,0,Cold,0.0037601746,0,0,API,Olark Chat,No,No,0.0,0,0.0,Olark Chat Conversation,,,Student,Better Career Prospects,No,No,No,No,No,No,No,No,Already a student,Worst,No,No,,,,,,No,No,Modified
1803,7746,0,Cold,0.0049742344,0,0,API,Organic Search,No,No,6.0,178,3.0,Email Opened,India,,Unemployed,Better Career Prospects,No,No,No,No,No,No,No,No,opp hangup,Worst,No,No,,02.Medium,02.Medium,13.0,14.0,No,No,Email Opened
1804,7665,0,Cold,0.0012842396,0,0,API,Olark Chat,No,No,0.0,0,0.0,Olark Chat Conversation,,,Unemployed,Better Career Prospects,No,No,No,No,No,No,No,No,Already a student,Worst,No,No,,01.High,02.Medium,17.0,15.0,No,No,Modified
1805,8469,0,Cold,0.0023839218,0,0,Landing Page Submission,Direct Traffic,Yes,No,2.0,185,2.0,Email Bounced,India,Finance Management,Unemployed,Better Career Prospects,No,No,No,No,No,No,No,No,opp hangup,,No,No,Thane & Outskirts,02.Medium,01.High,13.0,17.0,No,Yes,Modified
1806,8845,0,Cold,0.0034800258,0,0,Landing Page Submission,Google,No,No,2.0,391,2.0,Converted to Lead,India,Finance Management,Unemployed,Better Career Prospects,No,No,No,No,No,No,No,No,Graduation in progress,Worst,No,No,Mumbai,03.Low,01.High,11.0,18.0,No,No,Modified
1807,1622,0,Cold,0.0040009487,0,0,API,Google,No,No,2.0,234,2.0,Email Link Clicked,India,,Unemployed,Better Career Prospects,No,No,No,No,No,No,No,No,Interested in other courses,,No,No,,03.Low,02.Medium,12.0,15.0,No,No,Modified
1808,6721,0,Cold,0.0044110287,0,0,API,Olark Chat,No,No,1.0,132,1.0,Olark Chat Conversation,,,Unemployed,Better Career Prospects,No,No,No,No,No,No,No,No,switched off,,No,No,,,,,,No,No,Olark Chat Conversation
1809,2073,0,Cold,0.0025236534,0,0,API,Google,No,No,2.0,158,1.0,Email Link Clicked,India,,Unemployed,Better Career Prospects,No,No,No,No,No,No,No,No,Already a student,Worst,No,No,,03.Low,02.Medium,11.0,14.0,No,No,Modified
1810,5289,0,Cold,0.003055659,0,0,Landing Page Submission,Direct Traffic,Yes,No,5.0,29,5.0,Page Visited on Website,India,IT Projects Management,Unemployed,Better Career Prospects,No,No,No,No,No,No,No,No,Not doing further education,Worst,No,No,Mumbai,,,,,No,Yes,Modified
1811,3050,0,Cold,0.0030895378,0,0,API,Organic Search,No,No,8.0,58,2.67,Email Opened,India,,Unemployed,Better Career Prospects,No,No,No,No,No,No,No,No,Interested in other courses,Worst,No,No,,02.Medium,02.Medium,13.0,14.0,No,No,Modified
1812,7704,0,Cold,0.0034976283,0,0,API,Google,No,No,4.0,15,4.0,Email Opened,India,,Unemployed,Better Career Prospects,No,No,No,No,No,No,No,No,Graduation in progress,,No,No,,03.Low,02.Medium,10.0,15.0,No,No,Modified
1813,8866,0,Cold,0.0029119735,0,0,API,Olark Chat,No,No,0.0,0,0.0,Olark Chat Conversation,,,Unemployed,Better Career Prospects,No,No,No,No,No,No,No,No,Already a student,,No,No,,01.High,02.Medium,17.0,16.0,No,No,Modified
1814,1297,0,Cold,0.003441942,0,0,API,Google,No,No,6.0,63,6.0,Email Opened,India,,Unemployed,Better Career Prospects,No,No,No,No,No,No,No,No,Interested in other courses,,No,No,,03.Low,02.Medium,10.0,15.0,No,No,Email Opened
1815,6283,0,Cold,0.0044731614,0,0,API,Organic Search,Yes,No,2.0,207,2.0,Olark Chat Conversation,United Arab Emirates,,Unemployed,Better Career Prospects,No,No,No,No,No,No,No,No,Interested in other courses,Worst,No,No,,,,,,No,No,Modified
1816,8657,0,Cold,0.0043604234,0,0,Landing Page Submission,Direct Traffic,No,No,1.0,40,1.0,Converted to Lead,India,Human Resource Management,Unemployed,Better Career Prospects,No,No,No,No,No,No,No,No,Graduation in progress,Worst,No,No,Mumbai,03.Low,01.High,11.0,18.0,No,Yes,Modified
1817,3744,0,Cold,0.004215486,0,0,API,Olark Chat,No,No,0.0,0,0.0,Olark Chat Conversation,,,Unemployed,Better Career Prospects,No,No,No,No,No,No,No,No,Graduation in progress,Worst,No,No,,,,,,No,No,Modified
1818,7491,0,Cold,0.0014143148,0,0,API,Olark Chat,No,No,0.0,0,0.0,Olark Chat Conversation,,,Unemployed,Better Career Prospects,No,No,No,No,No,No,No,No,Already a student,Worst,No,No,,01.High,02.Medium,17.0,14.0,No,No,Modified
1819,6190,0,Cold,0.003185783,0,0,API,Olark Chat,No,No,0.0,0,0.0,Olark Chat Conversation,,,Unemployed,Better Career Prospects,No,No,No,No,No,No,No,No,Already a student,Worst,No,No,,,,,,No,No,Olark Chat Conversation
1820,7122,0,Cold,0.0021318356,0,0,Landing Page Submission,Direct Traffic,Yes,No,1.0,258,1.0,Email Bounced,United States,,Unemployed,Better Career Prospects,No,No,No,No,No,No,No,No,Already a student,Worst,No,No,,,,,,No,No,Modified
1821,4617,0,Cold,0.0037601746,0,0,API,Olark Chat,No,No,0.0,0,0.0,Olark Chat Conversation,,,Student,Better Career Prospects,No,No,No,No,No,No,No,No,Already a student,Worst,No,No,,,,,,No,No,Modified
1822,2993,0,Cold,0.004721902,0,0,Landing Page Submission,Direct Traffic,Yes,No,1.0,186,1.0,Email Bounced,India,Finance Management,Unemployed,Better Career Prospects,No,No,No,No,No,No,No,No,Not doing further education,Worst,No,No,Mumbai,02.Medium,01.High,15.0,18.0,No,No,Modified
1823,155,0,Cold,0.0017669575,0,0,Landing Page Submission,Google,No,No,2.0,56,2.0,Email Bounced,India,,Unemployed,Better Career Prospects,No,No,No,No,No,No,No,No,switched off,,No,No,Mumbai,03.Low,02.Medium,12.0,15.0,No,No,Modified
1824,8991,0,Cold,0.004579047,0,0,API,Google,No,No,1.0,349,1.0,Converted to Lead,India,,Unemployed,Better Career Prospects,No,No,No,No,No,No,No,No,Already a student,Worst,No,No,,01.High,02.Medium,16.0,14.0,No,No,Modified
1825,1940,0,Cold,0.004783072,0,0,API,Organic Search,No,No,2.0,471,2.0,Email Opened,India,,Unemployed,Better Career Prospects,No,No,No,No,No,No,No,No,Already a student,Worst,No,No,,01.High,02.Medium,16.0,14.0,No,No,Modified
1826,6339,0,Cold,0.0023468572,0,0,Landing Page Submission,Direct Traffic,Yes,No,1.0,49,1.0,Email Bounced,India,Hospitality Management,Unemployed,Better Career Prospects,No,No,No,No,No,No,No,No,Not doing further education,Worst,No,No,Mumbai,,,,,No,No,Modified
1827,7778,0,Cold,0.004373495,0,0,Landing Page Submission,Google,No,No,2.0,305,2.0,Converted to Lead,India,Marketing Management,Unemployed,Better Career Prospects,No,No,No,No,No,No,No,No,Interested  in full time MBA,Worst,No,No,Mumbai,02.Medium,01.High,14.0,18.0,No,No,Modified
1828,6263,0,Cold,0.0037431582,0,0,Landing Page Submission,Direct Traffic,No,No,2.0,287,2.0,Page Visited on Website,India,Finance Management,Unemployed,Better Career Prospects,No,No,No,No,No,No,No,No,Interested in other courses,Worst,No,No,Mumbai,,,,,No,Yes,Modified
1829,8251,0,Cold,0.004104681,0,0,Landing Page Submission,Direct Traffic,No,No,1.0,438,1.0,Converted to Lead,India,Marketing Management,Unemployed,Other,No,No,No,No,No,No,No,No,Graduation in progress,Worst,No,No,Mumbai,03.Low,01.High,11.0,18.0,No,No,Modified
1830,3102,0,Cold,0.004217848,0,0,Landing Page Submission,Direct Traffic,Yes,No,2.0,305,2.0,SMS Sent,India,Supply Chain Management,Unemployed,Better Career Prospects,No,No,No,No,No,No,No,No,Already a student,Worst,No,No,Other Metro Cities,,,,,No,Yes,Modified
1831,4576,0,Cold,0.0043407003,0,0,Landing Page Submission,Google,No,No,3.0,201,3.0,Email Opened,India,Human Resource Management,Unemployed,Better Career Prospects,No,No,No,No,No,No,No,No,Interested  in full time MBA,Worst,No,No,Mumbai,,,,,No,No,Modified
1832,5156,0,Cold,0.003382915,0,0,Landing Page Submission,Direct Traffic,Yes,No,2.0,122,2.0,Email Bounced,India,Business Administration,Unemployed,Better Career Prospects,No,No,No,No,No,No,No,No,Not doing further education,Worst,No,No,Mumbai,,,,,No,Yes,Modified
1833,8488,0,Cold,0.0048560854,0,0,Landing Page Submission,Direct Traffic,Yes,No,2.0,267,2.0,Email Bounced,India,Human Resource Management,Unemployed,Better Career Prospects,No,No,No,No,No,No,No,No,Not doing further education,Worst,No,No,Mumbai,02.Medium,01.High,15.0,18.0,No,Yes,Modified
1834,3023,0,Cold,0.0037881664,0,0,Landing Page Submission,Direct Traffic,Yes,No,2.0,83,2.0,Unsubscribed,India,Operations Management,,,No,No,No,No,No,No,No,No,Interested in other courses,,No,No,Other Cities,,,,,No,Yes,Modified
1835,6868,0,Cold,0.003903453,0,0,Landing Page Submission,Direct Traffic,No,No,1.0,224,1.0,Converted to Lead,India,Supply Chain Management,Student,Better Career Prospects,No,No,No,No,No,No,No,No,Already a student,Worst,No,No,Mumbai,,,,,No,Yes,Modified
1836,5765,0,Cold,0.0030616291,0,0,Landing Page Submission,Direct Traffic,Yes,No,4.0,281,2.0,Page Visited on Website,India,Finance Management,Unemployed,Better Career Prospects,No,No,No,No,No,No,No,No,number not provided,Worst,No,No,Other Cities of Maharashtra,,,,,No,No,Modified
1837,7366,0,Cold,0.00139434,0,0,API,Olark Chat,No,No,0.0,0,0.0,Olark Chat Conversation,,,Student,Better Career Prospects,No,No,No,No,No,No,No,No,Already a student,Worst,No,No,,01.High,02.Medium,17.0,15.0,No,No,Modified
1838,6285,0,Cold,0.004777197,0,0,API,Google,No,No,3.0,92,3.0,Olark Chat Conversation,India,,Student,Better Career Prospects,No,No,No,No,No,No,No,No,Already a student,Worst,No,No,,,,,,No,No,Modified
1839,7771,0,Cold,0.0037522325,0,0,Landing Page Submission,Google,No,No,2.0,57,2.0,Page Visited on Website,India,Finance Management,Unemployed,Better Career Prospects,No,No,No,No,No,No,No,No,Interested  in full time MBA,Worst,No,No,Mumbai,02.Medium,01.High,14.0,18.0,No,No,Modified
1840,3656,0,Cold,0.0022391032,0,0,Landing Page Submission,Direct Traffic,Yes,No,3.0,280,3.0,Email Bounced,India,IT Projects Management,Unemployed,Better Career Prospects,No,No,No,No,No,No,No,No,Already a student,Worst,No,No,Mumbai,,,,,No,Yes,Modified
1841,9140,0,Cold,0.0025461174,0,0,API,Google,No,No,2.0,114,2.0,Converted to Lead,India,,Unemployed,Better Career Prospects,No,No,No,No,No,No,No,No,Interested  in full time MBA,,No,No,,02.Medium,02.Medium,13.0,16.0,No,No,Modified
1842,7545,0,Cold,0.003589589,0,0,API,Olark Chat,No,No,0.0,0,0.0,Olark Chat Conversation,,,Student,Better Career Prospects,No,No,No,No,No,No,No,No,Already a student,Worst,No,No,,02.Medium,02.Medium,14.0,15.0,No,No,Modified
1843,1852,0,Cold,0.0034100278,0,0,API,Google,No,No,3.0,107,3.0,Email Opened,India,,Unemployed,Better Career Prospects,No,No,No,No,No,No,No,No,Interested in other courses,,No,No,,02.Medium,02.Medium,13.0,15.0,No,No,Modified
1844,5684,0,Cold,0.003531502,0,0,API,Olark Chat,No,No,0.0,0,0.0,Olark Chat Conversation,,,Unemployed,Better Career Prospects,No,No,No,No,No,No,No,No,Already a student,Worst,No,No,,,,,,No,No,Modified
1845,417,0,Cold,0.004961772,0,0,Landing Page Submission,Google,No,No,7.0,109,7.0,Email Opened,India,Marketing Management,Unemployed,Better Career Prospects,No,No,No,No,No,No,No,No,Ringing,Might be,No,No,Mumbai,02.Medium,01.High,13.0,18.0,No,No,Email Opened
1846,7639,0,Cold,0.0044710217,0,0,Landing Page Submission,Direct Traffic,No,No,2.0,231,2.0,Page Visited on Website,India,Human Resource Management,Unemployed,Better Career Prospects,No,No,No,No,No,No,No,No,Already a student,Worst,No,No,Mumbai,01.High,01.High,16.0,18.0,No,Yes,Page Visited on Website
1847,8634,0,Cold,0.00468996,0,0,Landing Page Submission,Organic Search,Yes,No,3.0,146,3.0,Email Bounced,India,International Business,Unemployed,Better Career Prospects,No,No,No,No,No,No,No,No,Already a student,Worst,No,No,Thane & Outskirts,02.Medium,01.High,14.0,19.0,No,Yes,Modified
1848,8311,0,Cold,0.00296698,0,0,Landing Page Submission,Direct Traffic,Yes,No,3.0,118,3.0,Email Bounced,United States,E-COMMERCE,Unemployed,Better Career Prospects,No,No,No,No,No,No,No,No,Not doing further education,Worst,No,No,Mumbai,02.Medium,02.Medium,14.0,15.0,No,No,Modified
